openalex_id,doi,title,publication_year,type,is_oa,oa_status,oa_url,license,pmcid,pmid,epmc_source,in_epmc,is_oa_epmc,has_pdf_epmc,has_fulltext_epmc,pmc_xml_url,best_strategy
https://openalex.org/W2979811825,10.1111/1755-0998.13096,PhyloSuite: An integrated and scalable desktop platform for streamlined molecular sequence data management and evolutionary phylogenetics studies,2019,article,true,bronze,https://onlinelibrary.wiley.com/doi/pdfdirect/10.1111/1755-0998.13096,,,31599058,MED,N,N,N,,,oa_pdf
https://openalex.org/W1998591654,10.1371/currents.tol.53ba26640df0ccaee75bb165c8c26288,The Tree of Life and a New Classification of Bony Fishes,2013,article,true,green,http://europepmc.org/articles/PMC3644299,,PMC3644299,23653398,MED,Y,Y,N,,https://www.ebi.ac.uk/europepmc/webservices/rest/article/PMC3644299/fullTextXML,pmc_xml
https://openalex.org/W2130198181,10.1186/s12983-014-0081-x,FASconCAT-G: extensive functions for multiple sequence alignment preparations concerning phylogenetic studies,2014,article,true,gold,https://frontiersinzoology.biomedcentral.com/track/pdf/10.1186/s12983-014-0081-x,cc-by,PMC4243772,25426157,MED,Y,Y,Y,,https://www.ebi.ac.uk/europepmc/webservices/rest/article/PMC4243772/fullTextXML,pmc_xml
https://openalex.org/W2175367716,10.1016/j.ympev.2015.10.009,"Combining phylogenomic and supermatrix approaches, and a time-calibrated phylogeny for squamate reptiles (lizards and snakes) based on 52 genes and 4162 species",2015,article,false,closed,,,,26475614,MED,N,N,N,,,paywalled
https://openalex.org/W1989350663,10.1371/journal.pone.0049521,Macroevolutionary Dynamics and Historical Biogeography of Primate Diversification Inferred from a Species Supermatrix,2012,article,true,gold,https://journals.plos.org/plosone/article/file?id=10.1371/journal.pone.0049521&type=printable,cc-by,PMC3500307,23166696,MED,Y,Y,Y,,https://www.ebi.ac.uk/europepmc/webservices/rest/article/PMC3500307/fullTextXML,pmc_xml
https://openalex.org/W3132175348,10.1038/s41477-021-00858-5,Enhancing grain-yield-related traits by CRISPR–Cas9 promoter editing of maize CLE genes,2021,article,false,closed,,,,33619356,MED,N,N,N,,,paywalled
https://openalex.org/W2747228247,10.1073/pnas.1620089114,Early photosynthetic eukaryotes inhabited low-salinity habitats,2017,article,true,bronze,https://www.pnas.org/content/pnas/114/37/E7737.full.pdf,,PMC5603991,28808007,MED,Y,N,Y,,,oa_pdf
https://openalex.org/W2063751049,10.1016/j.ympev.2014.02.023,Primate phylogenetic relationships and divergence dates inferred from complete mitochondrial genomes,2014,article,true,green,,,PMC4059600,24583291,MED,Y,N,Y,,,paywalled
https://openalex.org/W2103651180,10.1111/nph.13617,Plastid genomes reveal support for deep phylogenetic relationships and extensive rate variation among palms and other commelinid monocots,2015,article,true,bronze,https://nph.onlinelibrary.wiley.com/doi/pdfdirect/10.1111/nph.13617,,,26350789,MED,N,N,N,,,oa_pdf
https://openalex.org/W2496196939,10.1016/j.ympev.2016.07.029,"Diversification in vipers: Phylogenetic relationships, time of divergence and shifts in speciation rates",2016,article,true,green,http://dx.doi.org/10.1016/j.ympev.2016.07.029,,,27480810,MED,N,N,N,,,oa_pdf
https://openalex.org/W2025274940,10.1093/molbev/msu252,"Investigating the Path of Plastid Genome Degradation in an Early-Transitional Clade of Heterotrophic Orchids, and Implications for Heterotrophic Angiosperms",2014,article,true,bronze,https://academic.oup.com/mbe/article-pdf/31/12/3095/13167614/msu252.pdf,,,25172958,MED,N,N,N,,,oa_pdf
https://openalex.org/W2109293841,10.1111/syen.12138,Phylogeny and classification of <scp>C</scp> ucujoidea and the recognition of a new superfamily <scp>C</scp> occinelloidea ( <scp>C</scp> oleoptera: <scp>C</scp> ucujiformia),2015,article,false,closed,,,,,AGR,N,N,N,,,paywalled
https://openalex.org/W2140513367,10.1371/journal.pone.0130127,"Phylogeny of Dictyoptera: Dating the Origin of Cockroaches, Praying Mantises and Termites with Molecular Data and Controlled Fossil Evidence",2015,article,true,gold,https://journals.plos.org/plosone/article/file?id=10.1371/journal.pone.0130127&type=printable,cc-by,PMC4511787,26200914,MED,Y,Y,Y,,https://www.ebi.ac.uk/europepmc/webservices/rest/article/PMC4511787/fullTextXML,pmc_xml
https://openalex.org/W2790896447,10.1038/s41559-018-0494-6,Explosive diversification of marine fishes at the Cretaceous–Palaeogene boundary,2018,article,false,closed,,,,29531346,MED,N,N,N,,,paywalled
https://openalex.org/W2313896404,10.1038/srep17418,Origin of marine planktonic cyanobacteria,2015,article,true,gold,https://www.nature.com/articles/srep17418.pdf,cc-by,PMC4665016,26621203,MED,Y,Y,Y,,https://www.ebi.ac.uk/europepmc/webservices/rest/article/PMC4665016/fullTextXML,pmc_xml
https://openalex.org/W1978295683,10.1111/j.1365-3113.2010.00536.x,Molecular phylogeny of the Calyptratae (Diptera: Cyclorrhapha) with an emphasis on the superfamily Oestroidea and the position of Mystacinobiidae and McAlpine's fly,2010,article,true,bronze,https://onlinelibrary.wiley.com/doi/pdfdirect/10.1111/j.1365-3113.2010.00536.x,,,,AGR,N,N,N,,,oa_pdf
https://openalex.org/W2069726461,10.1371/journal.pone.0045523,Evolutionary History of Assassin Bugs (Insecta: Hemiptera: Reduviidae): Insights from Divergence Dating and Ancestral State Reconstruction,2012,article,true,gold,https://journals.plos.org/plosone/article/file?id=10.1371/journal.pone.0045523&type=printable,cc-by,PMC3460966,23029072,MED,Y,Y,Y,,https://www.ebi.ac.uk/europepmc/webservices/rest/article/PMC3460966/fullTextXML,pmc_xml
https://openalex.org/W3041128419,10.1007/s13225-020-00448-4,Microfungi associated with Clematis (Ranunculaceae) with an integrated approach to delimiting species boundaries,2020,article,true,hybrid,https://link.springer.com/content/pdf/10.1007/s13225-020-00448-4.pdf,other-oa,,,,,,,,,oa_pdf
https://openalex.org/W2345764476,10.1038/ncomms11461,Plate tectonics drive tropical reef biodiversity dynamics,2016,article,true,gold,https://www.nature.com/articles/ncomms11461.pdf,cc-by,PMC4859061,27151103,MED,Y,Y,Y,,https://www.ebi.ac.uk/europepmc/webservices/rest/article/PMC4859061/fullTextXML,pmc_xml
https://openalex.org/W2135630507,10.3732/ajb.1200256,The plastid genome of the mycoheterotrophic <i>Corallorhiza striata</i> (Orchidaceae) is in the relatively early stages of degradation,2012,article,false,closed,,,,22935364,MED,N,N,N,,,paywalled
https://openalex.org/W4220930654,10.1007/s13225-022-00501-4,The numbers of fungi: are the most speciose genera truly diverse?,2022,article,false,closed,,,,,,,,,,,paywalled
https://openalex.org/W4293240523,10.1007/s13225-022-00502-3,The numbers of fungi: contributions from traditional taxonomic studies and challenges of metabarcoding,2022,article,true,hybrid,https://link.springer.com/content/pdf/10.1007/s13225-022-00502-3.pdf,cc-by,,,,,,,,,oa_pdf
https://openalex.org/W2954952535,10.1016/j.ympev.2019.106540,Phylogenomics of Orchidaceae based on plastid and mitochondrial genomes,2019,article,false,closed,,,,31252068,MED,N,N,N,,,paywalled
https://openalex.org/W2077397890,10.1016/j.ympev.2013.04.016,"Diversification of the Yellow-shouldered bats, Genus Sturnira (Chiroptera, Phyllostomidae), in the New World tropics",2013,article,true,green,https://zotero.org/groups/5435545/items/P67UAW8J,,,23632030,MED,N,N,N,,,oa_pdf
https://openalex.org/W2554047120,10.1016/j.ympev.2016.11.003,A family-level Tree of Life for bivalves based on a Sanger-sequencing approach,2016,article,true,bronze,https://www.sciencedirect.com/science/article/am/pii/S1055790316303104?via%3Dihub,,,27840226,MED,N,N,N,,,oa_pdf
https://openalex.org/W2148110861,10.1111/jipb.12095,Phylogeny and Classification of <i>Prunus sensu lato</i> (<scp>R</scp>osaceae),2013,article,false,closed,,,,23945216,MED,N,N,N,,,paywalled
https://openalex.org/W3026099606,10.1016/j.simyco.2020.05.001,The phoma-like dilemma,2020,article,true,green,https://pure.knaw.nl/portal/en/publications/293efed4-3d9d-44dd-b94e-9372ddf358a6,,PMC7452269,32904212,MED,Y,Y,Y,,https://www.ebi.ac.uk/europepmc/webservices/rest/article/PMC7452269/fullTextXML,pmc_xml
https://openalex.org/W2530115516,10.3897/phytokeys.71.9203,A new generic system for the pantropical Caesalpinia group (Leguminosae),2016,article,true,gold,https://doi.org/10.3897/phytokeys.71.9203,cc-by,PMC5558824,28814915,MED,Y,Y,Y,,https://www.ebi.ac.uk/europepmc/webservices/rest/article/PMC5558824/fullTextXML,pmc_xml
https://openalex.org/W3158088859,10.1038/s41467-021-22762-4,Reductive evolution and unique predatory mode in the CPR bacterium Vampirococcus lugosii,2021,article,true,gold,https://www.nature.com/articles/s41467-021-22762-4.pdf,cc-by,PMC8080830,33911080,MED,Y,Y,Y,,https://www.ebi.ac.uk/europepmc/webservices/rest/article/PMC8080830/fullTextXML,pmc_xml
https://openalex.org/W2549149332,10.1371/journal.pone.0165702,Mitochondrial Genome Sequences and Structures Aid in the Resolution of Piroplasmida phylogeny,2016,article,true,gold,https://journals.plos.org/plosone/article/file?id=10.1371/journal.pone.0165702&type=printable,cc-by,PMC5104439,27832128,MED,Y,Y,Y,,https://www.ebi.ac.uk/europepmc/webservices/rest/article/PMC5104439/fullTextXML,pmc_xml
https://openalex.org/W2944926139,10.1038/s41467-019-10244-7,Increasing species sampling in chelicerate genomic-scale datasets provides support for monophyly of Acari and Arachnida,2019,article,true,gold,https://www.nature.com/articles/s41467-019-10244-7.pdf,cc-by,PMC6534568,31127117,MED,Y,Y,Y,,https://www.ebi.ac.uk/europepmc/webservices/rest/article/PMC6534568/fullTextXML,pmc_xml
https://openalex.org/W2886082540,10.1007/s13225-018-0405-9,"The family Amanitaceae: molecular phylogeny, higher-rank taxonomy and the species in China",2018,article,false,closed,,,,,,,,,,,paywalled
https://openalex.org/W2561368522,10.1093/molbev/msw253,"Mitochondrial Phylogenomics Resolves the Global Spread of Higher Termites, Ecosystem Engineers of the Tropics",2016,article,true,bronze,https://academic.oup.com/mbe/article-pdf/34/3/589/10821677/msw253.pdf,,,28025274,MED,N,N,N,,,oa_pdf
https://openalex.org/W2794209926,10.1111/cla.12233,Revisiting habitat and lifestyle transitions in Heteroptera (Insecta: Hemiptera): insights from a combined morphological and molecular phylogeny,2018,article,true,bronze,https://onlinelibrary.wiley.com/doi/pdfdirect/10.1111/cla.12233,,,34622978,MED,N,N,N,,,oa_pdf
https://openalex.org/W2587328382,10.1111/myc.12601,Novel taxa of thermally dimorphic systemic pathogens in the <i>Ajellomycetaceae</i> (<i>Onygenales</i>),2017,article,true,green,https://repository.urosario.edu.co/handle/10336/22634,,PMC5775888,28176377,MED,Y,N,Y,,,oa_pdf
https://openalex.org/W2991654143,10.1016/j.ympev.2019.106694,Optimal markers for the identification of Colletotrichum species,2019,article,true,green,https://repository.lsu.edu/biosci_pubs/4186,,,31786239,MED,N,N,N,,,oa_pdf
https://openalex.org/W2611219129,10.3389/fpls.2017.00715,The Complete Plastome Sequences of Four Orchid Species: Insights into the Evolution of the Orchidaceae and the Utility of Plastomic Mutational Hotspots,2017,article,true,gold,https://www.frontiersin.org/articles/10.3389/fpls.2017.00715/pdf,cc-by,PMC5413554,28515737,MED,Y,Y,Y,,https://www.ebi.ac.uk/europepmc/webservices/rest/article/PMC5413554/fullTextXML,pmc_xml
https://openalex.org/W2806550479,10.1105/tpc.18.00231,Sorbitol Modulates Resistance to <i>Alternaria alternata</i> by Regulating the Expression of an <i>NLR</i> Resistance Gene in Apple,2018,article,true,green,https://www.ncbi.nlm.nih.gov/pmc/articles/6096587,,,29871985,MED,N,N,N,,,oa_pdf
https://openalex.org/W2078841998,10.1111/cla.12118,"The impact of anchored phylogenomics and taxon sampling on phylogenetic inference in narrow‐mouthed frogs (Anura, Microhylidae)",2015,article,true,bronze,https://onlinelibrary.wiley.com/doi/pdfdirect/10.1111/cla.12118,,,34732021,MED,N,N,N,,,oa_pdf
https://openalex.org/W2012994504,10.1007/s13225-013-0247-4,The ApMat marker can resolve Colletotrichum species: a case study with Mangifera indica,2013,article,false,closed,,,,,,,,,,,paywalled
https://openalex.org/W2134275979,10.1016/j.ympev.2011.03.025,Pleistocene diversification of living squirrel monkeys (Saimiri spp.) inferred from complete mitochondrial genome sequences,2011,article,false,closed,,,,21443955,MED,N,N,N,,,paywalled
https://openalex.org/W2137995350,10.1371/journal.pone.0024851,Towards Resolving the Complete Fern Tree of Life,2011,article,true,gold,https://journals.plos.org/plosone/article/file?id=10.1371/journal.pone.0024851&type=printable,cc-by,PMC3192703,22022365,MED,Y,Y,Y,,https://www.ebi.ac.uk/europepmc/webservices/rest/article/PMC3192703/fullTextXML,pmc_xml
https://openalex.org/W2951124785,10.7554/elife.42535,An updated phylogeny of the Alphaproteobacteria reveals that the parasitic Rickettsiales and Holosporales have independent origins,2019,article,true,gold,https://doi.org/10.7554/elife.42535,cc-by,PMC6447387,30789345,MED,Y,Y,Y,,https://www.ebi.ac.uk/europepmc/webservices/rest/article/PMC6447387/fullTextXML,pmc_xml
https://openalex.org/W3079209156,10.1111/syen.12447,Higher‐level phylogeny of longhorn beetles (Coleoptera: Chrysomeloidea) inferred from mitochondrial genomes,2020,article,false,closed,,,,,AGR,N,N,N,,,paywalled
https://openalex.org/W3124071923,10.1126/sciadv.abd5725,Spatial patterns and conservation of genetic and phylogenetic diversity of wildlife in China,2021,article,true,gold,https://doi.org/10.1126/sciadv.abd5725,cc-by-nc,PMC10671236,33523945,MED,Y,Y,Y,,https://www.ebi.ac.uk/europepmc/webservices/rest/article/PMC10671236/fullTextXML,pmc_xml
https://openalex.org/W2095646489,10.1093/aob/mct264,Resolving ancient radiations: can complete plastid gene sets elucidate deep relationships among the tropical gingers (Zingiberales)?,2013,article,true,bronze,https://academic.oup.com/aob/article-pdf/113/1/119/17010669/mct264.pdf,,PMC3864734,24280362,MED,Y,N,Y,,,oa_pdf
https://openalex.org/W2473940145,10.1093/gbe/evw144,Lineage-Specific Reductions of Plastid Genomes in an Orchid Tribe with Partially and Fully Mycoheterotrophic Species,2016,article,true,gold,https://academic.oup.com/gbe/article-pdf/8/7/2164/17925606/evw144.pdf,,PMC4987110,27412609,MED,Y,Y,Y,,https://www.ebi.ac.uk/europepmc/webservices/rest/article/PMC4987110/fullTextXML,pmc_xml
https://openalex.org/W2946279426,10.1093/sysbio/syz034,Statistical Comparison of Trait-Dependent Biogeographical Models Indicates That Podocarpaceae Dispersal Is Influenced by Both Seed Cone Traits and Geographical Distance,2019,article,true,bronze,https://academic.oup.com/sysbio/article-pdf/69/1/61/31455736/syz034.pdf,,,31099388,MED,N,N,N,,,oa_pdf
https://openalex.org/W2939116771,10.1071/sb18015,"A dated molecular perspective of eucalypt taxonomy, evolution and diversification",2019,article,true,green,https://zenodo.org/record/2677889,,,,AGR,N,N,N,,,oa_pdf
https://openalex.org/W2955673773,10.1093/gbe/evz097,Pancrustacean Evolution Illuminated by Taxon-Rich Genomic-Scale Data Sets with an Expanded Remipede Sampling,2019,article,true,gold,https://watermark.silverchair.com/evz097.pdf?token=AQECAHi208BE49Ooan9kkhW_Ercy7Dm3ZL_9Cf3qfKAc485ysgAAAp0wggKZBgkqhkiG9w0BBwagggKKMIIChgIBADCCAn8GCSqGSIb3DQEHATAeBglghkgBZQMEAS4wEQQM0YSEwkP4FAYWf509AgEQgIICUIBb0slD4f1c_4PYX9FvhAeT1W_Rnak-ZU1lek52faZqcG-RipbKrrg2mGjnP5LMVJI7uBv46VKbmlw_58UJIt6oigNII7q4XeXQ43r3toE-WWrqfkYFCcLAmtabtPVeuyRAVSELjdhlLD3GKRFDK81RZQVFzMpjv6KtDKCC7-jte79_L6BD9GyCDxHAPLQFMrdw6EJtmjhxJjCGeW_yeWkOqmNSDVdC5UfCma_4fwRm8ggQ7s2_zG_mdRm7IPSfJA5s39rrYP6qXzsAtrYcw-C-Mc3rIdjTIL9Fe-f0PE49ivJfOLSsP36FvzhjjVsGE9MYT6EiDXheR963fGKYiXz-exq1G71gZjOft7fxn-AtrohBxzqZn4EUttPInDwGoY6_070Y7GwUsui-0wDORAPD1Ns8sfCk0sScwICGxDbQ0piYJnbxrsKz33Jflxjy8oBX09xoRKD_JlUpJ_AAdg92-TKy1657TUIDDpBE4H-Ugy-5OT2QftizbE7H66RxnpBOCMBpikNCs25x6kzKYq3gwSTaNrtUN-J0DOMtvjeViyIxoyeK7WV9IYvzrEg-AbhXXbK0rowXlRT3bUSbei1CQMfFsjwH1OgtKd5A0D_afWTPIomwC2FbPTfT1oSRpczt51YFut0mV0ISNyT0ApZxF41nu3h5fWN48kpeVWbbIyX6EZ3fTceY6rQF9zOPg56vdRyjkv5pMaAnhXvRU_QwD92VQuE9lR1e715vMyBrOV0XVaSpCpS-llRaxTyxCFA65b7v8MGpnFt2Ye019SE,cc-by,PMC6684935,31270537,MED,Y,Y,Y,,https://www.ebi.ac.uk/europepmc/webservices/rest/article/PMC6684935/fullTextXML,pmc_xml
https://openalex.org/W2136436332,10.1111/j.1096-0031.2012.00418.x,Plastid genomes and deep relationships among the commelinid monocot angiosperms,2012,article,true,bronze,https://onlinelibrary.wiley.com/doi/pdfdirect/10.1111/j.1096-0031.2012.00418.x,,,34814372,MED,N,N,N,,,oa_pdf
https://openalex.org/W2293057964,10.1111/1462-2920.13283,"<i>Candidatus</i> Desulfofervidus auxilii, a hydrogenotrophic sulfate‐reducing bacterium involved in the thermophilic anaerobic oxidation of methane",2016,article,true,hybrid,https://doi.org/10.1111/1462-2920.13283,cc-by-nc-nd,,26971539,MED,N,N,N,,,oa_pdf
https://openalex.org/W2026026966,10.1007/s13225-014-0312-7,Resolving the Colletotrichum siamense species complex using ApMat marker,2014,article,false,closed,,,,,,,,,,,paywalled
https://openalex.org/W2146574773,10.1093/gbe/evu046,Predominant and Substoichiometric Isomers of the Plastid Genome Coexist within Juniperus Plants and Have Shifted Multiple Times during Cupressophyte Evolution,2014,article,true,gold,https://academic.oup.com/gbe/article-pdf/6/3/580/17921725/evu046.pdf,cc-by-nc,PMC3971597,24586030,MED,Y,Y,Y,,https://www.ebi.ac.uk/europepmc/webservices/rest/article/PMC3971597/fullTextXML,pmc_xml
https://openalex.org/W2923120344,10.1093/gbe/evz063,Evolution and Diversification of Kiwifruit Mitogenomes through Extensive Whole-Genome Rearrangement and Mosaic Loss of Intergenic Sequences in a Highly Variable Region,2019,article,true,gold,https://academic.oup.com/gbe/article-pdf/11/4/1192/28523895/evz063.pdf,cc-by-nc,PMC6482417,30895302,MED,Y,Y,Y,,https://www.ebi.ac.uk/europepmc/webservices/rest/article/PMC6482417/fullTextXML,pmc_xml
https://openalex.org/W1531615237,10.1111/cla.12114,"Laying the foundations of evolutionary and systematic studies in crickets (Insecta, Orthoptera): a multilocus phylogenetic analysis",2015,article,true,bronze,https://onlinelibrary.wiley.com/doi/pdfdirect/10.1111/cla.12114,,,34732023,MED,N,N,N,,,oa_pdf
https://openalex.org/W3038470651,10.1038/s41598-020-66761-9,Identification and characterization of Colletotrichum species causing apple bitter rot in New York and description of C. noveboracense sp. nov.,2020,article,true,gold,https://www.nature.com/articles/s41598-020-66761-9.pdf,cc-by,PMC7338416,32632221,MED,Y,Y,Y,,https://www.ebi.ac.uk/europepmc/webservices/rest/article/PMC7338416/fullTextXML,pmc_xml
https://openalex.org/W3087865437,10.1007/s13225-020-00455-5,Resolving the Mortierellaceae phylogeny through synthesis of multi-gene phylogenetics and phylogenomics,2020,article,true,bronze,https://link.springer.com/content/pdf/10.1007/s13225-020-00455-5.pdf,,PMC7751987,33364917,MED,Y,N,Y,,,oa_pdf
https://openalex.org/W2903715362,10.3389/fevo.2018.00216,Evolution of Oviposition Techniques in Stick and Leaf Insects (Phasmatodea),2018,article,true,gold,https://doi.org/10.3389/fevo.2018.00216,cc-by,,,,,,,,,oa_pdf
https://openalex.org/W3012720215,10.1007/s13225-020-00440-y,Taxonomy and phylogeny of hyaline-spored coelomycetes,2020,article,false,closed,,,,,,,,,,,paywalled
https://openalex.org/W4206320337,10.1038/s41559-021-01638-2,Site-and-branch-heterogeneous analyses of an expanded dataset favour mitochondria as sister to known Alphaproteobacteria,2022,article,true,green,https://hal.science/hal-03796671,,,35027725,MED,N,N,N,,,oa_pdf
https://openalex.org/W2614262563,10.1016/j.cub.2017.04.054,The New Red Algal Subphylum Proteorhodophytina Comprises the Largest and Most Divergent Plastid Genomes Known,2017,article,true,bronze,http://www.cell.com/article/S0960982217304992/pdf,,,28528908,MED,N,N,N,,,oa_pdf
https://openalex.org/W2981667077,10.1016/j.ympev.2019.106664,The late blooming amphipods: Global change promoted post-Jurassic ecological radiation despite Palaeozoic origin,2019,article,false,closed,,,,31669816,MED,N,N,N,,,paywalled
https://openalex.org/W2167326032,10.1186/1471-2148-13-8,"Complete plastid genomes from Ophioglossum californicum, Psilotum nudum, and Equisetum hyemale reveal an ancestral land plant genome structure and resolve the position of Equisetales among monilophytes",2013,article,true,gold,https://bmcecolevol.biomedcentral.com/counter/pdf/10.1186/1471-2148-13-8,cc-by,PMC3553075,23311954,MED,Y,Y,Y,,https://www.ebi.ac.uk/europepmc/webservices/rest/article/PMC3553075/fullTextXML,pmc_xml
https://openalex.org/W2971441603,10.1111/syen.12387,The phylogeny of leaf beetles (Chrysomelidae) inferred from mitochondrial genomes,2019,article,true,green,http://hdl.handle.net/10261/193180,,,,AGR,N,N,N,,,oa_pdf
https://openalex.org/W2519658587,10.1186/s12862-016-0764-3,The biodiversity hotspot as evolutionary hot-bed: spectacular radiation of Erica in the Cape Floristic Region,2016,article,true,gold,https://bmcevolbiol.biomedcentral.com/track/pdf/10.1186/s12862-016-0764-3,cc-by,PMC5027107,27639849,MED,Y,Y,Y,,https://www.ebi.ac.uk/europepmc/webservices/rest/article/PMC5027107/fullTextXML,pmc_xml
https://openalex.org/W3001081943,10.1016/j.ympev.2020.106734,Evolutionary rates of and selective constraints on the mitochondrial genomes of Orthoptera insects with different wing types,2020,article,false,closed,,,,31972240,MED,N,N,N,,,paywalled
https://openalex.org/W2031971139,10.1016/j.meegid.2012.04.013,"TcBat a bat-exclusive lineage of Trypanosoma cruzi in the Panama Canal Zone, with comments on its classification and the use of the 18S rRNA gene for lineage identification",2012,article,false,closed,,,,22543008,MED,N,N,N,,,paywalled
https://openalex.org/W2106697411,10.1111/jpy.12288,Multi‐gene phylogenetic analyses of New Zealand coralline algae: <i>Corallinapetra Novaezelandiae</i> gen. et sp. nov. and recognition of the Hapalidiales ord. nov.,2015,article,false,closed,,,,26986662,MED,N,N,N,,,paywalled
https://openalex.org/W2998988705,10.1038/s41598-020-57705-4,Rearrangement and evolution of mitochondrial genomes in Thysanoptera (Insecta),2020,article,true,gold,https://www.nature.com/articles/s41598-020-57705-4.pdf,cc-by,PMC6971079,31959910,MED,Y,Y,Y,,https://www.ebi.ac.uk/europepmc/webservices/rest/article/PMC6971079/fullTextXML,pmc_xml
https://openalex.org/W3029708125,10.3389/fmicb.2020.00933,"Fungal Diversity in the Neptune Forest: Comparison of the Mycobiota of Posidonia oceanica, Flabellia petiolata, and Padina pavonica",2020,article,true,gold,https://www.frontiersin.org/articles/10.3389/fmicb.2020.00933/pdf,cc-by,PMC7265640,32528431,MED,Y,Y,Y,,https://www.ebi.ac.uk/europepmc/webservices/rest/article/PMC7265640/fullTextXML,pmc_xml
https://openalex.org/W2744465203,10.1038/s41598-017-07977-0,Complete mitochondrial genomes of Anopheles stephensi and An. dirus and comparative evolutionary mitochondriomics of 50 mosquitoes,2017,article,true,gold,https://doi.org/10.1038/s41598-017-07977-0,cc-by,PMC5550476,28794438,MED,Y,Y,Y,,https://www.ebi.ac.uk/europepmc/webservices/rest/article/PMC5550476/fullTextXML,pmc_xml
https://openalex.org/W2796037886,10.1016/j.ympev.2018.04.002,"Phylogeny, evolution and mitochondrial gene order rearrangement in scale worms (Aphroditiformia, Annelida)",2018,article,false,closed,,,,29625228,MED,N,N,N,,,paywalled
https://openalex.org/W2883729471,10.1093/isd/ixy008,"Evolution, Diversification, and Biogeography of Grasshoppers (Orthoptera: Acrididae)",2018,article,true,bronze,https://academic.oup.com/isd/article-pdf/2/4/3/25152662/ixy008.pdf,,,,,,,,,,oa_pdf
https://openalex.org/W2162452104,10.1016/j.ympev.2015.10.006,Phylogenetic placement of enigmatic percomorph families (Teleostei: Percomorphaceae),2015,article,false,closed,,,,26493227,MED,N,N,N,,,paywalled
https://openalex.org/W2565745748,10.1038/nclimate3183,Impacts of changing rainfall regime on the demography of tropical birds,2016,article,false,closed,,,,,,,,,,,paywalled
https://openalex.org/W2923086073,10.1111/1462-2920.14602,Diversity of the <i>Fusarium</i> pathogens associated with crown rot in the Huanghuai wheat‐growing region of China,2019,article,false,closed,,,,30897256,MED,N,N,N,,,paywalled
https://openalex.org/W4220789952,10.1038/s41477-022-01102-4,Phylogenomics of the genus Glycine sheds light on polyploid evolution and life-strategy transition,2022,article,false,closed,,,,35288665,MED,N,N,N,,,paywalled
https://openalex.org/W2312343282,10.1038/srep18075,"Towards a phylogenetic classification of Leptothecata (Cnidaria, Hydrozoa)",2016,article,true,gold,https://www.nature.com/articles/srep18075.pdf,cc-by,PMC4731775,26821567,MED,Y,Y,Y,,https://www.ebi.ac.uk/europepmc/webservices/rest/article/PMC4731775/fullTextXML,pmc_xml
https://openalex.org/W2069142875,10.1080/03235408.2013.833749,<i>Colletotrichum fructicola</i>and<i>C. siamense</i>are involved in chilli anthracnose in India,2013,article,false,closed,,,,,,,,,,,paywalled
https://openalex.org/W2180283144,10.1111/1755-0998.12489,Establishing a community‐wide<scp>DNA</scp>barcode library as a new tool for arctic research,2015,article,false,closed,,,,26602739,MED,N,N,N,,,paywalled
https://openalex.org/W2610260507,10.1111/cla.12196,The phylogeny of Galerucinae (Coleoptera: Chrysomelidae) and the performance of mitochondrial genomes in phylogenetic inference compared to nuclear<scp>rRNA</scp>genes,2017,article,true,bronze,https://onlinelibrary.wiley.com/doi/pdfdirect/10.1111/cla.12196,,,34645082,MED,N,N,N,,,oa_pdf
https://openalex.org/W1596066831,10.3389/fpls.2015.00447,The complete chloroplast genome sequence of the relict woody plant Metasequoia glyptostroboides Hu et Cheng,2015,article,true,gold,https://www.frontiersin.org/articles/10.3389/fpls.2015.00447/pdf,cc-by,PMC4468836,26136762,MED,Y,Y,Y,,https://www.ebi.ac.uk/europepmc/webservices/rest/article/PMC4468836/fullTextXML,pmc_xml
https://openalex.org/W2920922131,10.1016/j.dsr.2019.03.001,"A new species of deep-sea mussel (Bivalvia: Mytilidae: Gigantidas) from the South China Sea: Morphology, phylogenetic position, and gill-associated microbes",2019,article,false,closed,,,,,,,,,,,paywalled
https://openalex.org/W2613339809,10.1038/s41598-017-02252-8,Comparative analysis of Dendrobium plastomes and utility of plastomic mutational hotspots,2017,article,true,gold,https://www.nature.com/articles/s41598-017-02252-8.pdf,cc-by,PMC5437043,28522861,MED,Y,Y,Y,,https://www.ebi.ac.uk/europepmc/webservices/rest/article/PMC5437043/fullTextXML,pmc_xml
https://openalex.org/W2594736591,10.1600/036364417x694593,"A New Species of Cotton from Wake Atoll, <i>Gossypium stephensii</i> (Malvaceae)",2017,article,false,closed,,,,,AGR,N,N,N,,,paywalled
https://openalex.org/W2790180824,10.3389/fpls.2017.02270,Domestication Origin and Breeding History of the Tea Plant (Camellia sinensis) in China and India Based on Nuclear Microsatellites and cpDNA Sequence Data,2018,article,true,gold,https://doi.org/10.3389/fpls.2017.02270,cc-by,PMC5788969,29422908,MED,Y,Y,Y,,https://www.ebi.ac.uk/europepmc/webservices/rest/article/PMC5788969/fullTextXML,pmc_xml
https://openalex.org/W2031713640,10.1186/1472-6785-12-25,"Identification of the vascular plants of Churchill, Manitoba, using a DNA barcode library",2012,article,true,gold,https://bmcecol.biomedcentral.com/counter/pdf/10.1186/1472-6785-12-25,cc-by,PMC3538695,23190419,MED,Y,Y,Y,,https://www.ebi.ac.uk/europepmc/webservices/rest/article/PMC3538695/fullTextXML,pmc_xml
https://openalex.org/W2319971644,10.1098/rspb.2016.0179,"Oceanic dispersal, vicariance and human introduction shaped the modern distribution of the termites<i>Reticulitermes</i>,<i>Heterotermes</i>and<i>Coptotermes</i>",2016,article,true,bronze,https://royalsocietypublishing.org/doi/pdf/10.1098/rspb.2016.0179,,PMC4822470,27030416,MED,Y,N,Y,,,oa_pdf
https://openalex.org/W2418348238,10.1038/srep26486,Multiple host switching events shape the evolution of symbiotic palaemonid shrimps (Crustacea: Decapoda),2016,article,true,gold,https://www.nature.com/articles/srep26486.pdf,cc-by,PMC4887867,27246395,MED,Y,Y,Y,,https://www.ebi.ac.uk/europepmc/webservices/rest/article/PMC4887867/fullTextXML,pmc_xml
https://openalex.org/W2536837901,10.1111/zoj.12494,Unmasking<i>Aurelia</i>species in the Mediterranean Sea: an integrative morphometric and molecular approach,2016,article,false,closed,,,,,,,,,,,paywalled
https://openalex.org/W2749951673,10.1038/s41598-017-06656-4,RETRACTED ARTICLE: Molecular Phylogeny and Revision of Copepod Orders (Crustacea: Copepoda),2017,article,true,gold,https://www.nature.com/articles/s41598-017-06656-4.pdf,cc-by,PMC5567239,28831035,MED,Y,Y,Y,,https://www.ebi.ac.uk/europepmc/webservices/rest/article/PMC5567239/fullTextXML,pmc_xml
https://openalex.org/W2811271791,10.1007/s12229-018-9202-0,"Phylogeny and Systematics of Cyperaceae, the Evolution and Importance of Embryo Morphology",2018,article,false,closed,,,,,,,,,,,paywalled
https://openalex.org/W3134592205,10.1038/s41598-021-84111-1,New species and records of Trichoderma isolated as mycoparasites and endophytes from cultivated and wild coffee in Africa,2021,article,true,gold,https://www.nature.com/articles/s41598-021-84111-1.pdf,cc-by,PMC7952591,33707461,MED,Y,Y,Y,,https://www.ebi.ac.uk/europepmc/webservices/rest/article/PMC7952591/fullTextXML,pmc_xml
https://openalex.org/W2131327045,10.1111/bij.12236,"Inclusive taxon sampling suggests a single, stepwise origin of ectolecithality in Platyhelminthes",2014,article,true,bronze,https://academic.oup.com/biolinnean/article-pdf/111/3/570/16718579/bij12236.pdf,,,,AGR,N,N,N,,,oa_pdf
https://openalex.org/W2886890139,10.1371/journal.pone.0200773,Molecular characterization of Treponema pallidum subsp. pallidum in Switzerland and France with a new multilocus sequence typing scheme,2018,article,true,gold,https://journals.plos.org/plosone/article/file?id=10.1371/journal.pone.0200773&type=printable,cc-by,PMC6066202,30059541,MED,Y,Y,Y,,https://www.ebi.ac.uk/europepmc/webservices/rest/article/PMC6066202/fullTextXML,pmc_xml
https://openalex.org/W2914293878,10.3389/fmicb.2019.00045,Insights Into the Evolution of Picocyanobacteria and Phycoerythrin Genes (mpeBA and cpeBA),2019,article,true,gold,https://doi.org/10.3389/fmicb.2019.00045,cc-by,PMC6363710,30761097,MED,Y,Y,Y,,https://www.ebi.ac.uk/europepmc/webservices/rest/article/PMC6363710/fullTextXML,pmc_xml
https://openalex.org/W3015292474,10.1163/15685381-bja10007,Evaluating taxonomic inflation: towards evidence-based species delimitation in Eurasian vipers (Serpentes: Viperinae),2020,article,true,hybrid,https://brill.com/downloadpdf/journals/amre/41/3/article-p285_1.pdf,cc-by,,,,,,,,,oa_pdf
https://openalex.org/W4360876069,10.1007/s13225-023-00514-7,Freshwater fungi from karst landscapes in China and Thailand,2023,article,false,closed,,,,,,,,,,,paywalled
https://openalex.org/W2061308502,10.1186/s12862-014-0245-5,Hybridisation and diversification in the adaptive radiation of clownfishes,2014,article,true,gold,https://bmcecolevol.biomedcentral.com/counter/pdf/10.1186/s12862-014-0245-5,cc-by,PMC4264551,25433367,MED,Y,Y,Y,,https://www.ebi.ac.uk/europepmc/webservices/rest/article/PMC4264551/fullTextXML,pmc_xml
https://openalex.org/W2913903133,10.1002/ece3.4875,"DNA barcoding of flowering plants in Sumatra, Indonesia",2019,article,true,gold,https://onlinelibrary.wiley.com/doi/pdfdirect/10.1002/ece3.4875,cc-by,PMC6392390,30847077,MED,Y,Y,Y,,https://www.ebi.ac.uk/europepmc/webservices/rest/article/PMC6392390/fullTextXML,pmc_xml
https://openalex.org/W3000874736,10.1016/j.ijbiomac.2020.01.249,Evolutionary insights into bot flies (Insecta: Diptera: Oestridae) from comparative analysis of the mitochondrial genomes,2020,article,false,closed,,,,31991213,MED,N,N,N,,,paywalled
https://openalex.org/W3088441656,10.1093/sysbio/syaa075,Phylogenomics of Parasitic and Nonparasitic Lice (Insecta: Psocodea): Combining Sequence Data and Exploring Compositional Bias Solutions in Next Generation Data Sets,2020,article,true,bronze,https://academic.oup.com/sysbio/article-pdf/70/4/719/38664041/syaa075.pdf,,,32979270,MED,N,N,N,,,oa_pdf
https://openalex.org/W2005183309,10.1371/journal.pntd.0003256,Hidden Population Structure and Cross-species Transmission of Whipworms (Trichuris sp.) in Humans and Non-human Primates in Uganda,2014,article,true,gold,https://journals.plos.org/plosntds/article/file?id=10.1371/journal.pntd.0003256&type=printable,cc-by,PMC4207677,25340752,MED,Y,Y,Y,,https://www.ebi.ac.uk/europepmc/webservices/rest/article/PMC4207677/fullTextXML,pmc_xml
https://openalex.org/W2799570110,10.3767/persoonia.2018.41.05,Multi-locus phylogeny and taxonomy of<i>Exserohilum</i>,2018,article,true,hybrid,https://doi.org/10.3767/persoonia.2018.41.05,cc-by-nc-nd,PMC6344813,30728600,MED,Y,Y,Y,,https://www.ebi.ac.uk/europepmc/webservices/rest/article/PMC6344813/fullTextXML,pmc_xml
https://openalex.org/W3001219102,10.1016/j.apsb.2020.01.012,The large single-copy (LSC) region functions as a highly effective and efficient molecular marker for accurate authentication of medicinal Dendrobium species,2020,article,true,diamond,https://doi.org/10.1016/j.apsb.2020.01.012,cc-by-nc-nd,PMC7606094,33163349,MED,Y,Y,Y,,https://www.ebi.ac.uk/europepmc/webservices/rest/article/PMC7606094/fullTextXML,pmc_xml
https://openalex.org/W2113188331,10.1093/molbev/msu262,Testing the Role of Genetic Background in Parallel Evolution Using the Comparative Experimental Evolution of Antibiotic Resistance,2014,article,true,hybrid,https://academic.oup.com/mbe/article-pdf/31/12/3314/13171063/msu262.pdf,other-oa,PMC4245821,25228081,MED,Y,Y,Y,,https://www.ebi.ac.uk/europepmc/webservices/rest/article/PMC4245821/fullTextXML,pmc_xml
https://openalex.org/W2166537778,10.1111/zsc.12008,"A phylogenetic appraisal of Sigmodontinae (Rodentia, <scp>C</scp>ricetidae) with emphasis on phyllotine genera: systematics and biogeography",2013,article,true,bronze,https://onlinelibrary.wiley.com/doi/pdfdirect/10.1111/zsc.12008,,,,,,,,,,oa_pdf
https://openalex.org/W3082545525,10.1016/j.gene.2020.145103,Plastome evolution and phylogenetic relationships among Malvaceae subfamilies,2020,article,false,closed,,,,32889057,MED,N,N,N,,,paywalled
https://openalex.org/W1965013210,10.1371/journal.pone.0084352,The Complete Maternally and Paternally Inherited Mitochondrial Genomes of the Endangered Freshwater Mussel Solenaia carinatus (Bivalvia: Unionidae) and Implications for Unionidae Taxonomy,2013,article,true,gold,https://journals.plos.org/plosone/article/file?id=10.1371/journal.pone.0084352&type=printable,cc-by,PMC3866145,24358356,MED,Y,Y,Y,,https://www.ebi.ac.uk/europepmc/webservices/rest/article/PMC3866145/fullTextXML,pmc_xml
https://openalex.org/W2786429383,10.1206/3891.1,"A Revision of<i>Philander</i>(Marsupialia: Didelphidae), Part 1:<i>P. quica</i>,<i>P. canus</i>, and a New Species from Amazonia",2018,article,true,green,https://www.biodiversitylibrary.org/bibliography/156721,,,,,,,,,,oa_pdf
https://openalex.org/W2924994070,10.1111/syen.12356,Evolutionary history of stomach bot flies in the light of mitogenomics,2019,article,true,bronze,https://onlinelibrary.wiley.com/doi/pdfdirect/10.1111/syen.12356,,,,AGR,N,N,N,,,oa_pdf
https://openalex.org/W2529227846,10.1186/s12862-016-0771-4,Arginine deiminase pathway enzymes: evolutionary history in metamonads and other eukaryotes,2016,article,true,gold,https://bmcevolbiol.biomedcentral.com/track/pdf/10.1186/s12862-016-0771-4,cc-by,PMC5052871,27716026,MED,Y,Y,Y,,https://www.ebi.ac.uk/europepmc/webservices/rest/article/PMC5052871/fullTextXML,pmc_xml
https://openalex.org/W3021871669,10.1007/s10658-020-01983-1,Diversity and pathogenicity of Lasiodiplodia and Neopestalotiopsis species associated with stem blight and dieback of blueberry plants in Peru,2020,article,false,closed,,,,,AGR,N,N,N,,,paywalled
https://openalex.org/W2271114662,10.1098/rspb.2015.1817,Spectral shifts of mammalian ultraviolet-sensitive pigments (short wavelength-sensitive opsin 1) are associated with eye length and photic niche evolution,2015,article,true,bronze,https://royalsocietypublishing.org/doi/pdf/10.1098/rspb.2015.1817,,PMC4685808,26582021,MED,Y,N,Y,,,oa_pdf
https://openalex.org/W2891455473,10.1093/botlinnean/boy060,A revised classification of orders and families in the two major subclasses of Lecanoromycetes (Ascomycota) based on a temporal approach,2018,article,false,closed,,,,,,,,,,,paywalled
https://openalex.org/W2435737656,10.1371/journal.pntd.0004733,"Human Leptospirosis on Reunion Island, Indian Ocean: Are Rodents the (Only) Ones to Blame?",2016,article,true,gold,https://journals.plos.org/plosntds/article/file?id=10.1371/journal.pntd.0004733&type=printable,cc-by,PMC4905629,27294677,MED,Y,Y,Y,,https://www.ebi.ac.uk/europepmc/webservices/rest/article/PMC4905629/fullTextXML,pmc_xml
https://openalex.org/W4323566968,10.3389/fmicb.2023.1134228,Analysis of synonymous codon usage patterns in mitochondrial genomes of nine Amanita species,2023,article,true,gold,https://www.frontiersin.org/articles/10.3389/fmicb.2023.1134228/pdf,cc-by,PMC10030801,36970689,MED,Y,Y,Y,,https://www.ebi.ac.uk/europepmc/webservices/rest/article/PMC10030801/fullTextXML,pmc_xml
https://openalex.org/W2767106952,10.3390/ijms18112307,Mutational Biases and GC-Biased Gene Conversion Affect GC Content in the Plastomes of Dendrobium Genus,2017,article,true,gold,https://www.mdpi.com/1422-0067/18/11/2307/pdf?version=1509613433,cc-by,PMC5713276,29099062,MED,Y,Y,Y,,https://www.ebi.ac.uk/europepmc/webservices/rest/article/PMC5713276/fullTextXML,pmc_xml
https://openalex.org/W2884120093,10.1111/jzs.12233,"<i>Milnesium tardigradum</i> Doyère, 1840: The first integrative study of interpopulation variability in a tardigrade species",2018,article,true,bronze,https://onlinelibrary.wiley.com/doi/pdfdirect/10.1111/jzs.12233,,,,,,,,,,oa_pdf
https://openalex.org/W2939300210,10.3390/md17040220,"Marine Fungi from the Sponge Grantia compressa: Biodiversity, Chemodiversity, and Biotechnological Potential",2019,article,true,gold,https://doi.org/10.3390/md17040220,cc-by,PMC6520677,30978942,MED,Y,Y,Y,,https://www.ebi.ac.uk/europepmc/webservices/rest/article/PMC6520677/fullTextXML,pmc_xml
https://openalex.org/W2580012663,10.1016/j.ympev.2017.01.009,The phylogenetic position of eriophyoid mites (superfamily Eriophyoidea) in Acariformes inferred from the sequences of mitochondrial genomes and nuclear small subunit (18S) rRNA gene,2017,article,true,green,http://dx.doi.org/10.1016/j.ympev.2017.01.009,,,28119107,MED,N,N,N,,,oa_pdf
https://openalex.org/W2769837000,10.1186/s12870-017-1160-x,"Phylogenetics of subtribe Orchidinae s.l. (Orchidaceae; Orchidoideae) based on seven markers (plastid matK, psaB, rbcL, trnL-F, trnH-psba, and nuclear nrITS, Xdh): implications for generic delimitation",2017,article,true,gold,https://bmcplantbiol.biomedcentral.com/track/pdf/10.1186/s12870-017-1160-x,cc-by,PMC5702240,29178835,MED,Y,Y,Y,,https://www.ebi.ac.uk/europepmc/webservices/rest/article/PMC5702240/fullTextXML,pmc_xml
https://openalex.org/W2924615783,10.1371/journal.pone.0213273,Epicoccum layuense a potential biological control agent of esca-associated fungi in grapevine,2019,article,true,gold,https://doi.org/10.1371/journal.pone.0213273,cc-by,PMC6435229,30913218,MED,Y,Y,Y,,https://www.ebi.ac.uk/europepmc/webservices/rest/article/PMC6435229/fullTextXML,pmc_xml
https://openalex.org/W2945524110,10.1186/s12934-019-1108-y,Biodiversity and phylogeny of novel Trichoderma isolates from mangrove sediments and potential of biocontrol against Fusarium strains,2019,article,true,gold,https://microbialcellfactories.biomedcentral.com/track/pdf/10.1186/s12934-019-1108-y,cc-by,PMC6532204,31122261,MED,Y,Y,Y,,https://www.ebi.ac.uk/europepmc/webservices/rest/article/PMC6532204/fullTextXML,pmc_xml
https://openalex.org/W3025747858,10.1007/s10658-020-01996-w,Fungal pathogens associated with branch and trunk cankers of nut crops in Iran,2020,article,true,green,http://hdl.handle.net/10251/164534,,,,AGR,N,N,N,,,oa_pdf
https://openalex.org/W3197454280,10.7717/peerj.11954,The importance of molecular characters when morphological variability hinders diagnosability: systematics of the moon jellyfish genus <i>Aurelia</i> (Cnidaria: Scyphozoa),2021,article,true,gold,https://doi.org/10.7717/peerj.11954,cc-by,PMC8435205,34589293,MED,Y,Y,Y,,https://www.ebi.ac.uk/europepmc/webservices/rest/article/PMC8435205/fullTextXML,pmc_xml
https://openalex.org/W2921470906,10.3389/fmicb.2019.00448,Multiple Recombination Events Drive the Current Genetic Structure of Xanthomonas perforans in Florida,2019,article,true,gold,https://www.frontiersin.org/articles/10.3389/fmicb.2019.00448/pdf,cc-by,PMC6425879,30930868,MED,Y,Y,Y,,https://www.ebi.ac.uk/europepmc/webservices/rest/article/PMC6425879/fullTextXML,pmc_xml
https://openalex.org/W2980380790,10.3390/ijms20205167,Comparative Mitochondrial Genome Analysis of Two Ectomycorrhizal Fungi (Rhizopogon) Reveals Dynamic Changes of Intron and Phylogenetic Relationships of the Subphylum Agaricomycotina,2019,article,true,gold,https://www.mdpi.com/1422-0067/20/20/5167/pdf?version=1571383050,cc-by,PMC6829451,31635252,MED,Y,Y,Y,,https://www.ebi.ac.uk/europepmc/webservices/rest/article/PMC6829451/fullTextXML,pmc_xml
https://openalex.org/W2804901261,10.1111/1755-0998.12903,Integrating a comprehensive <scp>DNA</scp> barcode reference library with a global map of yews (<i>Taxus</i> L.) for forensic identification,2018,article,true,green,https://www.research.ed.ac.uk/en/publications/03f22050-525c-4ebb-886a-f1a749e30130,,,29786943,MED,N,N,N,,,oa_pdf
https://openalex.org/W3001868831,10.1186/s12862-019-1576-z,Towards a synthesis of the Caribbean biogeography of terrestrial arthropods,2020,article,true,gold,https://bmcecolevol.biomedcentral.com/track/pdf/10.1186/s12862-019-1576-z,cc-by,PMC6979080,31980017,MED,Y,Y,Y,,https://www.ebi.ac.uk/europepmc/webservices/rest/article/PMC6979080/fullTextXML,pmc_xml
https://openalex.org/W3035864028,10.3389/fmicb.2020.01382,Comparative Mitogenome Analysis Reveals Mitochondrial Genome Differentiation in Ectomycorrhizal and Asymbiotic Amanita Species,2020,article,true,gold,https://www.frontiersin.org/articles/10.3389/fmicb.2020.01382/pdf,cc-by,PMC7318869,32636830,MED,Y,Y,Y,,https://www.ebi.ac.uk/europepmc/webservices/rest/article/PMC7318869/fullTextXML,pmc_xml
https://openalex.org/W3038692376,10.1186/s43008-020-00038-8,"Comparative mitogenome analysis of two ectomycorrhizal fungi (Paxillus) reveals gene rearrangement, intron dynamics, and phylogeny of basidiomycetes",2020,article,true,gold,https://imafungus.biomedcentral.com/track/pdf/10.1186/s43008-020-00038-8,cc-by,PMC7333402,32670777,MED,Y,Y,Y,,https://www.ebi.ac.uk/europepmc/webservices/rest/article/PMC7333402/fullTextXML,pmc_xml
https://openalex.org/W3124786065,10.1016/j.ijbiomac.2021.01.087,The first eleven mitochondrial genomes from the ectomycorrhizal fungal genus (Boletus) reveal intron loss and gene rearrangement,2021,article,false,closed,,,,33476615,MED,N,N,N,,,paywalled
https://openalex.org/W2767182124,10.1186/s13071-017-2457-1,Cytochrome c oxidase subunit 1 gene as a DNA barcode for discriminating Trypanosoma cruzi DTUs and closely related species,2017,article,true,gold,https://parasitesandvectors.biomedcentral.com/track/pdf/10.1186/s13071-017-2457-1,cc-by,PMC5644147,29037251,MED,Y,Y,Y,,https://www.ebi.ac.uk/europepmc/webservices/rest/article/PMC5644147/fullTextXML,pmc_xml
https://openalex.org/W2981663850,10.1126/sciadv.aaw6670,Range of motion in the avian wing is strongly associated with flight behavior and body mass,2019,article,true,gold,https://advances.sciencemag.org/content/advances/5/10/eaaw6670.full.pdf,cc-by-nc,PMC6810231,31681840,MED,Y,Y,Y,,https://www.ebi.ac.uk/europepmc/webservices/rest/article/PMC6810231/fullTextXML,pmc_xml
https://openalex.org/W2982262523,10.1016/j.ijbiomac.2019.09.188,"The complete mitochondrial genomes of two model ectomycorrhizal fungi (Laccaria): features, intron dynamics and phylogenetic implications",2019,article,false,closed,,,,31669472,MED,N,N,N,,,paywalled
https://openalex.org/W3040331429,10.3389/fpls.2020.00799,Comparative Plastid Genomics of Neotropical Bulbophyllum (Orchidaceae; Epidendroideae),2020,article,true,gold,https://www.frontiersin.org/articles/10.3389/fpls.2020.00799/pdf,cc-by,PMC7347972,32719690,MED,Y,Y,Y,,https://www.ebi.ac.uk/europepmc/webservices/rest/article/PMC7347972/fullTextXML,pmc_xml
https://openalex.org/W4286110908,10.1093/bioadv/vbac050,"Concatenator, a user-friendly program to concatenate DNA sequences, implementing graphical user interfaces for MAFFT and FastTree",2022,article,true,gold,https://academic.oup.com/bioinformaticsadvances/advance-article-pdf/doi/10.1093/bioadv/vbac050/45042343/vbac050.pdf,cc-by,PMC9710662,36699380,MED,Y,Y,Y,,https://www.ebi.ac.uk/europepmc/webservices/rest/article/PMC9710662/fullTextXML,pmc_xml
https://openalex.org/W2566301512,10.1093/jxb/erw432,Molecular phylogeny and forms of photosynthesis in tribe Salsoleae (Chenopodiaceae),2016,article,true,bronze,https://academic.oup.com/jxb/article-pdf/68/2/207/25199230/erw432.pdf,,PMC5853613,28003310,MED,Y,Y,Y,,https://www.ebi.ac.uk/europepmc/webservices/rest/article/PMC5853613/fullTextXML,pmc_xml
https://openalex.org/W3037854970,10.1016/j.ijpara.2020.04.005,Integrative taxonomy and species delimitation of Rhipicephalus turanicus (Acari: Ixodida: Ixodidae),2020,article,false,closed,,,,32592812,MED,N,N,N,,,paywalled
https://openalex.org/W2314376170,10.1016/j.gene.2016.04.013,"The complete mitochondrial genome of the Atylotus miser (Diptera: Tabanomorpha: Tabanidae), with mitochondrial genome phylogeny of lower Brachycera (Orthorrhapha)",2016,article,false,closed,,,,27063560,MED,N,N,N,,,paywalled
https://openalex.org/W2901098707,10.3390/genes9110547,Assembly of a Complete Mitogenome of Chrysanthemum nankingense Using Oxford Nanopore Long Reads and the Diversity and Evolution of Asteraceae Mitogenomes,2018,article,true,gold,https://www.mdpi.com/2073-4425/9/11/547/pdf?version=1542026459,cc-by,PMC6267336,30424578,MED,Y,Y,Y,,https://www.ebi.ac.uk/europepmc/webservices/rest/article/PMC6267336/fullTextXML,pmc_xml
https://openalex.org/W2765473337,10.1038/s41598-017-14703-3,Characterization of the complete mitochondrial genomes of Maiestas dorsalis and Japananus hyalinus (Hemiptera: Cicadellidae) and comparison with other Membracoidea,2017,article,true,gold,https://www.nature.com/articles/s41598-017-14703-3.pdf,cc-by,PMC5660246,29079765,MED,Y,Y,Y,,https://www.ebi.ac.uk/europepmc/webservices/rest/article/PMC5660246/fullTextXML,pmc_xml
https://openalex.org/W3009675882,10.1371/journal.pone.0228485,Trichoderma from Brazilian garlic and onion crop soils and description of two new species: Trichoderma azevedoi and Trichoderma peberdyi,2020,article,true,gold,https://journals.plos.org/plosone/article/file?id=10.1371/journal.pone.0228485&type=printable,cc-by,PMC7055844,32130211,MED,Y,Y,Y,,https://www.ebi.ac.uk/europepmc/webservices/rest/article/PMC7055844/fullTextXML,pmc_xml
https://openalex.org/W2622979058,10.1111/cla.12202,Phylogeny and systematics of Aphroditiformia,2017,article,false,closed,,,,34645076,MED,N,N,N,,,paywalled
https://openalex.org/W2953134013,10.1002/aps3.11254,A customized nuclear target enrichment approach for developing a phylogenomic baseline for <i>Dioscorea</i> yams (Dioscoreaceae),2019,article,true,gold,https://doi.org/10.1002/aps3.11254,cc-by,PMC6580989,31236313,MED,Y,Y,Y,,https://www.ebi.ac.uk/europepmc/webservices/rest/article/PMC6580989/fullTextXML,pmc_xml
https://openalex.org/W3160759487,10.1111/mec.15951,“Everything is <i>not</i> everywhere”: Time‐calibrated phylogeography of the genus <i>Milnesium</i> (Tardigrada),2021,article,true,hybrid,https://onlinelibrary.wiley.com/doi/pdfdirect/10.1111/mec.15951,cc-by-nc,PMC8361735,33966339,MED,Y,Y,Y,,https://www.ebi.ac.uk/europepmc/webservices/rest/article/PMC8361735/fullTextXML,pmc_xml
https://openalex.org/W2888125737,10.1093/gbe/evy189,Mobile Elements Shape Plastome Evolution in Ferns,2018,article,true,gold,https://academic.oup.com/gbe/article-pdf/10/10/2558/25883739/evy189.pdf,,PMC6166771,30165616,MED,Y,Y,Y,,https://www.ebi.ac.uk/europepmc/webservices/rest/article/PMC6166771/fullTextXML,pmc_xml
https://openalex.org/W2996620010,10.1093/auk/ukz070,Extensive paraphyly in the typical owl family (Strigidae),2019,article,true,hybrid,https://academic.oup.com/auk/article-pdf/137/1/ukz070/31744957/ukz070.pdf,cc-by,,,,,,,,,oa_pdf
https://openalex.org/W2544527763,10.1093/molbev/msw221,Talpid Mole Phylogeny Unites Shrew Moles and Illuminates Overlooked Cryptic Species Diversity,2016,article,true,bronze,https://academic.oup.com/mbe/article-pdf/34/1/78/9040215/msw221.pdf,,,27795230,MED,N,N,N,,,oa_pdf
https://openalex.org/W3006998566,10.1016/j.ygeno.2020.02.017,Phylogenetic perspective on the relationships and evolutionary history of the Acipenseriformes,2020,article,false,closed,,,,32105795,MED,N,N,N,,,paywalled
https://openalex.org/W3127432843,10.1016/j.ijbiomac.2021.01.188,Comparative analysis of the mitochondrial genomes of flesh flies and their evolutionary implication,2021,article,false,closed,,,,33529628,MED,N,N,N,,,paywalled
https://openalex.org/W3194574137,10.1128/mbio.01956-21,A Widespread Bacterial Secretion System with Diverse Substrates,2021,article,true,gold,https://doi.org/10.1128/mbio.01956-21,cc-by,PMC8406197,34399622,MED,Y,Y,Y,,https://www.ebi.ac.uk/europepmc/webservices/rest/article/PMC8406197/fullTextXML,pmc_xml
https://openalex.org/W4297965549,10.1093/gbe/evac147,Long-read Sequencing Data Reveals Dynamic Evolution of Mitochondrial Genome Size and the Phylogenetic Utility of Mitochondrial DNA in Hercules Beetles (<i>Dynastes</i>; Scarabaeidae),2022,article,true,gold,https://academic.oup.com/gbe/article-pdf/14/10/evac147/46547909/evac147.pdf,cc-by,PMC9576211,36173740,MED,Y,Y,Y,,https://www.ebi.ac.uk/europepmc/webservices/rest/article/PMC9576211/fullTextXML,pmc_xml
https://openalex.org/W2508748745,10.3389/fpls.2016.01244,Insights into the Genetic Relationships and Breeding Patterns of the African Tea Germplasm Based on nSSR Markers and cpDNA Sequences,2016,article,true,gold,https://www.frontiersin.org/articles/10.3389/fpls.2016.01244/pdf,cc-by,PMC5004484,27625655,MED,Y,Y,Y,,https://www.ebi.ac.uk/europepmc/webservices/rest/article/PMC5004484/fullTextXML,pmc_xml
https://openalex.org/W2896229824,10.1016/j.ijbiomac.2018.10.037,Characterization and comparison of the mitochondrial genomes from two Lyophyllum fungal species and insights into phylogeny of Agaricomycetes,2018,article,false,closed,,,,30315880,MED,N,N,N,,,paywalled
https://openalex.org/W4288439630,10.3390/jof8080790,Colletotrichum Species Associated with Anthracnose Disease of Watermelon (Citrullus lanatus) in China,2022,article,true,gold,https://www.mdpi.com/2309-608X/8/8/790/pdf?version=1659925029,cc-by,PMC9410023,36012779,MED,Y,Y,Y,,https://www.ebi.ac.uk/europepmc/webservices/rest/article/PMC9410023/fullTextXML,pmc_xml
https://openalex.org/W3033050672,10.1038/s41598-020-66219-y,Patterns and Rates of Plastid rps12 Gene Evolution Inferred in a Phylogenetic Context using Plastomic Data of Ferns,2020,article,true,gold,https://www.nature.com/articles/s41598-020-66219-y.pdf,cc-by,PMC7287138,32523061,MED,Y,Y,Y,,https://www.ebi.ac.uk/europepmc/webservices/rest/article/PMC7287138/fullTextXML,pmc_xml
https://openalex.org/W2995178085,10.1016/j.ympev.2019.106711,Evolutionary units delimitation and continental multilocus phylogeny of the hyperdiverse catfish genus Hypostomus,2019,article,true,green,http://hdl.handle.net/11449/221421,,,31857199,MED,N,N,N,,,oa_pdf
https://openalex.org/W3072353262,10.1098/rspb.2020.1191,Pollen grain size associated with pollinator feeding strategy,2020,article,true,bronze,https://royalsocietypublishing.org/doi/pdf/10.1098/rspb.2020.1191,,PMC7482274,32811305,MED,Y,N,Y,,,oa_pdf
https://openalex.org/W3094130249,10.1007/s00425-020-03498-9,Chloroplast genome assembly of Handroanthus impetiginosus: comparative analysis and molecular evolution in Bignoniaceae,2020,article,false,closed,,,,33098500,MED,N,N,N,,,paywalled
https://openalex.org/W3094168923,10.1111/jse.12688,Out of the Pan‐Himalaya: Evolutionary history of the Paeoniaceae revealed by phylogenomics,2020,article,true,bronze,https://onlinelibrary.wiley.com/doi/pdfdirect/10.1111/jse.12688,,,,,,,,,,oa_pdf
https://openalex.org/W3175536766,10.3390/jof7070507,Using Genealogical Concordance and Coalescent-Based Species Delimitation to Assess Species Boundaries in the Diaporthe eres Complex,2021,article,true,gold,https://www.mdpi.com/2309-608X/7/7/507/pdf?version=1625032978,cc-by,PMC8307253,34202282,MED,Y,Y,Y,,https://www.ebi.ac.uk/europepmc/webservices/rest/article/PMC8307253/fullTextXML,pmc_xml
https://openalex.org/W3190439561,10.1111/syen.12510,"Phylogeny, systematics and evolution of calling songs of the Lebinthini crickets (Orthoptera, Grylloidea, Eneopterinae), with description of two new genera",2021,article,true,green,https://hal.science/hal-03319446,,,,,,,,,,oa_pdf
https://openalex.org/W4393060565,10.5943/mycosphere/14/1/20,OFPT: a one-stop software for fungal phylogeny,2023,article,true,diamond,https://doi.org/10.5943/mycosphere/14/1/20,cc-by-nc-sa,,,,,,,,,oa_pdf
https://openalex.org/W3014931802,10.1111/syen.12431,How well do multispecies coalescent methods perform with mitochondrial genomic data? A case study of butterflies and moths (Insecta: Lepidoptera),2020,article,false,closed,,,,,,,,,,,paywalled
https://openalex.org/W3118035859,10.11646/palaeoentomology.3.6.16,&lt;p&gt;&lt;strong&gt;Fleas are parasitic scorpionflies&lt;/strong&gt;&lt;/p&gt;,2020,article,true,bronze,https://www.mapress.com/pe/article/download/palaeoentomology.3.6.16/42257,,,,,,,,,,oa_pdf
https://openalex.org/W4307751769,10.1093/nsr/nwac241,Conservation priorities for global marine biodiversity across multiple dimensions,2022,article,true,gold,https://academic.oup.com/nsr/advance-article-pdf/doi/10.1093/nsr/nwac241/46700536/nwac241.pdf,cc-by,PMC10171637,37181093,MED,Y,Y,Y,,https://www.ebi.ac.uk/europepmc/webservices/rest/article/PMC10171637/fullTextXML,pmc_xml
https://openalex.org/W3045031531,10.3390/agronomy10081062,Identification and Characterization of Diaporthe spp. Associated with Twig Cankers and Shoot Blight of Almonds in Spain,2020,article,true,gold,https://www.mdpi.com/2073-4395/10/8/1062/pdf?version=1595484477,cc-by,,,,,,,,,oa_pdf
https://openalex.org/W3103620028,10.1016/j.asd.2020.101002,Surf and turf vision: Patterns and predictors of visual acuity in compound eye evolution,2020,article,true,green,https://repository.lsu.edu/biosci_pubs/4465,,,33191145,MED,N,N,N,,,oa_pdf
https://openalex.org/W4307430102,10.1093/molbev/msac233,Genomic Signatures of Mitonuclear Coevolution in Mammals,2022,article,true,gold,https://academic.oup.com/mbe/article-pdf/39/11/msac233/46875191/msac233.pdf,cc-by,PMC9641969,36288802,MED,Y,Y,Y,,https://www.ebi.ac.uk/europepmc/webservices/rest/article/PMC9641969/fullTextXML,pmc_xml
https://openalex.org/W2963748117,10.1111/jpy.12904,Dictyochophyceae Plastid Genomes Reveal Unusual Variability in Their Organization,2019,article,false,closed,,,,31325913,MED,N,N,N,,,paywalled
https://openalex.org/W3217636812,10.1007/s10658-021-02419-0,"Diversity and pathogenicity of pestalotioid fungi associated with blueberry plants in Portugal, with description of three novel species of Neopestalotiopsis",2021,article,false,closed,,,,,AGR,N,N,N,,,paywalled
https://openalex.org/W4323849791,10.3390/d15030398,"Phylogeny of Serpulidae (Annelida, Polychaeta) Inferred from Morphology and DNA Sequences, with a New Classification",2023,article,true,gold,https://www.mdpi.com/1424-2818/15/3/398/pdf?version=1679273352,cc-by,,,,,,,,,oa_pdf
https://openalex.org/W2801620335,10.1016/j.ympev.2018.04.026,"Molecular phylogeny and comparative morphology indicate that odontostomatids (Alveolata, Ciliophora) form a distinct class-level taxon related to Armophorea",2018,article,false,closed,,,,29679715,MED,N,N,N,,,paywalled
https://openalex.org/W2906440792,10.1093/zoolinnean/zly030,"A new genus of Cophomantini, with comments on the taxonomic status of<i>Boana liliae</i>(Anura: Hylidae)",2018,article,true,bronze,https://academic.oup.com/zoolinnean/article-pdf/185/1/226/27213536/zly030.pdf,,,,,,,,,,oa_pdf
https://openalex.org/W4211086048,10.1111/jse.12837,Phylogenetics of global <i>Camellia</i> (Theaceae) based on three nuclear regions and its implications for systematics and evolutionary history,2022,article,false,closed,,,,,,,,,,,paywalled
https://openalex.org/W2627731373,10.1186/s12864-017-3868-2,Comparative transcriptomic analysis of the evolution and development of flower size in Saltugilia (Polemoniaceae),2017,article,true,gold,https://bmcgenomics.biomedcentral.com/track/pdf/10.1186/s12864-017-3868-2,cc-by,PMC5481933,28645249,MED,Y,Y,Y,,https://www.ebi.ac.uk/europepmc/webservices/rest/article/PMC5481933/fullTextXML,pmc_xml
https://openalex.org/W2995493074,10.1016/j.ijbiomac.2019.12.135,Comparative mitogenomics of Hymenoptera reveals evolutionary differences in structure and composition,2019,article,false,closed,,,,31857165,MED,N,N,N,,,paywalled
https://openalex.org/W3208170255,10.1186/s12862-021-01926-2,Complete mitochondrial genomes reveal robust phylogenetic signals and evidence of positive selection in horseshoe bats,2021,article,true,gold,https://bmcecolevol.biomedcentral.com/track/pdf/10.1186/s12862-021-01926-2,cc-by,PMC8565063,34732135,MED,Y,Y,Y,,https://www.ebi.ac.uk/europepmc/webservices/rest/article/PMC8565063/fullTextXML,pmc_xml
https://openalex.org/W4281479744,10.1002/ece3.8957,Mitogenomes provide new insights of evolutionary history of Boreheptagyiini and Diamesini (Diptera: Chironomidae: Diamesinae),2022,article,true,gold,https://doi.org/10.1002/ece3.8957,cc-by,PMC9130564,35646319,MED,Y,Y,Y,,https://www.ebi.ac.uk/europepmc/webservices/rest/article/PMC9130564/fullTextXML,pmc_xml
https://openalex.org/W2919465623,10.1371/journal.pone.0213181,Congruent phylogenetic relationships of Melaphidina aphids (Aphididae: Eriosomatinae: Fordini) according to nuclear and mitochondrial DNA data with taxonomic implications on generic limits,2019,article,true,gold,https://journals.plos.org/plosone/article/file?id=10.1371/journal.pone.0213181&type=printable,cc-by,PMC6395032,30818396,MED,Y,Y,Y,,https://www.ebi.ac.uk/europepmc/webservices/rest/article/PMC6395032/fullTextXML,pmc_xml
https://openalex.org/W3098287230,10.1186/s43008-020-00047-7,The 256 kb mitochondrial genome of Clavaria fumosa is the largest among phylum Basidiomycota and is rich in introns and intronic ORFs,2020,article,true,gold,https://imafungus.biomedcentral.com/track/pdf/10.1186/s43008-020-00047-7,cc-by,PMC7666478,33292749,MED,Y,Y,Y,,https://www.ebi.ac.uk/europepmc/webservices/rest/article/PMC7666478/fullTextXML,pmc_xml
https://openalex.org/W3214046415,10.1007/s11557-021-01741-5,Five new species of Neopestalotiopsis associated with diseased Eucalyptus spp. in Portugal,2021,article,false,closed,,,,,,,,,,,paywalled
https://openalex.org/W4294734171,10.3390/ijms231710151,Plastomes of Bletilla (Orchidaceae) and Phylogenetic Implications,2022,article,true,gold,https://www.mdpi.com/1422-0067/23/17/10151/pdf?version=1662348496,cc-by,PMC9456473,36077549,MED,Y,Y,Y,,https://www.ebi.ac.uk/europepmc/webservices/rest/article/PMC9456473/fullTextXML,pmc_xml
https://openalex.org/W4317510141,10.1007/s11557-022-01858-1,A three-gene phylogeny supports taxonomic rearrangements in the family Didymiaceae (Myxomycetes),2023,article,false,closed,,,,,,,,,,,paywalled
https://openalex.org/W2593593154,10.1016/j.bse.2017.02.004,Mitogenome evolution in Cephini (Hymenoptera: Cephidae): Evidence for parallel adaptive evolution,2017,article,false,closed,,,,,,,,,,,paywalled
https://openalex.org/W3025077791,10.1111/ejn.14781,Contrasting migratory journeys and changes in hippocampal astrocyte morphology in shorebirds,2020,article,false,closed,,,,32406131,MED,N,N,N,,,paywalled
https://openalex.org/W3216558822,10.1111/cla.12494,"Similar pattern, different paths: tracing the biogeographical history of Megaloptera (Insecta: Neuropterida) using mitochondrial phylogenomics",2021,article,false,closed,,,,34818432,MED,N,N,N,,,paywalled
https://openalex.org/W4221024085,10.1038/s41467-022-28996-0,Oxidative metabolisms catalyzed Earth’s oxygenation,2022,article,true,gold,https://www.nature.com/articles/s41467-022-28996-0.pdf,cc-by,PMC8921266,35288554,MED,Y,Y,Y,,https://www.ebi.ac.uk/europepmc/webservices/rest/article/PMC8921266/fullTextXML,pmc_xml
https://openalex.org/W4306250646,10.3389/fmicb.2022.1035434,"Species diversity of Ganoderma (Ganodermataceae, Polyporales) with three new species and a key to Ganoderma in Yunnan Province, China",2022,article,true,gold,https://www.frontiersin.org/articles/10.3389/fmicb.2022.1035434/pdf,cc-by,PMC9614375,36312978,MED,Y,Y,Y,,https://www.ebi.ac.uk/europepmc/webservices/rest/article/PMC9614375/fullTextXML,pmc_xml
https://openalex.org/W4312212197,10.3390/plants11243544,Structural Diversities and Phylogenetic Signals in Plastomes of the Early-Divergent Angiosperms: A Case Study in Saxifragales,2022,article,true,gold,https://www.mdpi.com/2223-7747/11/24/3544/pdf?version=1671108566,cc-by,PMC9787361,36559654,MED,Y,Y,Y,,https://www.ebi.ac.uk/europepmc/webservices/rest/article/PMC9787361/fullTextXML,pmc_xml
https://openalex.org/W4368367855,10.3389/fmicb.2023.1170790,Comprehensive analysis of codon bias in 13 Ganoderma mitochondrial genomes,2023,article,true,gold,https://www.frontiersin.org/articles/10.3389/fmicb.2023.1170790/pdf,cc-by,PMC10192751,37213503,MED,Y,Y,Y,,https://www.ebi.ac.uk/europepmc/webservices/rest/article/PMC10192751/fullTextXML,pmc_xml
https://openalex.org/W4380885344,10.1016/j.ympev.2023.107862,Phylogeny and diversification of planthoppers (Hemiptera: Fulgoromorpha) based on a comprehensive molecular dataset and large taxon sampling,2023,article,true,green,https://hal.science/hal-04260605/document,,,37331454,MED,N,N,N,,,oa_pdf
https://openalex.org/W3127448808,10.1016/j.funbio.2021.01.006,"Diaporthe amygdali, a species complex or a complex species?",2021,article,false,closed,,,,34140147,MED,N,N,N,,,paywalled
https://openalex.org/W4313948736,10.1128/spectrum.03987-22,Pestalotioid Species Associated with Medicinal Plants in Southwest China and Thailand,2023,article,true,gold,https://doi.org/10.1128/spectrum.03987-22,cc-by,PMC9927317,36625649,MED,Y,Y,Y,,https://www.ebi.ac.uk/europepmc/webservices/rest/article/PMC9927317/fullTextXML,pmc_xml
https://openalex.org/W4309526706,10.1016/j.envexpbot.2022.105153,Endophytic Fusarium clavum confers growth and salt tolerance in Cucumis melo,2022,article,false,closed,,,,,,,,,,,paywalled
https://openalex.org/W4388448017,10.1080/21501203.2023.2263031,"Phylogenetic and taxonomic updates of <i>Agaricales</i> , with an emphasis on <i>Tricholomopsis</i>",2023,article,true,gold,https://www.tandfonline.com/doi/pdf/10.1080/21501203.2023.2263031?needAccess=true,cc-by-nc,PMC11133883,38813470,MED,Y,Y,Y,,https://www.ebi.ac.uk/europepmc/webservices/rest/article/PMC11133883/fullTextXML,pmc_xml
https://openalex.org/W4396804285,10.1186/s12864-024-10374-3,Intraspecific and interspecific variations in the synonymous codon usage in mitochondrial genomes of 8 pleurotus strains,2024,article,true,gold,https://bmcgenomics.biomedcentral.com/counter/pdf/10.1186/s12864-024-10374-3,cc-by,PMC11084086,38730418,MED,Y,Y,Y,,https://www.ebi.ac.uk/europepmc/webservices/rest/article/PMC11084086/fullTextXML,pmc_xml
https://openalex.org/W2883506654,10.1111/zsc.12308,Multilocus phylogeny and species delimitation within the <i>philippinensis</i> group (Chiroptera: Rhinolophidae),2018,article,false,closed,,,,,,,,,,,paywalled
https://openalex.org/W2961026944,10.1038/s41598-019-46742-3,Herbivore range expansion triggers adaptation in a subsequently-associated third trophic level species and shared microbial symbionts,2019,article,true,gold,https://www.nature.com/articles/s41598-019-46742-3.pdf,cc-by,PMC6635496,31311998,MED,Y,Y,Y,,https://www.ebi.ac.uk/europepmc/webservices/rest/article/PMC6635496/fullTextXML,pmc_xml
https://openalex.org/W4385741412,10.2994/sajh-d-22-00038.1,Treefrog Diversity in the Neotropics: Phylogenetic Relationships of Scinaxini (Anura: Hylidae: Hylinae),2023,article,true,green,https://doi.org/10.2994/SAJH-D-22-00038.1,,,,,,,,,,oa_pdf
https://openalex.org/W2901317829,10.1016/j.ijbiomac.2018.11.129,The first mitogenomes of the superfamily Pamphilioidea (Hymenoptera: Symphyta): Mitogenome architecture and phylogenetic inference,2018,article,false,closed,,,,30448489,MED,N,N,N,,,paywalled
https://openalex.org/W4284879412,10.3389/fpls.2022.923600,"Multiplexed Massively Parallel Sequencing of Plastomes Provides Insights Into the Genetic Diversity, Population Structure, and Phylogeography of Wild and Cultivated Coptis chinensis",2022,article,true,gold,https://doi.org/10.3389/fpls.2022.923600,cc-by,PMC9302112,35873994,MED,Y,Y,Y,,https://www.ebi.ac.uk/europepmc/webservices/rest/article/PMC9302112/fullTextXML,pmc_xml
https://openalex.org/W4389045747,10.1007/s13225-023-00527-2,"Systematic arrangement within the family Clitocybaceae (Tricholomatineae, Agaricales): phylogenetic and phylogenomic evidence, morphological data and muscarine-producing innovation",2023,article,false,closed,,,,,,,,,,,paywalled
https://openalex.org/W4367676149,10.3897/mycokeys.97.101635,"Three new species of Trichoderma (Hypocreales, Hypocreaceae) from soils in China",2023,article,true,gold,https://mycokeys.pensoft.net/article/101635/download/pdf/,cc-by,PMC10170311,37181496,MED,Y,Y,Y,,https://www.ebi.ac.uk/europepmc/webservices/rest/article/PMC10170311/fullTextXML,pmc_xml
https://openalex.org/W4213262358,10.1016/j.ympev.2022.107440,Himalayan orogeny and monsoon intensification explain species diversification in an endemic ginger (Hedychium: Zingiberaceae) from the Indo-Malayan Realm,2022,article,false,closed,,,,35192919,MED,N,N,N,,,paywalled
https://openalex.org/W4403734857,10.5943/mycosphere/15/1/15,Exploring the taxonomy and phylogeny of Sordariomycetes taxa emphasizing Xylariomycetidae in Southwestern China,2024,article,true,diamond,https://doi.org/10.5943/mycosphere/15/1/15,cc-by-nc-sa,,,,,,,,,oa_pdf
https://openalex.org/W4212899992,10.3389/fgene.2022.799203,Characterization and Comparative Analysis of Mitochondrial Genomes Among the Calliphoridae (Insecta: Diptera: Oestroidea) and Phylogenetic Implications,2022,article,true,gold,https://www.frontiersin.org/articles/10.3389/fgene.2022.799203/pdf,cc-by,PMC8891575,35251125,MED,Y,Y,Y,,https://www.ebi.ac.uk/europepmc/webservices/rest/article/PMC8891575/fullTextXML,pmc_xml
https://openalex.org/W4385230750,10.1111/1744-7917.13251,Mitogenome‐based phylogeny of mosquitoes (Diptera: Culicidae),2023,article,false,closed,,,,37489338,MED,N,N,N,,,paywalled
https://openalex.org/W4392163911,10.1007/s11427-023-2483-0,Geographical patterns and determinants of insect biodiversity in China,2024,article,false,closed,,,,38407773,MED,N,N,N,,,paywalled
https://openalex.org/W4405453850,10.1007/s13225-024-00544-9,Taxonomy and systematics of lignicolous helicosporous hyphomycetes,2024,article,false,closed,,,,,,,,,,,paywalled
https://openalex.org/W3120095581,10.1111/jse.12726,Integrative taxonomy of herbaceous plants with narrow fragmented distributions: A case study on <i>Primula merrilliana</i> species complex,2021,article,false,closed,,,,,,,,,,,paywalled
https://openalex.org/W4315648121,10.1007/s42161-023-01308-1,Morphological and molecular identification of plant pathogenic fungi associated with necrotic wood tissues of pomegranate trees in Iran,2023,article,false,closed,,,,,,,,,,,paywalled
https://openalex.org/W4400652912,10.1007/s13225-024-00536-9,Current insights into palm fungi with emphasis on taxonomy and phylogeny,2024,article,false,closed,,,,,,,,,,,paywalled
https://openalex.org/W4392912293,10.1080/21501203.2024.2330400,"Eleven new species of <i>Trichoderma</i> (Hypocreaceae, Hypocreales) from China",2024,article,true,gold,https://www.tandfonline.com/doi/pdf/10.1080/21501203.2024.2330400?needAccess=true,,PMC11899217,40083403,MED,Y,Y,Y,,https://www.ebi.ac.uk/europepmc/webservices/rest/article/PMC11899217/fullTextXML,pmc_xml
https://openalex.org/W4404821897,10.1007/s13225-024-00539-6,"Notes, outline, taxonomy and phylogeny of brown-spored hyphomycetes",2024,article,false,closed,,,,,,,,,,,paywalled
https://openalex.org/W4393061968,10.5943/mycosphere/14/1/24,Boletaceae from Shanxi Province of northern China with descriptions of ten new species,2023,article,true,diamond,https://doi.org/10.5943/mycosphere/14/1/24,cc-by-nc-sa,,,,,,,,,oa_pdf
https://openalex.org/W4402336701,10.1093/gbe/evae192,A New Model and Dating for the Evolution of Complex Plastids of Red Alga Origin,2024,article,true,gold,https://doi.org/10.1093/gbe/evae192,cc-by,PMC11413572,39240751,MED,Y,Y,Y,,https://www.ebi.ac.uk/europepmc/webservices/rest/article/PMC11413572/fullTextXML,pmc_xml
https://openalex.org/W4390905451,10.1007/s12600-024-01123-z,Identification and pathogenicity of Lasiodiplodia and Neoscytalidium species associated with mango (Mangifera indica) dieback disease in Israel,2024,article,false,closed,,,,,,,,,,,paywalled
https://openalex.org/W4391968996,10.1038/s41598-024-54548-1,Cultivable fungal diversity in two karstic caves in Italy: under-investigated habitats as source of putative novel taxa,2024,article,true,gold,https://www.nature.com/articles/s41598-024-54548-1.pdf,cc-by,PMC10879487,38378919,MED,Y,Y,Y,,https://www.ebi.ac.uk/europepmc/webservices/rest/article/PMC10879487/fullTextXML,pmc_xml
https://openalex.org/W4394861810,10.3114/fuse.2024.13.03,Species diversity in Pseudocercospora,2024,article,true,hybrid,https://doi.org/10.3114/fuse.2024.13.03,cc-by-nc-nd,PMC11317867,39135885,MED,Y,N,N,,,oa_pdf
https://openalex.org/W4402490767,10.1080/21501203.2024.2392014,"Catalogue of fungi in China 3. New taxa of macrofungi from southern Xizang, China",2024,article,true,gold,https://doi.org/10.1080/21501203.2024.2392014,,PMC11899225,40083399,MED,Y,Y,Y,,https://www.ebi.ac.uk/europepmc/webservices/rest/article/PMC11899225/fullTextXML,pmc_xml
https://openalex.org/W4386034828,10.1016/j.toxicon.2023.107257,Determination of ibotenic acid and muscimol in species of the genus Amanita section Amanita from China,2023,article,false,closed,,,,37611670,MED,N,N,N,,,paywalled
https://openalex.org/W4386447277,10.1007/s13205-023-03754-1,Identification of Lasiodiplodia species inciting stem rot of dragon fruit in India through polyphasic approach,2023,article,true,green,https://pmc.ncbi.nlm.nih.gov/articles/PMC10480115/pdf/13205_2023_Article_3754.pdf,,PMC10480115,37681113,MED,Y,N,Y,,,oa_pdf
https://openalex.org/W4407852217,10.1016/j.funbio.2025.101552,Mango Microcosm: Unveiling the species diversity and pathogenic potential of fungi isolated from mango (Mangifera indica) in northern Thailand,2025,article,false,closed,,,,40222759,MED,N,N,N,,,paywalled
https://openalex.org/W4407991921,10.1128/aem.01931-24,"Phylogenetic analysis of plant-pathogenic and non-pathogenic <i>Trichoderma</i> isolates on maize from plants, soil, and commercial bio-products",2025,article,true,diamond,https://doi.org/10.1128/aem.01931-24,cc-by,PMC11921352,40013788,MED,Y,Y,Y,,https://www.ebi.ac.uk/europepmc/webservices/rest/article/PMC11921352/fullTextXML,pmc_xml
https://openalex.org/W4409535966,10.3114/sim.2025.111.04,<i>Bionectriaceae</i> : a<i> </i> poorly known family of hypocrealean fungi with major commercial potential,2025,article,true,hybrid,https://doi.org/10.3114/sim.2025.111.04,cc-by-nc-nd,PMC12070156,40371418,MED,Y,N,Y,,,oa_pdf
https://openalex.org/W4410874195,10.1186/s12864-025-11729-0,"Decoding the chloroplast genomes of five Iranian Salvia species: insights into genomic structure, phylogenetic relationships, and molecular marker development",2025,article,true,gold,https://bmcgenomics.biomedcentral.com/counter/pdf/10.1186/s12864-025-11729-0,cc-by-nc-nd,PMC12123993,40448040,MED,Y,Y,Y,,https://www.ebi.ac.uk/europepmc/webservices/rest/article/PMC12123993/fullTextXML,pmc_xml
https://openalex.org/W4411201534,10.1007/s13225-025-00554-1,A worldwide checklist and morpho-molecular systematics of fungi associated with pteridophytes,2025,article,false,closed,,,,,,,,,,,paywalled
https://openalex.org/W4313531467,10.1007/s10658-022-02635-2,Colletotrichum species causing anthracnose disease on avocado fruit in Taiwan,2022,article,false,closed,,,,,,,,,,,paywalled
https://openalex.org/W4411807250,10.1007/s13225-025-00555-0,"Lignicolous freshwater fungi of the pan Qinghai-Xizang Plateau, China",2025,article,false,closed,,,,,,,,,,,paywalled
https://openalex.org/W4416038148,10.1007/s00425-025-04875-y,Plastome diversity and phylogenomic analysis of Satureja (Lamiaceae): uncovering evolutionary patterns and diagnostic markers,2025,article,false,closed,,,,41204963,MED,N,N,N,,,paywalled
https://openalex.org/W7116693006,10.1038/s41598-025-29339-x,"Comparative chloroplast genomics of Teucrium species reveals genome evolution, phylogenetic relationships, and candidate molecular markers",2025,article,true,gold,https://www.nature.com/articles/s41598-025-29339-x.pdf,cc-by-nc-nd,PMC12722754,41429813,MED,Y,Y,Y,,https://www.ebi.ac.uk/europepmc/webservices/rest/article/PMC12722754/fullTextXML,pmc_xml
https://openalex.org/W1991414295,10.1371/journal.pone.0053598,"Diversity, Ecology and Biogeochemistry of Cyst-Forming Acantharia (Radiolaria) in the Oceans",2013,article,true,gold,https://journals.plos.org/plosone/article/file?id=10.1371/journal.pone.0053598&type=printable,cc-by,PMC3543462,23326463,MED,Y,Y,Y,,https://www.ebi.ac.uk/europepmc/webservices/rest/article/PMC3543462/fullTextXML,pmc_xml
https://openalex.org/W1983709780,10.1016/j.ympev.2014.07.003,The corbiculate bees arose from New World oil-collecting bees: Implications for the origin of pollen baskets,2014,article,false,closed,,,,25034728,MED,N,N,N,,,paywalled
https://openalex.org/W2557270964,10.1016/j.simyco.2016.11.006,<i>Aspergillus</i> is monophyletic: Evidence from multiple gene phylogenies and extrolites profiles,2016,article,true,green,,,PMC5220211,28082760,MED,Y,Y,Y,,https://www.ebi.ac.uk/europepmc/webservices/rest/article/PMC5220211/fullTextXML,pmc_xml
https://openalex.org/W2104489465,10.1111/mec.13286,The southwestern <scp>C</scp>arpathians as an ancient centre of diversity of freshwater gammarid amphipods: insights from the <i><scp>G</scp>ammarus fossarum</i> species complex,2015,article,false,closed,,,,26096651,MED,N,N,N,,,paywalled
https://openalex.org/W2023920898,10.1186/1471-2148-10-275,"Unlocking the ""Black box"": internal female genitalia in Sepsidae (Diptera) evolve fast and are species-specific",2010,article,true,gold,https://bmcecolevol.biomedcentral.com/counter/pdf/10.1186/1471-2148-10-275,cc-by,PMC2944183,20831809,MED,Y,Y,Y,,https://www.ebi.ac.uk/europepmc/webservices/rest/article/PMC2944183/fullTextXML,pmc_xml
https://openalex.org/W2223862166,10.1038/srep18793,Macroevolution of hyperdiverse flightless beetles reflects the complex geological history of the Sunda Arc,2016,article,true,gold,https://www.nature.com/articles/srep18793.pdf,cc-by,PMC4732383,26742575,MED,Y,Y,Y,,https://www.ebi.ac.uk/europepmc/webservices/rest/article/PMC4732383/fullTextXML,pmc_xml
https://openalex.org/W2616038300,10.3390/molecules22050824,Effects of Growth Media on the Diversity of Culturable Fungi from Lichens,2017,article,true,gold,https://www.mdpi.com/1420-3049/22/5/824/pdf?version=1496196006,cc-by,PMC6154544,28513562,MED,Y,Y,Y,,https://www.ebi.ac.uk/europepmc/webservices/rest/article/PMC6154544/fullTextXML,pmc_xml
https://openalex.org/W2944925623,10.1016/j.ympev.2019.05.018,A fossil-calibrated phylogenomic analysis of Daphnia and the Daphniidae,2019,article,true,green,http://hdl.handle.net/10138/315200,,,31125657,MED,N,N,N,,,oa_pdf
https://openalex.org/W2738928781,10.1038/s41598-017-07105-y,Phylogeny of locusts and grasshoppers reveals complex evolution of density-dependent phenotypic plasticity,2017,article,true,gold,https://www.nature.com/articles/s41598-017-07105-y.pdf,cc-by,PMC5529561,28747803,MED,Y,Y,Y,,https://www.ebi.ac.uk/europepmc/webservices/rest/article/PMC5529561/fullTextXML,pmc_xml
https://openalex.org/W2076478176,10.1016/j.ympev.2014.05.027,"Complete tribal sampling reveals basal split in Muscidae (Diptera), confirms saprophagy as ancestral feeding mode, and reveals an evolutionary correlation between instar numbers and carnivory",2014,article,false,closed,,,,24910153,MED,N,N,N,,,paywalled
https://openalex.org/W2586757117,10.1016/j.ympev.2017.01.014,Towards a higher-level Ensifera phylogeny inferred from mitogenome sequences,2017,article,false,closed,,,,28188878,MED,N,N,N,,,paywalled
https://openalex.org/W2048170364,10.1016/j.ppees.2014.12.003,"Phylogeny of Sesuvioideae (Aizoaceae) – Biogeography, leaf anatomy and the evolution of C4 photosynthesis",2015,article,false,closed,,,,,,,,,,,paywalled
https://openalex.org/W2074938055,10.1371/journal.pone.0074828,Incongruence between Nuclear and Chloroplast DNA Phylogenies in Pedicularis Section Cyathophora (Orobanchaceae),2013,article,true,gold,https://journals.plos.org/plosone/article/file?id=10.1371/journal.pone.0074828&type=printable,cc-by,PMC3777957,24069353,MED,Y,Y,Y,,https://www.ebi.ac.uk/europepmc/webservices/rest/article/PMC3777957/fullTextXML,pmc_xml
https://openalex.org/W2124143089,10.1111/jav.00487,"Systematics and evolution of the Pan‐Alcidae (Aves, Charadriiformes)",2014,article,false,closed,,,,,,,,,,,paywalled
https://openalex.org/W1480470600,10.1186/s12870-015-0547-9,"Towards a comprehensive phylogeny of the large temperate genus Pedicularis (Orobanchaceae), with an emphasis on species from the Himalaya-Hengduan Mountains",2015,article,true,gold,https://bmcplantbiol.biomedcentral.com/counter/pdf/10.1186/s12870-015-0547-9,cc-by,PMC4498522,26159907,MED,Y,Y,Y,,https://www.ebi.ac.uk/europepmc/webservices/rest/article/PMC4498522/fullTextXML,pmc_xml
https://openalex.org/W1948657525,10.1111/ecog.01465,Disentangling environmental drivers of metabolic flexibility in birds: the importance of temperature extremes versus temperature variability,2015,article,false,closed,,,,,,,,,,,paywalled
https://openalex.org/W2277408662,10.1111/syen.12160,Are generalist Aphidiinae (Hym. Braconidae) mostly cryptic species complexes?,2015,article,true,green,https://hull-repository.worktribe.com/output/620296,,,,,,,,,,oa_pdf
https://openalex.org/W2897147755,10.1371/journal.pone.0204756,An integrative redescription of the nominal taxon for the Mesobiotus harmsworthi group (Tardigrada: Macrobiotidae) leads to descriptions of two new Mesobiotus species from Arctic,2018,article,true,gold,https://journals.plos.org/plosone/article/file?id=10.1371/journal.pone.0204756&type=printable,cc-by,PMC6192594,30332426,MED,Y,Y,Y,,https://www.ebi.ac.uk/europepmc/webservices/rest/article/PMC6192594/fullTextXML,pmc_xml
https://openalex.org/W2964915706,10.1111/syen.12381,Phylogenomics of Auchenorrhyncha (Insecta: Hemiptera) using transcriptomes: examining controversial relationships via degeneracy coding and interrogation of gene conflict,2019,article,false,closed,,,,,AGR,N,N,N,,,paywalled
https://openalex.org/W2066247521,10.1016/j.ympev.2014.04.004,"Molecular systematics of subtribe Orchidinae and Asian taxa of Habenariinae (Orchideae, Orchidaceae) based on plastid matK, rbcL and nuclear ITS",2014,article,false,closed,,,,24747003,MED,N,N,N,,,paywalled
https://openalex.org/W2539051212,10.1111/mec.13886,"Phylogeography of the heavily poached <scp>A</scp>frican common pangolin (Pholidota, <i>Manis tricuspis</i>) reveals six cryptic lineages as traceable signatures of Pleistocene diversification",2016,article,false,closed,,,,27862533,MED,N,N,N,,,paywalled
https://openalex.org/W2923256761,10.1111/cla.12377,Untangling the<i>Echiniscus</i>Gordian knot: paraphyly of the “<i>arctomys</i>group” (Heterotardigrada: Echiniscidae),2019,article,true,bronze,https://onlinelibrary.wiley.com/doi/pdfdirect/10.1111/cla.12377,,,34618946,MED,N,N,N,,,oa_pdf
https://openalex.org/W3000393489,10.1093/zoolinnean/zlz163,"Untangling systematics of the Paramacrobiotus areolatus species complex by an integrative redescription of the nominal species for the group, with multilocus phylogeny and species delineation in the genus Paramacrobiotus",2019,article,true,bronze,https://academic.oup.com/zoolinnean/article-pdf/188/3/694/32916406/zlz163.pdf,,,,,,,,,,oa_pdf
https://openalex.org/W2148740146,10.1098/rspb.2013.0495,Ancient host shifts followed by host conservatism in a group of ant parasitoids,2013,article,true,bronze,https://royalsocietypublishing.org/doi/pdf/10.1098/rspb.2013.0495,,PMC3619522,23554396,MED,Y,N,Y,,,oa_pdf
https://openalex.org/W2883728951,10.1016/j.ympev.2018.07.014,"Anchored hybrid enrichment generated nuclear, plastid and mitochondrial markers resolve the Lepanthes horrida (Orchidaceae: Pleurothallidinae) species complex",2018,article,true,hybrid,https://www.sciencedirect.com/science/article/am/pii/S1055790318301623?via%3Dihub,cc-by-nc-nd,,30041026,MED,N,N,N,,,oa_pdf
https://openalex.org/W1893857912,10.1016/j.ympev.2015.09.006,Cleaners among wrasses: Phylogenetics and evolutionary patterns of cleaning behavior within Labridae,2015,article,false,closed,,,,26458760,MED,N,N,N,,,paywalled
https://openalex.org/W2499617645,10.1139/cjfr-2016-0199,"Complete chloroplast genome sequence of the avocado: gene organization, comparative analysis, and phylogenetic relationships with other Lauraceae",2016,article,true,green,https://utoronto.scholaris.ca/bitstreams/53946c7b-aa4d-49ff-89e2-122494c9ca31/download,,,,,,,,,,oa_pdf
https://openalex.org/W2766564105,10.1007/s00299-017-2231-z,"The Linum usitatissimum L. plastome reveals atypical structural evolution, new editing sites, and the phylogenetic position of Linaceae within Malpighiales",2017,article,true,green,http://enpuir.npu.edu.ua/handle/123456789/19634,,,29086003,MED,N,N,N,,,oa_pdf
https://openalex.org/W2143741846,10.1111/jpy.12179,"Molecular and morphological evidence for <scp><i>S</i></scp><i>heathia</i> gen. nov. (<scp>B</scp>atrachospermales, <scp>R</scp>hodophyta) and three new species",2014,article,false,closed,,,,26988325,MED,N,N,N,,,paywalled
https://openalex.org/W2466632536,10.1371/journal.pone.0157386,Loss of Genetic Diversity and Increased Subdivision in an Endemic Alpine Stonefly Threatened by Climate Change,2016,article,true,gold,https://journals.plos.org/plosone/article/file?id=10.1371/journal.pone.0157386&type=printable,cc-by,PMC4922825,27348125,MED,Y,Y,Y,,https://www.ebi.ac.uk/europepmc/webservices/rest/article/PMC4922825/fullTextXML,pmc_xml
https://openalex.org/W2888608612,10.1111/eva.12696,Population genetic structure of the deep‐sea mussel <i>Bathymodiolus platifron</i>s (Bivalvia: Mytilidae) in the Northwest Pacific,2018,article,true,gold,https://onlinelibrary.wiley.com/doi/pdfdirect/10.1111/eva.12696,cc-by,PMC6231483,30459838,MED,Y,Y,Y,,https://www.ebi.ac.uk/europepmc/webservices/rest/article/PMC6231483/fullTextXML,pmc_xml
https://openalex.org/W2952993269,10.1186/s12864-018-4893-5,The first next-generation sequencing approach to the mitochondrial phylogeny of African monogenean parasites (Platyhelminthes: Gyrodactylidae and Dactylogyridae),2018,article,true,gold,https://bmcgenomics.biomedcentral.com/track/pdf/10.1186/s12864-018-4893-5,cc-by,PMC6032552,29973152,MED,Y,Y,Y,,https://www.ebi.ac.uk/europepmc/webservices/rest/article/PMC6032552/fullTextXML,pmc_xml
https://openalex.org/W2782403829,10.1007/s00284-017-1421-9,Bioprospection of Culturable Endophytic Fungi Associated with the Ornamental Plant Pachystachys lutea,2018,article,true,green,https://dx.doi.org/10.1007/s00284-017-1421-9,,,29299623,MED,N,N,N,,,oa_pdf
https://openalex.org/W2788326806,10.1016/j.cmi.2018.02.006,Bejel in Cuba: molecular identification of Treponema pallidum subsp. endemicum in patients diagnosed with venereal syphilis,2018,article,true,bronze,http://www.clinicalmicrobiologyandinfection.com/article/S1198743X1830154X/pdf,,,29454847,MED,N,N,N,,,oa_pdf
https://openalex.org/W2800822595,10.1002/ecs2.2157,Phylogenetic diversity patterns in Himalayan forests reveal evidence for environmental filtering of distinct lineages,2018,article,true,gold,https://esajournals.onlinelibrary.wiley.com/doi/pdfdirect/10.1002/ecs2.2157,cc-by,,,,,,,,,oa_pdf
https://openalex.org/W2897443611,10.1038/s41598-018-33943-5,Comparative venom-gland transcriptomics and venom proteomics of four Sidewinder Rattlesnake (Crotalus cerastes) lineages reveal little differential expression despite individual variation,2018,article,true,gold,https://www.nature.com/articles/s41598-018-33943-5.pdf,other-oa,PMC6195556,30341342,MED,Y,Y,Y,,https://www.ebi.ac.uk/europepmc/webservices/rest/article/PMC6195556/fullTextXML,pmc_xml
https://openalex.org/W2922487228,10.1016/j.ympev.2019.03.005,The phylogeny and evolutionary timescale of stoneflies (Insecta: Plecoptera) inferred from mitochondrial genomes,2019,article,false,closed,,,,30876966,MED,N,N,N,,,paywalled
https://openalex.org/W3011984442,10.3897/mycokeys.65.47704,"Citizen science project reveals high diversity in Didymellaceae (Pleosporales, Dothideomycetes)",2020,article,true,gold,https://doi.org/10.3897/mycokeys.65.47704,cc-by,PMC7078340,32206025,MED,Y,Y,Y,,https://www.ebi.ac.uk/europepmc/webservices/rest/article/PMC7078340/fullTextXML,pmc_xml
https://openalex.org/W1541636024,10.1016/j.molp.2014.11.016,Frequent Introgressions from Diploid Species Contribute to the Adaptation of the Tetraploid Shepherd’s Purse (Capsella bursa-pastoris),2015,article,true,bronze,http://www.cell.com/article/S1674205214000379/pdf,,,25661060,MED,N,N,N,,,oa_pdf
https://openalex.org/W2770776139,10.1038/s41598-017-17145-z,Mitochondrial genomic variation and phylogenetic relationships of three groups in the genus Scaphoideus (Hemiptera: Cicadellidae: Deltocephalinae),2017,article,true,gold,https://www.nature.com/articles/s41598-017-17145-z.pdf,cc-by,PMC5714952,29203807,MED,Y,Y,Y,,https://www.ebi.ac.uk/europepmc/webservices/rest/article/PMC5714952/fullTextXML,pmc_xml
https://openalex.org/W2803085707,10.2994/sajh-d-17-00115.1,"On the Monophyly and Relationships of Several Genera of Hylini (Anura: Hylidae: Hylinae), with Comments on Recent Taxonomic Changes in Hylids",2018,article,true,bronze,https://bioone.org/journals/south-american-journal-of-herpetology/volume-13/issue-1/SAJH-D-17-00115.1/On-the-Monophyly-and-Relationships-of-Several-Genera-of-Hylini/10.2994/SAJH-D-17-00115.1.pdf,,,,,,,,,,oa_pdf
https://openalex.org/W3007065833,10.1080/00275514.2019.1698926,"<i>Diaporthe</i> species associated with twig blight and dieback of <i>Vaccinium corymbosum</i> in Portugal, with description of four new species",2020,article,false,closed,,,,32074022,MED,N,N,N,,,paywalled
https://openalex.org/W2129970366,10.1644/13-mamm-a-018.1,A new species of shrew-opossum (Paucituberculata: Caenolestidae) with a phylogeny of extant caenolestids,2013,article,true,bronze,https://academic.oup.com/jmammal/article-pdf/94/5/967/2582833/94-5-967.pdf,,,,,,,,,,oa_pdf
https://openalex.org/W2673985356,10.1126/sciadv.1602929,Cost-effective conservation of amphibian ecology and evolution,2017,article,true,gold,https://advances.sciencemag.org/content/advances/3/6/e1602929.full.pdf,cc-by-nc,PMC5479652,28691084,MED,Y,Y,Y,,https://www.ebi.ac.uk/europepmc/webservices/rest/article/PMC5479652/fullTextXML,pmc_xml
https://openalex.org/W2789552284,10.1111/zsc.12279,Species delimitation in the morphologically conserved <i>Coecobrya</i> (Collembola: Entomobryidae): A case study integrating morphology and molecular traits to advance current taxonomy,2018,article,false,closed,,,,,,,,,,,paywalled
https://openalex.org/W2899666538,10.1094/pdis-06-18-1036-re,"Phylogeny, Distribution, and Pathogenicity of <i>Lasiodiplodia</i> Species Associated With Cankers and Dieback Symptoms of Persian Lime in Mexico",2018,article,true,bronze,https://apsjournals.apsnet.org/doi/pdf/10.1094/PDIS-06-18-1036-RE,,,30995151,MED,N,N,N,,,oa_pdf
https://openalex.org/W1482102841,10.1186/s12864-015-1566-5,"Mitochondrial phylogenomics and genetic relationships of closely related pine moth (Lasiocampidae: Dendrolimus) species in China, using whole mitochondrial genomes",2015,article,true,gold,https://bmcgenomics.biomedcentral.com/counter/pdf/10.1186/s12864-015-1566-5,cc-by,PMC4455531,26040695,MED,Y,Y,Y,,https://www.ebi.ac.uk/europepmc/webservices/rest/article/PMC4455531/fullTextXML,pmc_xml
https://openalex.org/W2018917305,10.1016/j.ympev.2015.04.006,Say goodbye to tribes in the new house fly classification: A new molecular phylogenetic analysis and an updated biogeographical narrative for the Muscidae (Diptera),2015,article,true,green,http://doi.org/10.1016/j.ympev.2015.04.006,,,25869937,MED,N,N,N,,,oa_pdf
https://openalex.org/W2095195012,10.1016/j.ympev.2015.03.003,"Multi-locus tree and species tree approaches toward resolving a complex clade of downy mildews (Straminipila, Oomycota), including pathogens of beet and spinach",2015,article,true,green,https://www.ncbi.nlm.nih.gov/pmc/articles/5736102,,PMC5736102,25772799,MED,Y,N,Y,,,oa_pdf
https://openalex.org/W3014857285,10.3897/mycokeys.66.46575,"A taxonomic revision of the genus Conidiobolus (Ancylistaceae, Entomophthorales): four clades including three new genera",2020,article,true,gold,https://mycokeys.pensoft.net/article/46575/download/pdf/,cc-by,PMC7136305,32273794,MED,Y,Y,Y,,https://www.ebi.ac.uk/europepmc/webservices/rest/article/PMC7136305/fullTextXML,pmc_xml
https://openalex.org/W3042466732,10.1093/gbe/evaa149,Biased Gene Retention in the Face of Introgression Obscures Species Relationships,2020,article,true,gold,https://academic.oup.com/gbe/article-pdf/12/9/1646/33834704/evaa149.pdf,,PMC7533067,33011798,MED,Y,Y,Y,,https://www.ebi.ac.uk/europepmc/webservices/rest/article/PMC7533067/fullTextXML,pmc_xml
https://openalex.org/W311177367,10.1016/j.protis.2015.05.002,"Towards an Integrative Morpho-molecular Classification of the Collodaria (Polycystinea, Radiolaria)",2015,article,false,closed,,,,26092634,MED,N,N,N,,,paywalled
https://openalex.org/W2013835116,10.1071/is13035,Phylogenetics of scolopendromorph centipedes: can denser taxon sampling improve an artificial classification?,2013,article,false,closed,,,,,,,,,,,paywalled
https://openalex.org/W2149637506,10.1128/aem.00219-13,Ruminant Rhombencephalitis-Associated Listeria monocytogenes Strains Constitute a Genetically Homogeneous Group Related to Human Outbreak Strains,2013,article,true,bronze,https://aem.asm.org/content/aem/79/9/3059.full.pdf,,PMC3623162,23455337,MED,Y,N,Y,,,oa_pdf
https://openalex.org/W2736415539,10.3732/ajb.1700091,"Anatolian origins and diversification of <i>Aethionema</i>, the sister lineage of the core Brassicaceae",2017,article,true,bronze,https://bsapubs.onlinelibrary.wiley.com/doi/pdfdirect/10.3732/ajb.1700091,,,28743759,MED,N,N,N,,,oa_pdf
https://openalex.org/W2904746273,10.1111/cla.12363,"Phylogeny of the family Cladoniaceae (Lecanoromycetes, Ascomycota) based on sequences of multiple loci",2018,article,true,bronze,https://onlinelibrary.wiley.com/doi/pdfdirect/10.1111/cla.12363,,,34633698,MED,N,N,N,,,oa_pdf
https://openalex.org/W2059429811,10.1371/journal.pone.0108603,"High Local Diversity of Trypanosoma in a Common Bat Species, and Implications for the Biogeography and Taxonomy of the T. cruzi Clade",2014,article,true,gold,https://journals.plos.org/plosone/article/file?id=10.1371/journal.pone.0108603&type=printable,cc-by,PMC4182490,25268381,MED,Y,Y,Y,,https://www.ebi.ac.uk/europepmc/webservices/rest/article/PMC4182490/fullTextXML,pmc_xml
https://openalex.org/W3036002326,10.1093/zoolinnean/zlaa046,"A new species group from the <i>Daphnia curvirostris</i> species complex (Cladocera: Anomopoda) from the eastern Palaearctic: taxonomy, phylogeny and phylogeography",2020,article,false,closed,,,,,,,,,,,paywalled
https://openalex.org/W3108833893,10.1016/j.ympev.2020.107023,Phylogenomics of Ichneumonoidea (Hymenoptera) and implications for evolution of mode of parasitism and viral endogenization,2020,article,true,hybrid,https://doi.org/10.1016/j.ympev.2020.107023,cc-by-nc-nd,,33253830,MED,N,N,N,,,oa_pdf
https://openalex.org/W1981096675,10.1016/j.ympev.2014.10.005,"Phylogenetic relationships of Amazonian anole lizards (Dactyloa): Taxonomic implications, new insights about phenotypic evolution and the timing of diversification",2014,article,true,green,http://dx.doi.org/10.1016/j.ympev.2014.10.005,,,25451806,MED,N,N,N,,,oa_pdf
https://openalex.org/W2011997791,10.1371/journal.pone.0038474,Multi-Locus Phylogeographic and Population Genetic Analysis of Anolis carolinensis: Historical Demography of a Genomic Model Species,2012,article,true,gold,https://journals.plos.org/plosone/article/file?id=10.1371/journal.pone.0038474&type=printable,cc-by,PMC3369884,22685573,MED,Y,Y,Y,,https://www.ebi.ac.uk/europepmc/webservices/rest/article/PMC3369884/fullTextXML,pmc_xml
https://openalex.org/W2184685587,10.1016/j.syapm.2015.09.003,Burkholderia kirstenboschensis sp. nov. nodulates papilionoid legumes indigenous to South Africa,2015,article,false,closed,,,,26472229,MED,N,N,N,,,paywalled
https://openalex.org/W2794219366,10.1155/2018/7627191,Phylogeny of Maleae (Rosaceae) Based on Multiple Chloroplast Regions: Implications to Genera Circumscription,2018,article,true,hybrid,http://downloads.hindawi.com/journals/bmri/2018/7627191.pdf,cc-by,PMC5884435,29750171,MED,Y,Y,Y,,https://www.ebi.ac.uk/europepmc/webservices/rest/article/PMC5884435/fullTextXML,pmc_xml
https://openalex.org/W2912534047,10.1093/zoolinnean/zly063,New genera and species from the Equatorial Pacific provide phylogenetic insights into deep-sea Polynoidae (Annelida),2018,article,true,hybrid,https://academic.oup.com/zoolinnean/article-pdf/185/3/555/27987491/zly063.pdf,cc-by,,,,,,,,,oa_pdf
https://openalex.org/W2970282266,10.3390/d11090151,Nuclear Orthologs Derived from Whole Genome Sequencing Indicate Cryptic Diversity in the Bemisia tabaci (Insecta: Aleyrodidae) Complex of Whiteflies,2019,article,true,gold,https://www.mdpi.com/1424-2818/11/9/151/pdf?version=1567064338,cc-by,,,,,,,,,oa_pdf
https://openalex.org/W1797667500,10.1186/s12862-015-0445-7,Phylogeny and biogeography of Primula sect. Armerina: implications for plant evolution under climate change and the uplift of the Qinghai-Tibet Plateau,2015,article,true,gold,https://bmcecolevol.biomedcentral.com/counter/pdf/10.1186/s12862-015-0445-7,cc-by,PMC4537560,26275399,MED,Y,Y,Y,,https://www.ebi.ac.uk/europepmc/webservices/rest/article/PMC4537560/fullTextXML,pmc_xml
https://openalex.org/W2281703527,10.1111/cla.12143,Morphology disentangles the systematics of a ubiquitous but elusive meiofaunal group (Kinorhyncha: Pycnophyidae),2016,article,true,bronze,https://onlinelibrary.wiley.com/doi/pdfdirect/10.1111/cla.12143,,,34727676,MED,N,N,N,,,oa_pdf
https://openalex.org/W2093718631,10.1093/aob/mcu237,Arachis batizocoi: a study of its relationship to cultivated peanut (A. hypogaea) and its potential for introgression of wild genes into the peanut crop using induced allotetraploids,2014,article,true,bronze,https://academic.oup.com/aob/article-pdf/115/2/237/17635151/mcu237.pdf,,PMC4551086,25538110,MED,Y,Y,Y,,https://www.ebi.ac.uk/europepmc/webservices/rest/article/PMC4551086/fullTextXML,pmc_xml
https://openalex.org/W2582837105,10.1371/journal.pone.0170596,Hedysarum L. (Fabaceae: Hedysareae) Is Not Monophyletic – Evidence from Phylogenetic Analyses Based on Five Nuclear and Five Plastid Sequences,2017,article,true,gold,https://journals.plos.org/plosone/article/file?id=10.1371/journal.pone.0170596&type=printable,cc-by,PMC5266277,28122062,MED,Y,Y,Y,,https://www.ebi.ac.uk/europepmc/webservices/rest/article/PMC5266277/fullTextXML,pmc_xml
https://openalex.org/W2730369138,10.1371/journal.pntd.0005676,"Leptospira diversity in animals and humans in Tahiti, French Polynesia",2017,article,true,gold,https://journals.plos.org/plosntds/article/file?id=10.1371/journal.pntd.0005676&type=printable,cc-by,PMC5507467,28658269,MED,Y,Y,Y,,https://www.ebi.ac.uk/europepmc/webservices/rest/article/PMC5507467/fullTextXML,pmc_xml
https://openalex.org/W2943056765,10.3767/persoonia.2019.42.08,Re-evaluation of <i>Mycoleptodiscus</i> species and morphologically similar fungi,2019,article,true,green,https://pure.knaw.nl/portal/en/publications/31d5fe66-bd84-4f29-bc1c-b3730f956ba5,,PMC6712544,31551619,MED,Y,Y,Y,,https://www.ebi.ac.uk/europepmc/webservices/rest/article/PMC6712544/fullTextXML,pmc_xml
https://openalex.org/W2968219990,10.1111/jpy.12915,"Morphology and molecular phylogeny of coccoid green algae <i>Coelastrella</i> sensu lato (Scenedesmaceae, Sphaeropeales), including the description of three new species and two new varieties",2019,article,false,closed,,,,31411734,MED,N,N,N,,,paywalled
https://openalex.org/W2159003240,10.1016/j.ympev.2015.10.030,"Expanded phylogenetic analyses of the class Heterotrichea (Ciliophora, Postciliodesmatophora) using five molecular markers and morphological data",2015,article,false,closed,,,,26549427,MED,N,N,N,,,paywalled
https://openalex.org/W2468118927,10.1371/journal.pone.0158167,Comparative Mt Genomics of the Tipuloidea (Diptera: Nematocera: Tipulomorpha) and Its Implications for the Phylogeny of the Tipulomorpha,2016,article,true,gold,https://journals.plos.org/plosone/article/file?id=10.1371/journal.pone.0158167&type=printable,cc-by,PMC4920351,27341029,MED,Y,Y,Y,,https://www.ebi.ac.uk/europepmc/webservices/rest/article/PMC4920351/fullTextXML,pmc_xml
https://openalex.org/W2606382673,10.1038/s41598-017-01195-4,Diversity and evolution of sex determination systems in terrestrial isopods,2017,article,true,gold,https://www.nature.com/articles/s41598-017-01195-4.pdf,cc-by,PMC5430756,28439127,MED,Y,Y,Y,,https://www.ebi.ac.uk/europepmc/webservices/rest/article/PMC5430756/fullTextXML,pmc_xml
https://openalex.org/W2950206255,10.1002/ajb2.1242,Repeated evolution of a morphological novelty: a phylogenetic analysis of the inflated fruiting calyx in the Physalideae tribe (Solanaceae),2019,article,true,bronze,https://bsapubs.onlinelibrary.wiley.com/doi/pdfdirect/10.1002/ajb2.1242,,,30779447,MED,N,N,N,,,oa_pdf
https://openalex.org/W2998180423,10.1094/pdis-09-19-2026-re,"Genetic Diversity of<i>Colletotrichum</i>spp. Causing Strawberry Anthracnose in Zhejiang, China",2019,article,true,bronze,https://apsjournals.apsnet.org/doi/pdf/10.1094/PDIS-09-19-2026-RE,,,32213124,MED,N,N,N,,,oa_pdf
https://openalex.org/W2999666502,10.1111/zsc.12407,"Phylogeny of the superfamily Gelechioidea (Lepidoptera: Obtectomera), with an exploratory application on geometric morphometrics",2020,article,false,closed,,,,,,,,,,,paywalled
https://openalex.org/W3085837786,10.1111/cla.12429,The phylogeny of Dendropsophini (Anura: Hylidae: Hylinae),2020,article,true,green,http://hdl.handle.net/11449/201054,,,34478175,MED,N,N,N,,,oa_pdf
https://openalex.org/W2509570109,10.1111/boj.12477,Sensitive phylogenetics of<i>Clematis</i>and its position in Ranunculaceae,2016,article,true,bronze,https://academic.oup.com/botlinnean/article-pdf/182/4/825/16654227/boj12477.pdf,,,,AGR,N,N,N,,,oa_pdf
https://openalex.org/W2599343934,10.1371/journal.pone.0174792,Phylogenetic reassessment of tribe Anemoneae (Ranunculaceae): Non-monophyly of Anemone s.l. revealed by plastid datasets,2017,article,true,gold,https://journals.plos.org/plosone/article/file?id=10.1371/journal.pone.0174792&type=printable,cc-by,PMC5376084,28362811,MED,Y,Y,Y,,https://www.ebi.ac.uk/europepmc/webservices/rest/article/PMC5376084/fullTextXML,pmc_xml
https://openalex.org/W2900606282,10.1111/mec.14937,The role of parasite dispersal in shaping a host–parasite system at multiple evolutionary scales,2018,article,false,closed,,,,30427088,MED,N,N,N,,,paywalled
https://openalex.org/W2973285273,10.3390/toxins11100555,Synergistic Phytotoxic Effects of Culmorin and Trichothecene Mycotoxins,2019,article,true,gold,https://www.mdpi.com/2072-6651/11/10/555/pdf?version=1571916887,cc-by,PMC6833022,31547160,MED,Y,Y,Y,,https://www.ebi.ac.uk/europepmc/webservices/rest/article/PMC6833022/fullTextXML,pmc_xml
https://openalex.org/W2990932102,10.1111/jbi.13750,"Dispersal out of Wallacea spurs diversification of <i>Pteropus</i> flying foxes, the world’s largest bats (Mammalia: Chiroptera)",2019,article,true,green,https://www.ncbi.nlm.nih.gov/pmc/articles/7546435,,PMC7546435,33041434,MED,Y,N,Y,,,oa_pdf
https://openalex.org/W3035855700,10.1016/j.ijbiomac.2020.06.142,"The 206 kbp mitochondrial genome of Phanerochaete carnosa reveals dynamics of introns, accumulation of repeat sequences and plasmid-derived genes",2020,article,false,closed,,,,32562727,MED,N,N,N,,,paywalled
https://openalex.org/W3044914080,10.1186/s12864-020-06896-1,Identification and distribution of gene clusters required for synthesis of sphingolipid metabolism inhibitors in diverse species of the filamentous fungus Fusarium,2020,article,true,gold,https://bmcgenomics.biomedcentral.com/track/pdf/10.1186/s12864-020-06896-1,cc-by,PMC7376913,32703172,MED,Y,Y,Y,,https://www.ebi.ac.uk/europepmc/webservices/rest/article/PMC7376913/fullTextXML,pmc_xml
https://openalex.org/W1949728204,10.1111/mec.13307,Ancestral origins and invasion pathways in a globally invasive bird correlate with climate and influences from bird trade,2015,article,true,hybrid,https://onlinelibrary.wiley.com/doi/pdfdirect/10.1111/mec.13307,cc-by,PMC4657503,26172573,MED,Y,Y,Y,,https://www.ebi.ac.uk/europepmc/webservices/rest/article/PMC4657503/fullTextXML,pmc_xml
https://openalex.org/W2003615090,10.1186/1471-2148-14-94,"Age estimates for an adaptive lake fish radiation, its mitochondrial introgression, and an unexpected sister group: Sailfin silversides of the Malili Lakes system in Sulawesi",2014,article,true,gold,https://bmcecolevol.biomedcentral.com/counter/pdf/10.1186/1471-2148-14-94,,PMC4029975,24886257,MED,Y,Y,Y,,https://www.ebi.ac.uk/europepmc/webservices/rest/article/PMC4029975/fullTextXML,pmc_xml
https://openalex.org/W2156225020,10.1016/j.ympev.2013.07.025,"Phylogenetic relationships of the enigmatic longtailed rattlesnakes (Crotalus ericsmithi, C. lannomi, and C. stejnegeri)",2013,article,false,closed,,,,23916566,MED,N,N,N,,,paywalled
https://openalex.org/W2345689844,10.1038/srep25586,Multilocus phylogenetic analyses reveal unexpected abundant diversity and significant disjunct distribution pattern of the Hedgehog Mushrooms (Hydnum L.),2016,article,true,gold,https://www.nature.com/articles/srep25586.pdf,cc-by,PMC4858670,27151256,MED,Y,Y,Y,,https://www.ebi.ac.uk/europepmc/webservices/rest/article/PMC4858670/fullTextXML,pmc_xml
https://openalex.org/W2766155197,10.1093/zoolinnean/zlw021,"An integrative taxonomic study of European Eupelmus (Macroneura) (Hymenoptera: Chalcidoidea: Eupelmidae), with a molecular and cytogenetic analysis of Eupelmus (Macroneura) vesicularis: several species hiding under one name for 240 years",2017,article,true,bronze,https://academic.oup.com/zoolinnean/article-pdf/181/3/519/21578332/zlw021.pdf,,,,,,,,,,oa_pdf
https://openalex.org/W2794361772,10.1016/j.ympev.2018.03.014,Revised classification of the righteye flounders (Teleostei: Pleuronectidae) based on multilocus phylogeny with complete taxon sampling,2018,article,false,closed,,,,29535031,MED,N,N,N,,,paywalled
https://openalex.org/W2883921719,10.1371/journal.pone.0201068,Multi-locus sequence typing of Treponema pallidum subsp. pallidum present in clinical samples from France: Infecting treponemes are genetically diverse and belong to 18 allelic profiles,2018,article,true,gold,https://journals.plos.org/plosone/article/file?id=10.1371/journal.pone.0201068&type=printable,cc-by,PMC6053231,30024965,MED,Y,Y,Y,,https://www.ebi.ac.uk/europepmc/webservices/rest/article/PMC6053231/fullTextXML,pmc_xml
https://openalex.org/W2891825868,10.1016/j.ijbiomac.2018.09.049,Complete mitochondrial genome of Macrosteles quadrimaculatus (Matsumura) (Hemiptera: Cicadellidae: Deltocephalinae) with a shared tRNA rearrangement and its phylogenetic implications,2018,article,false,closed,,,,30218730,MED,N,N,N,,,paywalled
https://openalex.org/W2967595280,10.1016/j.pocean.2019.102148,Nemerteans from the deep-sea expedition KuramBio II with descriptions of three new hoplonemerteans from the Kuril-Kamchatka Trench,2019,article,false,closed,,,,,,,,,,,paywalled
https://openalex.org/W2121536076,10.1071/is13057,The first phylogenetic analysis of Palpigradi (Arachnida) – the most enigmatic arthropod order,2014,article,true,green,http://nrs.harvard.edu/urn-3:HUL.InstRepos:12313557,,,,,,,,,,oa_pdf
https://openalex.org/W2126855138,10.1371/journal.pone.0134170,The Phylogeny and Evolutionary Timescale of Muscoidea (Diptera: Brachycera: Calyptratae) Inferred from Mitochondrial Genomes,2015,article,true,gold,https://journals.plos.org/plosone/article/file?id=10.1371/journal.pone.0134170&type=printable,cc-by,PMC4520480,26225760,MED,Y,Y,Y,,https://www.ebi.ac.uk/europepmc/webservices/rest/article/PMC4520480/fullTextXML,pmc_xml
https://openalex.org/W2789634691,10.1128/aem.02694-17,"Genus-Wide Assessment of Lignocellulose Utilization in the Extremely Thermophilic Genus Caldicellulosiruptor by Genomic, Pangenomic, and Metagenomic Analyses",2018,article,true,bronze,https://aem.asm.org/content/aem/84/9/e02694-17.full.pdf,,PMC5930323,29475869,MED,Y,N,Y,,,oa_pdf
https://openalex.org/W2793761448,10.1038/s41598-018-23076-0,Genetic connectivity from the Arctic to the Antarctic: Sclerolinum contortum and Nicomache lokii (Annelida) are both widespread in reducing environments,2018,article,true,gold,https://www.nature.com/articles/s41598-018-23076-0.pdf,cc-by,PMC5859262,29556042,MED,Y,Y,Y,,https://www.ebi.ac.uk/europepmc/webservices/rest/article/PMC5859262/fullTextXML,pmc_xml
https://openalex.org/W2886139126,10.1071/is18007,The ‘Peripatos’ in Eurogondwana? – Lack of evidence that south-east Asian onychophorans walked through Europe,2018,article,false,closed,,,,,,,,,,,paywalled
https://openalex.org/W2887954663,10.1098/rspb.2018.0923,Phylogenetic and functional evidence suggests that deep-ocean ecosystems are highly sensitive to environmental change and direct human disturbance,2018,article,true,bronze,https://royalsocietypublishing.org/doi/pdf/10.1098/rspb.2018.0923,,PMC6111167,30068675,MED,Y,N,Y,,,oa_pdf
https://openalex.org/W2499463776,10.1016/j.jip.2016.07.006,"Beauveria medogensis sp. nov., a new fungus of the entomopathogenic genus from China",2016,article,false,closed,,,,27449678,MED,N,N,N,,,paywalled
https://openalex.org/W2762431657,10.1016/j.ppees.2017.09.007,Evolutionary ecology of fast seed germination—A case study in Amaranthaceae/Chenopodiaceae,2017,article,false,closed,,,,,,,,,,,paywalled
https://openalex.org/W2767818164,10.1111/syen.12275,Taxon sampling to address an ancient rapid radiation: a supermatrix phylogeny of early brachyceran flies (Diptera),2017,article,true,hybrid,https://onlinelibrary.wiley.com/doi/pdfdirect/10.1111/syen.12275,cc-by,,,AGR,N,N,N,,,oa_pdf
https://openalex.org/W2888867077,10.1111/cla.12357,Molecular phylogeny of the scorpionflies Panorpidae (Insecta: Mecoptera) and chromosomal evolution,2018,article,true,bronze,https://onlinelibrary.wiley.com/doi/pdfdirect/10.1111/cla.12357,,,34633699,MED,N,N,N,,,oa_pdf
https://openalex.org/W2911475177,10.1007/s10531-019-01706-x,Back to the future: conserving functional and phylogenetic diversity in amphibian-climate refuges,2019,article,false,closed,,,,,AGR,N,N,N,,,paywalled
https://openalex.org/W2950930793,10.1093/zoolinnean/zlz040,First extensive multilocus phylogeny of the genus Milnesium (Tardigrada) reveals no congruence between genetic markers and morphological traits,2019,article,true,bronze,https://academic.oup.com/zoolinnean/article-pdf/188/3/681/32916290/zlz040.pdf,,,,,,,,,,oa_pdf
https://openalex.org/W2979942602,10.1093/biolinnean/blz120,"Off-target capture data, endosymbiont genes and morphology reveal a relict lineage that is sister to all other singing cicadas",2019,article,true,bronze,https://academic.oup.com/biolinnean/article-pdf/128/4/865/31222379/blz120.pdf,,,,,,,,,,oa_pdf
https://openalex.org/W3130984512,10.1002/ajb2.1616,Fossil palm reading: using fruits to reveal the deep roots of palm diversity,2021,article,true,hybrid,https://onlinelibrary.wiley.com/doi/pdfdirect/10.1002/ajb2.1616,cc-by-nc-nd,PMC8048450,33624301,MED,Y,Y,Y,,https://www.ebi.ac.uk/europepmc/webservices/rest/article/PMC8048450/fullTextXML,pmc_xml
https://openalex.org/W3136811729,10.1111/mec.15891,Complex reticulate evolution of speckled brush‐furred rats (<i>Lophuromys</i>) in the Ethiopian centre of endemism,2021,article,false,closed,,,,33738874,MED,N,N,N,,,paywalled
https://openalex.org/W1999700231,10.1016/j.ympev.2014.05.018,"Phylogenetics, ancestral state reconstruction, and a new infrafamilial classification of the pantropical Ochnaceae (Medusagynaceae, Ochnaceae s.str., Quiinaceae) based on five DNA regions",2014,article,false,closed,,,,24862223,MED,N,N,N,,,paywalled
https://openalex.org/W2051045847,10.1111/zsc.12024,"Evolution of cave <i><scp>A</scp>xiokebuita</i> and <i><scp>S</scp>peleobregma</i> (<scp>S</scp>calibregmatidae, <scp>A</scp>nnelida)",2013,article,false,closed,,,,,,,,,,,paywalled
https://openalex.org/W2080485717,10.1111/j.1096-0031.2012.00400.x,GB‐to‐TNT: facilitating creation of matrices from GenBank and diagnosis of results in TNT,2012,article,true,bronze,https://onlinelibrary.wiley.com/doi/pdfdirect/10.1111/j.1096-0031.2012.00400.x,,,34844379,MED,N,N,N,,,oa_pdf
https://openalex.org/W2318056347,10.1016/j.ympev.2016.04.011,Crotalarieae and Genisteae of the South African Great Escarpment are nodulated by novel Bradyrhizobium species with unique and diverse symbiotic loci,2016,article,false,closed,,,,27068839,MED,N,N,N,,,paywalled
https://openalex.org/W2592480821,10.1016/j.ympev.2017.03.005,Madagascar sheds new light on the molecular systematics and biogeography of grammitid ferns: New unexpected lineages and numerous long-distance dispersal events,2017,article,true,green,https://hal.sorbonne-universite.fr/hal-01490495,,,28279810,MED,N,N,N,,,oa_pdf
https://openalex.org/W2725618034,10.1111/jpy.12562,"The coralline genera<i>Sporolithon</i>and<i>Heydrichia</i>(Sporolithales, Rhodophyta) clarified by sequencing type material of their generitypes and other species",2017,article,false,closed,,,,28681431,MED,N,N,N,,,paywalled
https://openalex.org/W2776544376,10.1016/j.ympev.2017.12.020,"New World spittlebugs (Hemiptera: Cercopidae: Ischnorhininae): Dated molecular phylogeny, classification, and evolution of aposematic coloration",2017,article,false,closed,,,,29274496,MED,N,N,N,,,paywalled
https://openalex.org/W2805622889,10.3390/jof4020065,Antifungal Activities of Volatile Secondary Metabolites of Four Diaporthe Strains Isolated from Catharanthus roseus,2018,article,true,gold,https://www.mdpi.com/2309-608X/4/2/65/pdf?version=1527674698,cc-by,PMC6023506,29848985,MED,Y,Y,Y,,https://www.ebi.ac.uk/europepmc/webservices/rest/article/PMC6023506/fullTextXML,pmc_xml
https://openalex.org/W2960683718,10.3897/zookeys.864.26689,"Sinopyrophorinae, a new subfamily of Elateridae (Coleoptera, Elateroidea) with the first record of a luminous click beetle in Asia and evidence for multiple origins of bioluminescence in Elateridae",2019,article,true,gold,https://zookeys.pensoft.net/article/26689/download/pdf/,cc-by,PMC6656784,31363346,MED,Y,Y,Y,,https://www.ebi.ac.uk/europepmc/webservices/rest/article/PMC6656784/fullTextXML,pmc_xml
https://openalex.org/W3000690851,10.3389/fmicb.2019.02918,Genomic Insights Into the Mycobacterium kansasii Complex: An Update,2020,article,true,gold,https://doi.org/10.3389/fmicb.2019.02918,cc-by,PMC6974680,32010067,MED,Y,Y,Y,,https://www.ebi.ac.uk/europepmc/webservices/rest/article/PMC6974680/fullTextXML,pmc_xml
https://openalex.org/W3175675977,10.3389/fgene.2021.693541,The Evolutionary Patterns of Genome Size in Ensifera (Insecta: Orthoptera),2021,article,true,gold,https://doi.org/10.3389/fgene.2021.693541,cc-by,PMC8261143,34249107,MED,Y,Y,Y,,https://www.ebi.ac.uk/europepmc/webservices/rest/article/PMC8261143/fullTextXML,pmc_xml
https://openalex.org/W2036010988,10.1371/journal.pone.0098558,The Complete Mitochondrial Genome of Meloidogyne graminicola (Tylenchina): A Unique Gene Arrangement and Its Phylogenetic Implications,2014,article,true,gold,https://journals.plos.org/plosone/article/file?id=10.1371/journal.pone.0098558&type=printable,cc-by,PMC4043755,24892428,MED,Y,Y,Y,,https://www.ebi.ac.uk/europepmc/webservices/rest/article/PMC4043755/fullTextXML,pmc_xml
https://openalex.org/W2419848228,10.1371/journal.pone.0157123,Multiple Events of Allopolyploidy in the Evolution of the Racemose Lineages in Prunus (Rosaceae) Based on Integrated Evidence from Nuclear and Plastid Data,2016,article,true,gold,https://journals.plos.org/plosone/article/file?id=10.1371/journal.pone.0157123&type=printable,cc-by,PMC4905661,27294529,MED,Y,Y,Y,,https://www.ebi.ac.uk/europepmc/webservices/rest/article/PMC4905661/fullTextXML,pmc_xml
https://openalex.org/W2952835229,10.1093/gbe/evz067,The Genome and mRNA Transcriptome of the Cosmopolitan Calanoid Copepod Acartia tonsa Dana Improve the Understanding of Copepod Genome Size Evolution,2019,article,true,gold,https://doi.org/10.1093/gbe/evz067,,PMC6526698,30918947,MED,Y,Y,Y,,https://www.ebi.ac.uk/europepmc/webservices/rest/article/PMC6526698/fullTextXML,pmc_xml
https://openalex.org/W3016441394,10.3390/plants9040502,"Pathological, Morphological, Cytogenomic, Biochemical and Molecular Data Support the Distinction between Colletotrichum cigarro comb. et stat. nov. and Colletotrichum kahawae",2020,article,true,gold,https://www.mdpi.com/2223-7747/9/4/502/pdf?version=1586869071,cc-by,PMC7238176,32295225,MED,Y,Y,Y,,https://www.ebi.ac.uk/europepmc/webservices/rest/article/PMC7238176/fullTextXML,pmc_xml
https://openalex.org/W3108504346,10.1111/syen.12462,Phylogenomics of the North American Plecoptera,2020,article,false,closed,,,,,AGR,N,N,N,,,paywalled
https://openalex.org/W1891769361,10.1007/s10722-015-0332-5,"Phylogenetic relationships within Lactuca L. (Asteraceae), including African species, based on chloroplast DNA sequence comparisons",2015,article,true,hybrid,https://link.springer.com/content/pdf/10.1007/s10722-015-0332-5.pdf,cc-by,,,AGR,N,N,N,,,oa_pdf
https://openalex.org/W2588638903,10.1186/s12915-017-0353-y,Nuclear genetic codes with a different meaning of the UAG and the UAA codon,2017,article,true,gold,https://bmcbiol.biomedcentral.com/track/pdf/10.1186/s12915-017-0353-y,cc-by,PMC5304391,28193262,MED,Y,Y,Y,,https://www.ebi.ac.uk/europepmc/webservices/rest/article/PMC5304391/fullTextXML,pmc_xml
https://openalex.org/W2767498208,10.1016/j.vetpar.2017.11.004,Spatial-temporal and phylogeographic characterization of Trypanosoma spp. in cattle (Bos taurus) and buffaloes (Bubalus bubalis) reveals transmission dynamics of these parasites in Colombia,2017,article,false,closed,,,,29279084,MED,N,N,N,,,paywalled
https://openalex.org/W2914436737,10.1371/journal.pone.0210143,Improved phylogeny of brown algae Cystoseira (Fucales) from the Atlantic-Mediterranean region based on mitochondrial sequences,2019,article,true,gold,https://journals.plos.org/plosone/article/file?id=10.1371/journal.pone.0210143&type=printable,cc-by,PMC6364706,30699208,MED,Y,Y,Y,,https://www.ebi.ac.uk/europepmc/webservices/rest/article/PMC6364706/fullTextXML,pmc_xml
https://openalex.org/W3007599825,10.1016/j.ympev.2020.106770,Genome-wide SNPs clarify lineage diversity confused by coloration in coralsnakes of the Micrurus diastema species complex (Serpentes: Elapidae),2020,article,false,closed,,,,32084510,MED,N,N,N,,,paywalled
https://openalex.org/W3036074770,10.1093/zoolinnean/zlaa033,High-throughput DNA sequencing of museum specimens sheds light on the long-missing species of the <i>Bokermannohyla claresignata</i> group (Anura: Hylidae: Cophomantini),2020,article,true,bronze,https://academic.oup.com/zoolinnean/article-pdf/190/4/1235/34436216/zlaa033.pdf,,,,,,,,,,oa_pdf
https://openalex.org/W1974053537,10.4236/ajps.2014.518300,Male Cone Evolution in Conifers: Not All That Simple,2014,article,true,diamond,http://www.scirp.org/journal/PaperDownload.aspx?paperID=49360,cc-by,,,,,,,,,oa_pdf
https://openalex.org/W1995334121,10.1371/journal.pone.0116485,"Molecular Phylogeny and Biogeographic Diversification of Linnaeoideae (Caprifoliaceae s. l.) Disjunctly Distributed in Eurasia, North America and Mexico",2015,article,true,gold,https://journals.plos.org/plosone/article/file?id=10.1371/journal.pone.0116485&type=printable,cc-by,PMC4355296,25756215,MED,Y,Y,Y,,https://www.ebi.ac.uk/europepmc/webservices/rest/article/PMC4355296/fullTextXML,pmc_xml
https://openalex.org/W2740471092,10.1111/jbi.13052,"Global phylogeography of the insect pest <i>Callosobruchus maculatus</i> (Coleoptera: Bruchinae) relates to the history of its main host, <i>Vigna unguiculata</i>",2017,article,false,closed,,,,,,,,,,,paywalled
https://openalex.org/W2775834939,10.1016/j.ijbiomac.2017.12.150,The first two mitochondrial genomes from Taeniopterygidae (Insecta: Plecoptera): Structural features and phylogenetic implications,2017,article,false,closed,,,,29292150,MED,N,N,N,,,paywalled
https://openalex.org/W2996054005,10.1093/zoolinnean/zlz139,The life aquatic with spiders (Araneae): repeated evolution of aquatic habitat association in Dictynidae and allied taxa,2019,article,false,closed,,,,,,,,,,,paywalled
https://openalex.org/W3016856388,10.1007/s10658-020-01964-4,Identification and characterization of Colletotrichum species associated with mango anthracnose in Taiwan,2020,article,false,closed,,,,,AGR,N,N,N,,,paywalled
https://openalex.org/W3091241499,10.1038/s41598-020-73461-x,The complete mitochondrial genome of medicinal fungus Taiwanofungus camphoratus reveals gene rearrangements and intron dynamics of Polyporales,2020,article,true,gold,https://www.nature.com/articles/s41598-020-73461-x.pdf,cc-by,PMC7536210,33020532,MED,Y,Y,Y,,https://www.ebi.ac.uk/europepmc/webservices/rest/article/PMC7536210/fullTextXML,pmc_xml
https://openalex.org/W3155185614,10.3389/fpls.2021.642598,Discordant Phylogenomic Placement of Hydnoraceae and Lactoridaceae Within Piperales Using Data From All Three Genomes,2021,article,true,gold,https://doi.org/10.3389/fpls.2021.642598,cc-by,PMC8072514,33912209,MED,Y,Y,Y,,https://www.ebi.ac.uk/europepmc/webservices/rest/article/PMC8072514/fullTextXML,pmc_xml
https://openalex.org/W2003498452,10.1371/journal.pone.0101375,Comparative Mitogenomics of Plant Bugs (Hemiptera: Miridae): Identifying the AGG Codon Reassignments between Serine and Lysine,2014,article,true,gold,https://journals.plos.org/plosone/article/file?id=10.1371/journal.pone.0101375&type=printable,cc-by,PMC4079613,24988409,MED,Y,Y,Y,,https://www.ebi.ac.uk/europepmc/webservices/rest/article/PMC4079613/fullTextXML,pmc_xml
https://openalex.org/W2062725619,10.1016/j.ympev.2013.05.011,Does better taxon sampling help? A new phylogenetic hypothesis for Sepsidae (Diptera: Cyclorrhapha) based on 50 new taxa and the same old mitochondrial and nuclear markers,2013,article,false,closed,,,,23707858,MED,N,N,N,,,paywalled
https://openalex.org/W2117042471,10.1111/cla.12089,Phylogeny and systematics of Protodrilidae (Annelida) inferred with total evidence analyses,2014,article,true,bronze,https://onlinelibrary.wiley.com/doi/pdfdirect/10.1111/cla.12089,,,34772269,MED,N,N,N,,,oa_pdf
https://openalex.org/W2561641852,10.1111/cla.12184,Historical biogeography of the ancient lycophyte genus <i>Selaginella</i>: early adaptation to xeric habitats on Pangea,2016,article,true,bronze,https://onlinelibrary.wiley.com/doi/pdfdirect/10.1111/cla.12184,,,34724754,MED,N,N,N,,,oa_pdf
https://openalex.org/W2688717477,10.1016/j.funbio.2017.06.003,Phylogenetic study of the Colletotrichum species on imported citrus fruits uncovers a low diversity and a new species in the Colletotrichum gigasporum complex,2017,article,false,closed,,,,28889910,MED,N,N,N,,,paywalled
https://openalex.org/W2975393882,10.3897/mycokeys.58.37176,"Three novel insect-associated species of Simplicillium (Cordycipitaceae, Hypocreales) from Southwest China",2019,article,true,gold,https://doi.org/10.3897/mycokeys.58.37176,cc-by,PMC6775174,31592222,MED,Y,Y,Y,,https://www.ebi.ac.uk/europepmc/webservices/rest/article/PMC6775174/fullTextXML,pmc_xml
https://openalex.org/W2981594822,10.1007/s10658-019-01860-6,Botryosphaeriaceae species associated with blueberry stem blight and dieback in the Centre Region of Portugal,2019,article,false,closed,,,,,AGR,N,N,N,,,paywalled
https://openalex.org/W2990051014,10.1038/s42003-019-0689-7,Extensive host-switching of avian feather lice following the Cretaceous-Paleogene mass extinction event,2019,article,true,gold,https://www.nature.com/articles/s42003-019-0689-7.pdf,cc-by-sa,PMC6884534,31815200,MED,Y,Y,Y,,https://www.ebi.ac.uk/europepmc/webservices/rest/article/PMC6884534/fullTextXML,pmc_xml
https://openalex.org/W3116350689,10.1093/zoolinnean/zlaa162,"Revision of the higher taxonomy of Neotropical freshwater crabs of the family Pseudothelphusidae, based on multigene and morphological analyses",2020,article,false,closed,,,,,,,,,,,paywalled
https://openalex.org/W4226184451,10.1111/syen.12546,"From modern to classic: Classification of the planthopper family Issidae (Hemiptera, Auchenorrhyncha, Fulgoroidea) derived from a total‐evidence phylogeny",2022,article,false,closed,,,,,AGR,N,N,N,,,paywalled
https://openalex.org/W2409676838,10.1038/srep20096,Fifteen new earthworm mitogenomes shed new light on phylogeny within the Pheretima complex,2016,article,true,gold,https://www.nature.com/articles/srep20096.pdf,cc-by,PMC4735579,26833286,MED,Y,Y,Y,,https://www.ebi.ac.uk/europepmc/webservices/rest/article/PMC4735579/fullTextXML,pmc_xml
https://openalex.org/W2568029028,10.1016/j.ympev.2017.01.003,Genetic spatial structure of an anchialine cave annelid indicates connectivity within - but not between - islands of the Great Bahama Bank,2017,article,true,bronze,https://www.sciencedirect.com/science/article/am/pii/S1055790317300088?via%3Dihub,,,28069534,MED,N,N,N,,,oa_pdf
https://openalex.org/W2614426386,10.1080/14772000.2017.1317672,"Taxonomy and phylogeny of<i>Lineus torquatus</i>and allies (Nemertea, Lineidae) with descriptions of a new genus and a new cryptic species",2017,article,false,closed,,,,,,,,,,,paywalled
https://openalex.org/W2792231688,10.1111/jbi.13183,Tethyan closure drove tropical marine biodiversity: Vicariant diversification of intertidal crustaceans,2018,article,false,closed,,,,,AGR,N,N,N,,,paywalled
https://openalex.org/W3016750893,10.1016/j.ympev.2020.106841,Vastly underestimated species richness of Amazonian salamanders (Plethodontidae: Bolitoglossa) and implications about plethodontid diversification,2020,article,true,green,https://hdl.handle.net/10923/20520,,,32305511,MED,N,N,N,,,oa_pdf
https://openalex.org/W3033340173,10.3897/bdj.8.e53678,Distoseptispora bambusae sp. nov. (Distoseptisporaceae) on bamboo from China and Thailand,2020,article,true,gold,https://doi.org/10.3897/bdj.8.e53678,cc-by,PMC7280319,32547305,MED,Y,Y,Y,,https://www.ebi.ac.uk/europepmc/webservices/rest/article/PMC7280319/fullTextXML,pmc_xml
https://openalex.org/W3033702760,10.1111/syen.12425,Phylogeny and classification of the leafhopper subfamily Eurymelinae (Hemiptera: Cicadellidae) inferred from molecules and morphology,2020,article,true,bronze,https://onlinelibrary.wiley.com/doi/pdfdirect/10.1111/syen.12425,,,,AGR,N,N,N,,,oa_pdf
https://openalex.org/W1753487726,10.1111/syen.12133,A molecular phylogenetic study of <scp>C</scp> ucujidae s.l. ( <scp>C</scp> oleoptera: <scp>C</scp> ucujoidea),2015,article,false,closed,,,,,AGR,N,N,N,,,paywalled
https://openalex.org/W2086061994,10.1371/journal.pone.0123594,"The First Mitochondrial Genome of the Sepsid Fly Nemopoda mamaevi Ozerov, 1997 (Diptera: Sciomyzoidea: Sepsidae), with Mitochondrial Genome Phylogeny of Cyclorrhapha",2015,article,true,gold,https://journals.plos.org/plosone/article/file?id=10.1371/journal.pone.0123594&type=printable,cc-by,PMC4380458,25826648,MED,Y,Y,Y,,https://www.ebi.ac.uk/europepmc/webservices/rest/article/PMC4380458/fullTextXML,pmc_xml
https://openalex.org/W2547127026,10.1038/srep36426,The first complete mitochondrial genome of Dacus longicornis (Diptera: Tephritidae) using next-generation sequencing and mitochondrial genome phylogeny of Dacini tribe,2016,article,true,gold,https://www.nature.com/articles/srep36426.pdf,cc-by,PMC5095552,27812024,MED,Y,Y,Y,,https://www.ebi.ac.uk/europepmc/webservices/rest/article/PMC5095552/fullTextXML,pmc_xml
https://openalex.org/W2981848107,10.1186/s13071-019-3750-y,"Hidden biodiversity revealed by integrated morphology and genetic species delimitation of spring dwelling water mite species (Acari, Parasitengona: Hydrachnidia)",2019,article,true,gold,https://parasitesandvectors.biomedcentral.com/track/pdf/10.1186/s13071-019-3750-y,cc-by,PMC6805402,31639027,MED,Y,Y,Y,,https://www.ebi.ac.uk/europepmc/webservices/rest/article/PMC6805402/fullTextXML,pmc_xml
https://openalex.org/W3024913097,10.3897/zookeys.932.48532,"Hungry scale worms: Phylogenetics of Peinaleopolynoe (Polynoidae, Annelida), with four new species",2020,article,true,gold,https://doi.org/10.3897/zookeys.932.48532,cc-by,PMC7237507,32476973,MED,Y,Y,Y,,https://www.ebi.ac.uk/europepmc/webservices/rest/article/PMC7237507/fullTextXML,pmc_xml
https://openalex.org/W3034105186,10.1016/j.ijbiomac.2020.06.043,Comparative analysis of mitochondrial genomes among the subfamily Sarcophaginae (Diptera: Sarcophagidae) and phylogenetic implications,2020,article,false,closed,,,,32526299,MED,N,N,N,,,paywalled
https://openalex.org/W3044068205,10.3390/f11080805,"Pestalotiopsis pini sp. nov., an Emerging Pathogen on Stone Pine (Pinus pinea L.)",2020,article,true,gold,https://www.mdpi.com/1999-4907/11/8/805/pdf,cc-by,,,,,,,,,oa_pdf
https://openalex.org/W3122659540,10.1038/s41598-021-82040-7,Comparative mitochondrial genome analysis reveals intron dynamics and gene rearrangements in two Trametes species,2021,article,true,gold,https://www.nature.com/articles/s41598-021-82040-7.pdf,cc-by,PMC7843977,33510299,MED,Y,Y,Y,,https://www.ebi.ac.uk/europepmc/webservices/rest/article/PMC7843977/fullTextXML,pmc_xml
https://openalex.org/W3161595032,10.1016/j.ympev.2021.107205,Genomic phylogeography of the White-crowned Manakin Pseudopipra pipra (Aves: Pipridae) illuminates a continental-scale radiation out of the Andes,2021,article,true,hybrid,https://doi.org/10.1016/j.ympev.2021.107205,cc-by,,34015448,MED,N,N,N,,,oa_pdf
https://openalex.org/W3167205207,10.3389/fmicb.2021.646567,"Characterization of the Complete Mitochondrial Genome of Basidiomycete Yeast Hannaella oryzae: Intron Evolution, Gene Rearrangement, and Its Phylogeny",2021,article,true,gold,https://doi.org/10.3389/fmicb.2021.646567,cc-by,PMC8193148,34122362,MED,Y,Y,Y,,https://www.ebi.ac.uk/europepmc/webservices/rest/article/PMC8193148/fullTextXML,pmc_xml
https://openalex.org/W3179577831,10.1093/isd/ixab014,"A New Family of Stoneflies (Insecta: Plecoptera), Kathroperlidae, fam. n., with a Phylogenomic Analysis of the Paraperlinae (Plecoptera: Chloroperlidae)",2021,article,false,closed,,,,,,,,,,,paywalled
https://openalex.org/W2049839681,10.1111/cla.12087,"Polyphyly of <scp>C</scp>addoidea, reinstatement of the family <scp>A</scp>cropsopilionidae in <scp>D</scp>yspnoi, and a revised classification system of <scp>P</scp>alpatores (<scp>A</scp>rachnida, <scp>O</scp>piliones)",2014,article,true,bronze,https://onlinelibrary.wiley.com/doi/pdfdirect/10.1111/cla.12087,,,34772266,MED,N,N,N,,,oa_pdf
https://openalex.org/W2099407878,10.1371/journal.pone.0106649,Two Low Coverage Bird Genomes and a Comparison of Reference-Guided versus De Novo Genome Assemblies,2014,article,true,gold,https://journals.plos.org/plosone/article/file?id=10.1371/journal.pone.0106649&type=printable,cc-by,PMC4156343,25192061,MED,Y,Y,Y,,https://www.ebi.ac.uk/europepmc/webservices/rest/article/PMC4156343/fullTextXML,pmc_xml
https://openalex.org/W2775583635,10.1093/botlinnean/box057,Origin and biogeography of the ancient genus Isoëtes with focus on the Neotropics,2017,article,false,closed,,,,,,,,,,,paywalled
https://openalex.org/W2800866985,10.1094/pdis-09-17-1345-re,Phylogenetic Assignment of <i>Ralstonia pseudosolanacearum</i> (<i>Ralstonia solanacearum</i> Phylotype I) Isolated from <i>Rosa</i> spp.,2018,article,true,bronze,https://apsjournals.apsnet.org/doi/pdf/10.1094/PDIS-09-17-1345-RE,,,30192708,MED,N,N,N,,,oa_pdf
https://openalex.org/W2887458809,10.1371/journal.pone.0200956,Testing the utility of DNA barcodes and a preliminary phylogenetic framework for Chinese freshwater mussels (Bivalvia: Unionidae) from the middle and lower Yangtze River,2018,article,true,gold,https://journals.plos.org/plosone/article/file?id=10.1371/journal.pone.0200956&type=printable,cc-by,PMC6082535,30089124,MED,Y,Y,Y,,https://www.ebi.ac.uk/europepmc/webservices/rest/article/PMC6082535/fullTextXML,pmc_xml
https://openalex.org/W2898873999,10.1371/journal.pone.0199404,"The complete mitochondrial genome of Melon thrips, Thrips palmi (Thripinae): Comparative analysis",2018,article,true,gold,https://journals.plos.org/plosone/article/file?id=10.1371/journal.pone.0199404&type=printable,cc-by,PMC6209132,30379813,MED,Y,Y,Y,,https://www.ebi.ac.uk/europepmc/webservices/rest/article/PMC6209132/fullTextXML,pmc_xml
https://openalex.org/W2903760247,10.1111/zsc.12333,The diversification of neopasiphaeine bees during the Cenozoic (Hymenoptera: Colletidae),2018,article,true,green,https://research.edgehill.ac.uk/en/publications/a04688b7-9809-4b81-8e31-f052dac0380a,,,,,,,,,,oa_pdf
https://openalex.org/W2964862245,10.3897/mycokeys.57.36628,"Phylogeny and taxonomy of two new Plectosphaerella (Plectosphaerellaceae, Glomerellales) species from China",2019,article,true,gold,https://doi.org/10.3897/mycokeys.57.36628,cc-by,PMC6694076,31423085,MED,Y,Y,Y,,https://www.ebi.ac.uk/europepmc/webservices/rest/article/PMC6694076/fullTextXML,pmc_xml
https://openalex.org/W3007026964,10.1098/rspb.2019.2327,Genomic and biochemical evidence of dietary adaptation in a marine herbivorous fish,2020,article,true,bronze,https://royalsocietypublishing.org/doi/pdf/10.1098/rspb.2019.2327,,PMC7062031,32070255,MED,Y,N,Y,,,oa_pdf
https://openalex.org/W3039951189,10.1038/s41598-020-67800-1,"Ophidiomycosis surveillance of snakes in Georgia, USA reveals new host species and taxonomic associations with disease",2020,article,true,gold,https://www.nature.com/articles/s41598-020-67800-1.pdf,cc-by,PMC7331741,32616837,MED,Y,Y,Y,,https://www.ebi.ac.uk/europepmc/webservices/rest/article/PMC7331741/fullTextXML,pmc_xml
https://openalex.org/W32141176,10.1016/b978-0-12-417165-7.00003-9,"Nature, Evolution and Characterisation of Rhizospheric Chemical Exudates Affecting Root Herbivores",2013,book-chapter,false,closed,,,,,AGR,N,N,N,,,paywalled
https://openalex.org/W1972500560,10.11646/phytotaxa.190.1.11,"New Insights into the Genus Lithophyllum (Lithophylloideae, Corallinaceae, Corallinales) from Deepwater Rhodolith Beds Offshore the NW Gulf of Mexico",2014,article,true,bronze,https://www.biotaxa.org/Phytotaxa/article/download/phytotaxa.190.1.11/18096,,,,,,,,,,oa_pdf
https://openalex.org/W2096295757,10.1071/is13019,Stable phylogenetic patterns in scutigeromorph centipedes (Myriapoda : Chilopoda : Scutigeromorpha): dating the diversification of an ancient lineage of terrestrial arthropods,2013,article,false,closed,,,,,,,,,,,paywalled
https://openalex.org/W2123568437,10.1093/aobpla/plv051,Patterns of genetic diversity in three plant lineages endemic to the Cape Verde Islands,2015,article,true,gold,https://academic.oup.com/aobpla/article-pdf/doi/10.1093/aobpla/plv051/13744116/plv051.pdf,cc-by,PMC4501515,25979965,MED,Y,Y,Y,,https://www.ebi.ac.uk/europepmc/webservices/rest/article/PMC4501515/fullTextXML,pmc_xml
https://openalex.org/W2342738752,10.1016/j.ympev.2016.04.033,Reducing long-branch effects in multi-protein data uncovers a close relationship between Alveolata and Rhizaria,2016,article,false,closed,,,,27132173,MED,N,N,N,,,paywalled
https://openalex.org/W2346213747,10.1007/s10658-016-0952-4,Identification and characterization of Phytopythium helicoides causing stem rot of Shatangju mandarin seedlings in China,2016,article,false,closed,,,,,AGR,N,N,N,,,paywalled
https://openalex.org/W2472695498,10.1007/s00300-016-1910-5,"Looking beneath the tip of the iceberg: diversification of the genus Epimeria on the Antarctic shelf (Crustacea, Amphipoda)",2016,article,false,closed,,,,,,,,,,,paywalled
https://openalex.org/W2918517048,10.1111/syen.12350,Phylogenomic analysis of seal lice reveals codivergence with their hosts,2019,article,true,green,http://hdl.handle.net/11336/119422,,,,AGR,N,N,N,,,oa_pdf
https://openalex.org/W2920011272,10.1016/j.protis.2019.02.003,Discovery of a New Clade Nested Within the Genus Alexandrium (Dinophyceae): Morpho-molecular Characterization of Centrodinium punctatum (Cleve) F.J.R. Taylor,2019,article,true,green,https://archimer.ifremer.fr/doc/00483/59496/,,,31031223,MED,N,N,N,,,oa_pdf
https://openalex.org/W2954915919,10.1111/zsc.12369,Mitochondrial genome reorganization characterizes various lineages of mesostigmatid mites (Acari: Parasitiformes),2019,article,false,closed,,,,,,,,,,,paywalled
https://openalex.org/W3013682547,10.31610/trudyzin/2020.324.1.146,New insights into the molecular phylogeny and taxonomy of the family Issidae (Hemiptera: Auchenorrhyncha: Fulgoroidea),2020,article,true,diamond,https://www.zin.ru/journals/trudyzin/doc/vol_324_1/TZ_324_1_Gnezdilov.pdf,,,,,,,,,,oa_pdf
https://openalex.org/W3014156443,10.3390/d12040144,News from the Sea: A New Genus and Seven New Species in the Pleosporalean Families Roussoellaceae and Thyridariaceae,2020,article,true,gold,https://www.mdpi.com/1424-2818/12/4/144/pdf,cc-by,,,,,,,,,oa_pdf
https://openalex.org/W3032842632,10.1111/syen.12441,Evolution of feeding habits of sap beetles (Coleoptera: Nitidulidae) and placement of Calonecrinae,2020,article,false,closed,,,,,,,,,,,paywalled
https://openalex.org/W3080494307,10.3389/fpls.2020.01112,"NtCIPK9: A Calcineurin B-Like Protein-Interacting Protein Kinase From the Halophyte Nitraria tangutorum, Enhances Arabidopsis Salt Tolerance",2020,article,true,gold,https://www.frontiersin.org/articles/10.3389/fpls.2020.01112/pdf,cc-by,PMC7472804,32973820,MED,Y,Y,Y,,https://www.ebi.ac.uk/europepmc/webservices/rest/article/PMC7472804/fullTextXML,pmc_xml
https://openalex.org/W3086171914,10.1007/s10658-020-02112-8,"Botryosphaeriaceae species on forest trees in Portugal: diversity, distribution and pathogenicity",2020,article,false,closed,,,,,AGR,N,N,N,,,paywalled
https://openalex.org/W4213114546,10.1093/zoolinnean/zlab101,The <i>Macrobiotus ariekammensis</i> species complex provides evidence for parallel evolution of claw elongation in macrobiotid tardigrades,2021,article,true,green,https://ruj.uj.edu.pl/xmlui/handle/item/307474,,,,,,,,,,oa_pdf
https://openalex.org/W2065343773,10.1016/j.ympev.2014.01.007,"Phylogenetic relationships of yellowjackets inferred from nine loci (Hymenoptera: Vespidae, Vespinae, Vespula and Dolichovespula)",2014,article,false,closed,,,,24462637,MED,N,N,N,,,paywalled
https://openalex.org/W2589209312,10.1111/ppa.12696,Assessment of the genetic diversity of <i>Xylella fastidiosa</i> in imported ornamental <i>Coffea arabica</i> plants,2017,article,true,bronze,https://onlinelibrary.wiley.com/doi/pdfdirect/10.1111/ppa.12696,,,,AGR,N,N,N,,,oa_pdf
https://openalex.org/W2758215900,10.1111/zsc.12258,Anophthalmia and elongation of body appendages in cave scale worms (Annelida: Aphroditiformia),2017,article,false,closed,,,,,,,,,,,paywalled
https://openalex.org/W2765287690,10.1186/s12862-017-1065-1,"Do ampharetids take sedimented steps between vents and seeps? Phylogeny and habitat-use of Ampharetidae (Annelida, Terebelliformia) in chemosynthesis-based ecosystems",2017,article,true,gold,https://bmcecolevol.biomedcentral.com/track/pdf/10.1186/s12862-017-1065-1,cc-by,PMC5664827,29089027,MED,Y,Y,Y,,https://www.ebi.ac.uk/europepmc/webservices/rest/article/PMC5664827/fullTextXML,pmc_xml
https://openalex.org/W2907723420,10.3897/zookeys.812.29908,"Analysis of mitochondrial genomes resolves the phylogenetic position of Chinese freshwater mussels (Bivalvia, Unionidae)",2019,article,true,gold,https://doi.org/10.3897/zookeys.812.29908,cc-by,PMC6328525,30636909,MED,Y,Y,Y,,https://www.ebi.ac.uk/europepmc/webservices/rest/article/PMC6328525/fullTextXML,pmc_xml
https://openalex.org/W2913677350,10.3390/ijms20030747,Mitochondrial Genomes Provide Insights into the Phylogeny of Culicomorpha (Insecta: Diptera),2019,article,true,gold,https://www.mdpi.com/1422-0067/20/3/747/pdf?version=1549867484,cc-by,PMC6387087,30754618,MED,Y,Y,Y,,https://www.ebi.ac.uk/europepmc/webservices/rest/article/PMC6387087/fullTextXML,pmc_xml
https://openalex.org/W2937727526,10.1007/s11046-019-00336-9,Molecular and Phenotypic Characterization of Nannizzia (Arthrodermataceae),2019,article,true,hybrid,https://link.springer.com/content/pdf/10.1007/s11046-019-00336-9.pdf,cc-by,,30976955,MED,N,N,N,,,oa_pdf
https://openalex.org/W2950398636,10.3390/insects10060168,Identification and Virulence Characterization of Two Akanthomyces attenuatus Isolates Against Megalurothrips usitatus (Thysanoptera: Thripidae),2019,article,true,gold,https://www.mdpi.com/2075-4450/10/6/168/pdf?version=1560426640,cc-by,PMC6627670,31200549,MED,Y,Y,Y,,https://www.ebi.ac.uk/europepmc/webservices/rest/article/PMC6627670/fullTextXML,pmc_xml
https://openalex.org/W3004472348,10.3390/insects11030164,"New Data, Old Story: Molecular Data Illuminate the Tribal Relationships among Rove Beetles of the Subfamily Staphylininae (Coleoptera: Staphylinidae)",2020,article,true,gold,https://www.mdpi.com/2075-4450/11/3/164/pdf,cc-by,PMC7143346,32143338,MED,Y,Y,Y,,https://www.ebi.ac.uk/europepmc/webservices/rest/article/PMC7143346/fullTextXML,pmc_xml
https://openalex.org/W3032648021,10.1016/j.jcz.2020.05.003,"Revisiting the genus Mesobiotus Vecchi et al., 2016 (Eutardigrada, Macrobiotidae) – remarks, updated dichotomous key and an integrative description of new species from Madagascar",2020,article,true,green,https://ruj.uj.edu.pl/xmlui/handle/item/243382,,,,,,,,,,oa_pdf
https://openalex.org/W3148947162,10.1038/s41598-021-86248-5,Insights into the role of deep-sea squids of the genus Histioteuthis (Histioteuthidae) in the life cycle of ascaridoid parasites in the Central Mediterranean Sea waters,2021,article,true,gold,https://www.nature.com/articles/s41598-021-86248-5.pdf,cc-by,PMC8009913,33785783,MED,Y,Y,Y,,https://www.ebi.ac.uk/europepmc/webservices/rest/article/PMC8009913/fullTextXML,pmc_xml
https://openalex.org/W4206907214,10.1111/syen.12534,Higher classification of mealybugs (Hemiptera: Coccomorpha) inferred from molecular phylogeny and their endosymbionts,2022,article,true,bronze,https://onlinelibrary.wiley.com/doi/pdfdirect/10.1111/syen.12534,,,,AGR,N,N,N,,,oa_pdf
https://openalex.org/W2746595037,10.1111/maec.12443,Cryptic diversity of marine gastropod <i>Monodonta labio</i> (Trochidae): did the early Pleistocene glacial isolation and sea surface temperature gradient jointly drive diversification of sister species and/or subspecies in the Northwestern Pacific?,2017,article,false,closed,,,,,,,,,,,paywalled
https://openalex.org/W2797986173,10.1111/zsc.12285,Survival in northern microrefugia in an endemic Carpathian gammarid (Crustacea: Amphipoda),2018,article,false,closed,,,,,,,,,,,paywalled
https://openalex.org/W2802988347,10.1016/j.ympev.2018.05.004,"First insights on the biogeographical history of Phlegmariurus (Lycopodiaceae), with a focus on Madagascar",2018,article,false,closed,,,,29733977,MED,N,N,N,,,paywalled
https://openalex.org/W2886005363,10.1038/s41598-018-30705-1,Novel phages of healthy skin metaviromes from South Africa,2018,article,true,gold,https://www.nature.com/articles/s41598-018-30705-1.pdf,cc-by,PMC6095929,30115980,MED,Y,Y,Y,,https://www.ebi.ac.uk/europepmc/webservices/rest/article/PMC6095929/fullTextXML,pmc_xml
https://openalex.org/W2922217628,10.1007/s10658-019-01708-z,"Characterization and pathogenicity of Cylindrocarpon-like asexual morphs associated with black foot disease in Algerian grapevine nurseries, with the description of Pleiocarpon algeriense sp. nov.",2019,article,true,green,http://hdl.handle.net/10251/147779,,,,AGR,N,N,N,,,oa_pdf
https://openalex.org/W2950855724,10.1016/j.ympev.2016.12.039,Model selection in statistical historical biogeography of Neotropical insects—The Exophthalmus genus complex (Curculionidae: Entiminae),2017,article,false,closed,,,,28057552,MED,N,N,N,,,paywalled
https://openalex.org/W2981415556,10.1371/journal.pone.0224463,The evolution of haploid chromosome numbers in Meliponini,2019,article,true,gold,https://journals.plos.org/plosone/article/file?id=10.1371/journal.pone.0224463&type=printable,cc-by,PMC6812824,31648276,MED,Y,Y,Y,,https://www.ebi.ac.uk/europepmc/webservices/rest/article/PMC6812824/fullTextXML,pmc_xml
https://openalex.org/W3004048898,10.1016/j.ympev.2020.106735,The impact of Miocene orogeny for the diversification of Caucasian Epeorus (Caucasiron) mayflies (Ephemeroptera: Heptageniidae),2020,article,false,closed,,,,32001364,MED,N,N,N,,,paywalled
https://openalex.org/W3094136499,10.3389/fmicb.2020.561381,"Fast Recognition of Lecanicillium spp., and Its Virulence Against Frankliniella occidentalis",2020,article,true,gold,https://doi.org/10.3389/fmicb.2020.561381,cc-by,PMC7642397,33193147,MED,Y,Y,Y,,https://www.ebi.ac.uk/europepmc/webservices/rest/article/PMC7642397/fullTextXML,pmc_xml
https://openalex.org/W3115901362,10.1016/j.csbj.2020.12.041,The mitogenomes of two saprophytic Boletales species ( <i>Coniophora</i> ) reveals intron dynamics and accumulation of plasmid-derived and non-conserved genes,2020,article,true,gold,https://ars.els-cdn.com/content/image/1-s2.0-S2001037020305663-ga1_lrg.jpg,cc-by,PMC7804350,33489009,MED,Y,Y,Y,,https://www.ebi.ac.uk/europepmc/webservices/rest/article/PMC7804350/fullTextXML,pmc_xml
https://openalex.org/W3138019119,10.1371/journal.pone.0247747,"A combined molecular and morphological phylogeny of the Loricariinae (Siluriformes: Loricariidae), with emphasis on the Harttiini and Farlowellini",2021,article,true,gold,https://journals.plos.org/plosone/article/file?id=10.1371/journal.pone.0247747&type=printable,cc-by,PMC7959404,33720930,MED,Y,Y,Y,,https://www.ebi.ac.uk/europepmc/webservices/rest/article/PMC7959404/fullTextXML,pmc_xml
https://openalex.org/W3151159532,10.1038/s41598-021-84910-6,Phylogeography and morphological evolution of Pseudechiniscus (Heterotardigrada: Echiniscidae),2021,article,true,gold,https://www.nature.com/articles/s41598-021-84910-6.pdf,cc-by,PMC8027217,33828125,MED,Y,Y,Y,,https://www.ebi.ac.uk/europepmc/webservices/rest/article/PMC8027217/fullTextXML,pmc_xml
https://openalex.org/W4296460889,10.1186/s12870-022-03836-x,"The extremely reduced, diverged and reconfigured plastomes of the largest mycoheterotrophic orchid lineage",2022,article,true,gold,https://doi.org/10.1186/s12870-022-03836-x,cc-by,PMC9487142,36123622,MED,Y,Y,Y,,https://www.ebi.ac.uk/europepmc/webservices/rest/article/PMC9487142/fullTextXML,pmc_xml
https://openalex.org/W1448646164,10.3897/jhr.45.5010,"Phylogenetic relationships among the subfamilies of Dryinidae (Hymenoptera, Chrysidoidea) as reconstructed by molecular sequencing",2015,article,true,gold,https://doi.org/10.3897/jhr.45.5010,cc-by,,,,,,,,,oa_pdf
https://openalex.org/W1704938517,10.3109/19401736.2015.1053114,Multiplexed pyrosequencing of nine sea anemone (Cnidaria: Anthozoa: Hexacorallia: Actiniaria) mitochondrial genomes,2015,article,false,closed,,,,26104159,MED,N,N,N,,,paywalled
https://openalex.org/W2336564082,10.1111/zoj.12419,"A molecular phylogeny of the temperate Gondwanan family Pettalidae (Arachnida, Opiliones, Cyphophthalmi) and the limits of taxonomic sampling",2016,article,false,closed,,,,,,,,,,,paywalled
https://openalex.org/W2585290115,10.1007/s11295-017-1113-4,Molecular phylogeography and population evolution analysis of Citrus ichangensis (Rutaceae),2017,article,false,closed,,,,,,,,,,,paywalled
https://openalex.org/W2588391559,10.1186/s12864-016-3480-x,Comparative analysis of the mitochondrial genomes of Colletotrichum gloeosporioides sensu lato: insights into the evolution of a fungal species complex interacting with diverse plants,2017,article,true,gold,https://bmcgenomics.biomedcentral.com/track/pdf/10.1186/s12864-016-3480-x,,PMC5311727,28201983,MED,Y,Y,Y,,https://www.ebi.ac.uk/europepmc/webservices/rest/article/PMC5311727/fullTextXML,pmc_xml
https://openalex.org/W2730640676,10.1007/s10750-017-3259-3,"Cryptic diversity and speciation in endemic Cytherissa (Ostracoda, Crustacea) from Lake Baikal",2017,article,false,closed,,,,,,,,,,,paywalled
https://openalex.org/W2751330825,10.1016/j.ympev.2017.08.017,"Paleoclimate determines diversification patterns in the fossorial snake family Uropeltidae Cuvier, 1829",2017,article,false,closed,,,,28867076,MED,N,N,N,,,paywalled
https://openalex.org/W2790629598,10.3897/mycokeys.33.23341,"New nematicidal and antimicrobial secondary metabolites from a new species in the new genus, Pseudobambusicola thailandica",2018,article,true,gold,https://doi.org/10.3897/mycokeys.33.23341,cc-by,PMC5904430,29681740,MED,Y,Y,Y,,https://www.ebi.ac.uk/europepmc/webservices/rest/article/PMC5904430/fullTextXML,pmc_xml
https://openalex.org/W2889680477,10.1016/j.ijbiomac.2018.09.091,The first complete mitochondrial genome from the family Hygrophoraceae (Hygrophorus russula) by next-generation sequencing and phylogenetic implications,2018,article,false,closed,,,,30227210,MED,N,N,N,,,paywalled
https://openalex.org/W2907804417,10.1111/evo.13670,Adaptive radiation in labrid fishes: A central role for functional innovations during 65 My of relentless diversification,2018,article,false,closed,,,,30592533,MED,N,N,N,,,paywalled
https://openalex.org/W2966832218,10.1093/gbe/evz155,Nephromyces represents a diverse and novel lineage of the Apicomplexa that has retained apicoplasts,2019,article,true,gold,https://academic.oup.com/gbe/article-pdf/11/10/2727/32219500/evz155.pdf,cc-by-nc,PMC6777426,31328784,MED,Y,Y,Y,,https://www.ebi.ac.uk/europepmc/webservices/rest/article/PMC6777426/fullTextXML,pmc_xml
https://openalex.org/W2995472976,10.3390/pathogens9010009,New Species of the Genus Curvularia: C. tamilnaduensis and C. coimbatorensis from Fungal Keratitis Cases in South India,2019,article,true,gold,https://www.mdpi.com/2076-0817/9/1/9/pdf?version=1576834975,cc-by,PMC7168623,31861831,MED,Y,Y,Y,,https://www.ebi.ac.uk/europepmc/webservices/rest/article/PMC7168623/fullTextXML,pmc_xml
https://openalex.org/W3020025786,10.1111/cla.12419,Exploring the phylogeny of the marattialean ferns,2020,article,true,hybrid,https://onlinelibrary.wiley.com/doi/pdfdirect/10.1111/cla.12419,cc-by,,34618987,MED,N,N,N,,,oa_pdf
https://openalex.org/W3042483138,10.1016/j.jcz.2020.07.002,"Description of Milnesium pentapapillatum sp. nov., with an amendment of the diagnosis of the order Apochela and abolition of the class Apotardigrada (Tardigrada)",2020,article,true,green,https://ruj.uj.edu.pl/xmlui/handle/item/252355,,,,,,,,,,oa_pdf
https://openalex.org/W4210319858,10.1093/zoolinnean/zlac012,"New data on the mitochondrial genome of Nematocera (lower Diptera): features, structures and phylogenetic implications",2022,article,false,closed,,,,,,,,,,,paywalled
https://openalex.org/W1449878533,10.1016/j.meegid.2015.08.011,"Morphogenetic characterisation, date of divergence, and evolutionary relationships of malaria vectors Anopheles cruzii and Anopheles homunculus",2015,article,true,green,http://dx.doi.org/10.1016/j.meegid.2015.08.011,,,26256676,MED,N,N,N,,,oa_pdf
https://openalex.org/W1890829267,10.1016/j.ympev.2015.10.015,Multigene phylogeny of the red algal subclass Nemaliophycidae,2015,article,false,closed,,,,26518739,MED,N,N,N,,,paywalled
https://openalex.org/W2073137085,10.1016/j.ympev.2014.02.009,Seven-locus molecular phylogeny of Myctophiformes (Teleostei; Scopelomorpha) highlights the utility of the order for studies of deep-sea evolution,2014,article,false,closed,,,,24583290,MED,N,N,N,,,paywalled
https://openalex.org/W2185961662,10.5943/mycosphere/5/6/3,Multi-gene genealogies reveal cryptic species Beauveria rudraprayagi sp. nov. from India,2014,article,true,diamond,https://doi.org/10.5943/mycosphere/5/6/3,cc-by-nc-sa,,,,,,,,,oa_pdf
https://openalex.org/W2623850875,10.1093/botlinnean/box021,Underestimated regional species diversity in the Cape Floristic Region revealed by phylogenetic analysis of the Erica abietina/E. viscaria clade (Ericaceae),2017,article,true,bronze,https://academic.oup.com/botlinnean/article-pdf/184/2/185/17688957/box021.pdf,,,,,,,,,,oa_pdf
https://openalex.org/W2792898749,10.3389/fpls.2018.00142,The Hemiparasitic Plant Phtheirospermum (Orobanchaceae) Is Polyphyletic and Contains Cryptic Species in the Hengduan Mountains of Southwest China,2018,article,true,gold,https://doi.org/10.3389/fpls.2018.00142,cc-by,PMC5812252,29479366,MED,Y,Y,Y,,https://www.ebi.ac.uk/europepmc/webservices/rest/article/PMC5812252/fullTextXML,pmc_xml
https://openalex.org/W2801785609,10.1002/ece3.4067,Does reproductive isolation reflect the segregation of color forms in <i>Spiranthes sinensis</i> (Pers.) Ames complex (Orchidaceae) in the Chinese Himalayas?,2018,article,true,gold,https://onlinelibrary.wiley.com/doi/pdfdirect/10.1002/ece3.4067,cc-by,PMC6010815,29938065,MED,Y,Y,Y,,https://www.ebi.ac.uk/europepmc/webservices/rest/article/PMC6010815/fullTextXML,pmc_xml
https://openalex.org/W2909844982,10.1111/evo.13671,"In love and war: The morphometric and phylogenetic basis of ornamentation, and the evolution of male display behavior, in the livebearer genus <i>Poecilia</i>",2019,article,false,closed,,,,30652306,MED,N,N,N,,,paywalled
https://openalex.org/W2920959005,10.1007/s11274-019-2625-x,Genome analysis of a Bacillus subtilis strain reveals genetic mutations determining biocontrol properties,2019,article,true,hybrid,https://link.springer.com/content/pdf/10.1007/s11274-019-2625-x.pdf,cc-by,PMC6435635,30868269,MED,Y,Y,Y,,https://www.ebi.ac.uk/europepmc/webservices/rest/article/PMC6435635/fullTextXML,pmc_xml
https://openalex.org/W2967408788,10.1002/ece3.5568,Host identity and phylogeny shape the foliar endophytic fungal assemblages of <i>Ficus</i>,2019,article,true,gold,https://onlinelibrary.wiley.com/doi/pdfdirect/10.1002/ece3.5568,cc-by,PMC6787831,31624561,MED,Y,Y,Y,,https://www.ebi.ac.uk/europepmc/webservices/rest/article/PMC6787831/fullTextXML,pmc_xml
https://openalex.org/W2982568462,10.1038/s41598-019-51765-x,Broad North Atlantic distribution of a meiobenthic annelid – against all odds,2019,article,true,gold,https://www.nature.com/articles/s41598-019-51765-x.pdf,cc-by,PMC6820731,31664164,MED,Y,Y,Y,,https://www.ebi.ac.uk/europepmc/webservices/rest/article/PMC6820731/fullTextXML,pmc_xml
https://openalex.org/W2993538251,10.1016/j.ympev.2019.106707,Multigene phylogeny uncovers oviposition-related evolutionary history of Cerambycinae (Coleoptera: Cerambycidae),2019,article,false,closed,,,,31830552,MED,N,N,N,,,paywalled
https://openalex.org/W3000239688,10.1016/j.ijbiomac.2020.01.014,The gene arrangement and phylogeny using mitochondrial genomes in spiders (Arachnida: Araneae),2020,article,false,closed,,,,31923488,MED,N,N,N,,,paywalled
https://openalex.org/W3048501507,10.3389/fmicb.2020.01970,The First Mitochondrial Genome for Geastrales (Sphaerobolus stellatus) Reveals Intron Dynamics and Large-Scale Gene Rearrangements of Basidiomycota,2020,article,true,gold,https://doi.org/10.3389/fmicb.2020.01970,cc-by,PMC7432440,32849488,MED,Y,Y,Y,,https://www.ebi.ac.uk/europepmc/webservices/rest/article/PMC7432440/fullTextXML,pmc_xml
https://openalex.org/W3159536602,10.7717/peerj.11294,"First complete mitogenomes of Diamesinae, Orthocladiinae, Prodiamesinae, Tanypodinae (Diptera: Chironomidae) and their implication in phylogenetics",2021,article,true,gold,https://doi.org/10.7717/peerj.11294,cc-by,PMC8106913,33996279,MED,Y,Y,Y,,https://www.ebi.ac.uk/europepmc/webservices/rest/article/PMC8106913/fullTextXML,pmc_xml
https://openalex.org/W4362467293,10.1186/s43008-023-00112-x,The first two mitochondrial genomes from Apiotrichum reveal mitochondrial evolution and different taxonomic assignment of Trichosporonales,2023,article,true,gold,https://imafungus.biomedcentral.com/counter/pdf/10.1186/s43008-023-00112-x,cc-by,PMC10064765,37004131,MED,Y,Y,Y,,https://www.ebi.ac.uk/europepmc/webservices/rest/article/PMC10064765/fullTextXML,pmc_xml
https://openalex.org/W1965857725,10.1111/1574-6941.12354,Novel Phl-producing genotypes of finger millet rhizosphere associated pseudomonads and assessment of their functional and genetic diversity,2014,article,true,bronze,https://academic.oup.com/femsec/article-pdf/89/1/32/18105127/89-1-32.pdf,,,24819774,MED,N,N,N,,,oa_pdf
https://openalex.org/W2278273461,10.1206/3852.1,A New<i>Tropidurus</i>(Tropiduridae) from the Semiarid Brazilian Caatinga: Evidence for Conflicting Signal between Mitochondrial and Nuclear Loci Affecting the Phylogenetic Reconstruction of South American Collared Lizards,2016,article,true,bronze,https://bioone.org/journals/american-museum-novitates/volume-2016/issue-3852/3852.1/A-New-Tropidurus-Tropiduridae-from-the-Semiarid-Brazilian-Caatinga/10.1206/3852.1.pdf,,,,,,,,,,oa_pdf
https://openalex.org/W2514550492,10.1016/j.funbio.2016.08.006,"3-Nitropropionic acid production by the endophytic Diaporthe citri: Molecular taxonomy, chemical characterization, and quantification under pH variation",2016,article,true,green,http://dx.doi.org/10.1016/j.funbio.2016.08.006,,,27890093,MED,N,N,N,,,oa_pdf
https://openalex.org/W2606348755,10.3390/ijms18040773,Mitochondrial Genomes Provide Insights into the Phylogeny of Lauxanioidea (Diptera: Cyclorrhapha),2017,article,true,gold,https://www.mdpi.com/1422-0067/18/4/773/pdf?version=1493689726,cc-by,PMC5412357,28420076,MED,Y,Y,Y,,https://www.ebi.ac.uk/europepmc/webservices/rest/article/PMC5412357/fullTextXML,pmc_xml
https://openalex.org/W2912856644,10.1007/s10709-019-00052-8,Species delimitation and genetic structure of two endemic Magnolia species (section Magnolia; Magnoliaceae) in Mexico,2019,article,false,closed,,,,30671745,MED,N,N,N,,,paywalled
https://openalex.org/W2924450642,10.1111/jfb.13944,Genetic diversity and population structure of the blue jack mackerel <i>Trachurus picturatus</i> across its western distribution,2019,article,false,closed,,,,30895622,MED,N,N,N,,,paywalled
https://openalex.org/W2943570583,10.1007/s10482-019-01269-5,Paraburkholderia strydomiana sp. nov. and Paraburkholderia steynii sp. nov.: rhizobial symbionts of the fynbos legume Hypocalyptus sophoroides,2019,article,false,closed,,,,31053961,MED,N,N,N,,,paywalled
https://openalex.org/W3016209938,10.1111/1751-7915.13568,"Genome mining of a fungal endophyte of <i>Taxus yunnanensis</i> (Chinese yew) leads to the discovery of a novel azaphilone polyketide, lijiquinone",2020,article,true,gold,https://doi.org/10.1111/1751-7915.13568,cc-by-nc-nd,PMC7415360,32281262,MED,Y,Y,Y,,https://www.ebi.ac.uk/europepmc/webservices/rest/article/PMC7415360/fullTextXML,pmc_xml
https://openalex.org/W3216822484,10.3389/fmicb.2021.791641,"Distribution, Function, and Evolution of a Gene Essential for Trichothecene Toxin Biosynthesis in Trichoderma",2021,article,true,gold,https://www.frontiersin.org/articles/10.3389/fmicb.2021.791641/pdf,cc-by,PMC8675399,34925301,MED,Y,Y,Y,,https://www.ebi.ac.uk/europepmc/webservices/rest/article/PMC8675399/fullTextXML,pmc_xml
https://openalex.org/W3216909252,10.1016/j.indcrop.2021.114293,Deciphering the effects of genetic characteristics and environmental factors on pharmacological active ingredients of Eucommia ulmoides,2021,article,false,closed,,,,,,,,,,,paywalled
https://openalex.org/W4288885795,10.1016/j.funbio.2022.07.004,The yeast lichenosphere: high diversity of basidiomycetes from the lichens Tephromela atra and Rhizoplaca melanophthalma,2022,article,true,green,https://hdl.handle.net/11368/3030200,,,36008051,MED,N,N,N,,,oa_pdf
https://openalex.org/W2885523118,10.1111/nph.15391,Pollen aggregation by viscin threads in<i>Rhododendron</i>varies with pollinator,2018,article,true,bronze,https://nph.onlinelibrary.wiley.com/doi/pdfdirect/10.1111/nph.15391,,,30121952,MED,N,N,N,,,oa_pdf
https://openalex.org/W2910528869,10.3390/genes10010038,Highly Resolved Phylogenetic Relationships within Order Acipenseriformes According to Novel Nuclear Markers,2019,article,true,gold,https://www.mdpi.com/2073-4425/10/1/38/pdf?version=1555061451,cc-by,PMC6356338,30634684,MED,Y,Y,Y,,https://www.ebi.ac.uk/europepmc/webservices/rest/article/PMC6356338/fullTextXML,pmc_xml
https://openalex.org/W2950272209,10.1111/syen.12371,Inverse dispersal patterns in a group of ant parasitoids (Hymenoptera: Eucharitidae: Oraseminae) and their ant hosts,2019,article,false,closed,,,,,AGR,N,N,N,,,paywalled
https://openalex.org/W3206964190,10.1111/zsc.12516,Mitogenomes provide new insights into the evolutionary history of Prodiamesinae (Diptera: Chironomidae),2021,article,false,closed,,,,,,,,,,,paywalled
https://openalex.org/W4309264706,10.1038/s44185-022-00001-3,"Climate change will redefine taxonomic, functional, and phylogenetic diversity of Odonata in space and time",2022,article,true,hybrid,https://www.nature.com/articles/s44185-022-00001-3.pdf,cc-by,PMC11290607,39242770,MED,Y,Y,Y,,https://www.ebi.ac.uk/europepmc/webservices/rest/article/PMC11290607/fullTextXML,pmc_xml
https://openalex.org/W2162363184,10.1111/evo.12006,DECIPHERING THE EVOLUTIONARY HISTORY AND DEVELOPMENTAL MECHANISMS OF A COMPLEX SEXUAL ORNAMENT: THE ABDOMINAL APPENDAGES OF SEPSIDAE (DIPTERA),2012,article,true,bronze,https://academic.oup.com/evolut/article-pdf/67/4/1069/49986695/evolut1069.pdf,,,23550756,MED,N,N,N,,,oa_pdf
https://openalex.org/W2344897823,10.1016/j.ympev.2016.04.020,Resolution of inter and intra-species relationships of the West Indian fruit fly Anastrepha obliqua,2016,article,false,closed,,,,27126185,MED,N,N,N,,,paywalled
https://openalex.org/W2768877922,10.1093/botlinnean/box072,"Molecular data, based on an exhaustive species sampling of the fern genus Rumohra (Dryopteridaceae), reveal a biogeographical history mostly shaped by dispersal and several cryptic species in the widely distributed Rumohra adiantiformis",2017,article,false,closed,,,,,,,,,,,paywalled
https://openalex.org/W2792995970,10.1111/zsc.12280,Exploring species boundaries with multiple genetic loci using empirical data from non‐biting midges,2018,article,true,hybrid,https://onlinelibrary.wiley.com/doi/pdfdirect/10.1111/zsc.12280,cc-by,,,,,,,,,oa_pdf
https://openalex.org/W2883760711,10.1670/17-074,"Evolutionary Significant Units within Populations of Neotropical Broad-Snouted Caimans (<i>Caiman latirostris</i>, Daudin, 1802)",2018,article,false,closed,,,,,,,,,,,paywalled
https://openalex.org/W2901945324,10.1038/s41598-018-35822-5,Complete mitochondrial genome of Black Soft-shell Turtle (Nilssonia nigricans) and comparative analysis with other Trionychidae,2018,article,true,gold,https://www.nature.com/articles/s41598-018-35822-5.pdf,cc-by,PMC6255766,30478342,MED,Y,Y,Y,,https://www.ebi.ac.uk/europepmc/webservices/rest/article/PMC6255766/fullTextXML,pmc_xml
https://openalex.org/W2953019258,10.1111/jeb.13131,Ecological drivers of body size evolution and sexual size dimorphism in short‐horned grasshoppers (Orthoptera: Acrididae),2017,article,true,bronze,https://onlinelibrary.wiley.com/doi/pdfdirect/10.1111/jeb.13131,,,28609564,MED,N,N,N,,,oa_pdf
https://openalex.org/W2974994285,10.1093/aob/mcz145,Slowly but surely: gradual diversification and phenotypic evolution in the hyper-diverse tree fern family Cyatheaceae,2019,article,true,hybrid,https://academic.oup.com/aob/article-pdf/125/1/93/31766968/mcz145.pdf,cc-by,PMC6948215,31562744,MED,Y,Y,Y,,https://www.ebi.ac.uk/europepmc/webservices/rest/article/PMC6948215/fullTextXML,pmc_xml
https://openalex.org/W3080157628,10.1007/s10530-020-02346-x,Disentangling invasions in the sea: molecular analysis of a global polychaete species complex (Annelida: Spionidae: Pseudopolydora paucibranchiata),2020,article,false,closed,,,,,AGR,N,N,N,,,paywalled
https://openalex.org/W3128492881,10.1007/s00253-021-11153-w,Panorama of intron dynamics and gene rearrangements in the phylum Basidiomycota as revealed by the complete mitochondrial genome of Turbinellus floccosus,2021,article,false,closed,,,,33555361,MED,N,N,N,,,paywalled
https://openalex.org/W4210244144,10.3390/jof8020162,Genomic Analysis of Stropharia rugosoannulata Reveals Its Nutritional Strategy and Application Potential in Bioremediation,2022,article,true,gold,https://www.mdpi.com/2309-608X/8/2/162/pdf?version=1644142955,cc-by,PMC8874372,35205916,MED,Y,Y,Y,,https://www.ebi.ac.uk/europepmc/webservices/rest/article/PMC8874372/fullTextXML,pmc_xml
https://openalex.org/W4285136605,10.3767/persoonia.2022.48.05,"Species diversity, phylogeny, endemism and geography of the truffle genus <i> Tuber</i> in China based on morphological and molecular data",2022,article,true,hybrid,https://doi.org/10.3767/persoonia.2022.48.05,cc-by-nc-nd,,,,,,,,,oa_pdf
https://openalex.org/W4317915616,10.1093/mmy/myad009,"<i>Candida khanbhai</i> sp. nov., a new clinically relevant yeast within the <i>Candida haemulonii</i> species complex",2023,article,true,hybrid,https://academic.oup.com/mmy/article-pdf/61/2/myad009/49241580/myad009.pdf,cc-by-nc,PMC9936790,36694950,MED,Y,Y,Y,,https://www.ebi.ac.uk/europepmc/webservices/rest/article/PMC9936790/fullTextXML,pmc_xml
https://openalex.org/W2413257069,10.1111/zsc.12183,"The genus <i>Cyclops</i> (Copepoda, Cyclopoida) in Europe",2016,article,false,closed,,,,,,,,,,,paywalled
https://openalex.org/W2566823831,10.1371/journal.pone.0168464,Genetic Characterization of Circulating 2015 A(H1N1)pdm09 Influenza Viruses from Eastern India,2016,article,true,gold,https://journals.plos.org/plosone/article/file?id=10.1371/journal.pone.0168464&type=printable,cc-by,PMC5172622,27997573,MED,Y,Y,Y,,https://www.ebi.ac.uk/europepmc/webservices/rest/article/PMC5172622/fullTextXML,pmc_xml
https://openalex.org/W2621056266,10.1016/j.aspen.2017.05.010,Genomic and phylogenetic analysis of the complete mitochondrial DNA sequence of walnut leaf pest Paleosepharia posticata (Coleoptera: Chrysomeloidea),2017,article,false,closed,,,,,,,,,,,paywalled
https://openalex.org/W2732822118,10.1038/s41559-017-0233-4,Sex-specific evolution during the diversification of live-bearing fishes,2017,article,false,closed,,,,29046573,MED,N,N,N,,,paywalled
https://openalex.org/W2810016872,10.1016/j.protis.2018.06.005,Molecular and Morphological Diversity of the Oxymonad Genera Monocercomonoides and Blattamonas gen. nov.,2018,article,false,closed,,,,30138782,MED,N,N,N,,,paywalled
https://openalex.org/W2883330903,10.5852/ejt.2018.452,Integrative description of Macrobiotus canaricus sp. nov. with notes on M. recens (Eutardigrada: Macrobiotidae),2018,article,true,diamond,https://europeanjournaloftaxonomy.eu/index.php/ejt/article/download/583/1331,cc-by,,,,,,,,,oa_pdf
https://openalex.org/W2889714907,10.1016/j.funeco.2018.09.002,Basidiomycota isolated from the Mediterranean Sea – Phylogeny and putative ecological roles,2018,article,true,green,http://hdl.handle.net/2318/1676797,,,,,,,,,,oa_pdf
https://openalex.org/W2897978305,10.1016/j.ijbiomac.2018.10.124,"Comparative mitochondrial genome analysis of the firefly, Inflata indica (Coleoptera: Lampyridae) and the first evidence of heteroplasmy in fireflies",2018,article,false,closed,,,,30339996,MED,N,N,N,,,paywalled
https://openalex.org/W2950849812,10.1093/botlinnean/boz020,Dynamism in plastome structure observed across the phylogenetic tree of ferns,2019,article,false,closed,,,,,,,,,,,paywalled
https://openalex.org/W2951525079,10.1111/nph.16012,Color‐matching between pollen and corolla: hiding pollen via visual crypsis?,2019,article,true,bronze,https://onlinelibrary.wiley.com/doi/pdfdirect/10.1111/nph.16012,,,31225909,MED,N,N,N,,,oa_pdf
https://openalex.org/W3016615483,10.1007/s11557-020-01571-x,"Host preference and sorus location correlate with parasite phylogeny in the smut fungal genus Microbotryum (Basidiomycota, Microbotryales)",2020,article,true,hybrid,https://link.springer.com/content/pdf/10.1007/s11557-020-01571-x.pdf,cc-by,,,,,,,,,oa_pdf
https://openalex.org/W3033427358,10.1038/s41598-020-66007-8,Faecal DNA to the rescue: Shotgun sequencing of non-invasive samples reveals two subspecies of Southeast Asian primates to be Critically Endangered species,2020,article,true,gold,https://www.nature.com/articles/s41598-020-66007-8.pdf,cc-by,PMC7287133,32523128,MED,Y,Y,Y,,https://www.ebi.ac.uk/europepmc/webservices/rest/article/PMC7287133/fullTextXML,pmc_xml
https://openalex.org/W3036393440,10.1111/cla.12417,A bi‐organellar phylogenomic study of Pandanales: inference of higher‐order relationships and unusual rate‐variation patterns,2020,article,true,green,https://hdl.handle.net/2027.42/162810,,,34618964,MED,N,N,N,,,oa_pdf
https://openalex.org/W3049145638,10.1186/s13071-020-04281-1,Assessing the diversity and distribution of potential intermediate hosts snails for urogenital schistosomiasis: Bulinus spp. (Gastropoda: Planorbidae) of Lake Victoria,2020,article,true,gold,https://parasitesandvectors.biomedcentral.com/track/pdf/10.1186/s13071-020-04281-1,cc-by,PMC7427762,32795373,MED,Y,Y,Y,,https://www.ebi.ac.uk/europepmc/webservices/rest/article/PMC7427762/fullTextXML,pmc_xml
https://openalex.org/W3049518237,10.1071/is19069,"Molecular phylogeny and biogeography of the temperate Gondwanan family Triaenonychidae (Opiliones : Laniatores) reveals pre-Gondwanan regionalisation, common vicariance, and rare dispersal",2020,article,false,closed,,,,,,,,,,,paywalled
https://openalex.org/W3083169574,10.1093/botlinnean/boaa070,"Phylogenetics of<i>Paepalanthus</i>(Eriocaulaceae), a diverse Neotropical monocot lineage",2020,article,false,closed,,,,,,,,,,,paywalled
https://openalex.org/W3092110179,10.1002/ece3.6746,Convergent evolution of specialized generalists: Implications for phylogenetic and functional diversity of carabid feeding groups,2020,article,true,gold,https://doi.org/10.1002/ece3.6746,cc-by,PMC7593144,33144951,MED,Y,Y,Y,,https://www.ebi.ac.uk/europepmc/webservices/rest/article/PMC7593144/fullTextXML,pmc_xml
https://openalex.org/W3094941622,10.3389/fmicb.2020.572596,"The Enigmatic Thelebolaceae (Thelebolales, Leotiomycetes): One New Genus Solomyces and Five New Species",2020,article,true,gold,https://www.frontiersin.org/articles/10.3389/fmicb.2020.572596/pdf,cc-by,PMC7658094,33193172,MED,Y,Y,Y,,https://www.ebi.ac.uk/europepmc/webservices/rest/article/PMC7658094/fullTextXML,pmc_xml
https://openalex.org/W3102187513,10.1093/isd/ixaa014,Multilocus Phylogeny Support the Nonbioluminescent Firefly<i>Chespirito</i>as a New Subfamily in the Lampyridae (Coleoptera: Elateroidea),2020,article,true,green,https://zenodo.org/record/7168296,,,,,,,,,,oa_pdf
https://openalex.org/W3163787568,10.1038/s41598-021-89459-y,"Morphological convergence and adaptation in cave and pelagic scale worms (Polynoidae, Annelida)",2021,article,true,gold,https://www.nature.com/articles/s41598-021-89459-y.pdf,cc-by,PMC8139957,34021174,MED,Y,Y,Y,,https://www.ebi.ac.uk/europepmc/webservices/rest/article/PMC8139957/fullTextXML,pmc_xml
https://openalex.org/W4225129785,10.1111/syen.12550,Nuclear copies of mitochondrial DNA as a potential problem for phylogenetic and population genetic studies of Odonata,2022,article,false,closed,,,,,AGR,N,N,N,,,paywalled
https://openalex.org/W4229005542,10.3389/fmicb.2022.859886,Estimated Divergence Times of Lecanicillium in the Family Cordycipitaceae Provide Insights Into the Attribution of Lecanicillium,2022,article,true,gold,https://doi.org/10.3389/fmicb.2022.859886,cc-by,PMC9121009,35602068,MED,Y,Y,Y,,https://www.ebi.ac.uk/europepmc/webservices/rest/article/PMC9121009/fullTextXML,pmc_xml
https://openalex.org/W4366291968,10.3389/fmicb.2023.1095199,"Endophytic Trichoderma species from rubber trees native to the Brazilian Amazon, including four new species",2023,article,true,gold,https://www.frontiersin.org/articles/10.3389/fmicb.2023.1095199/pdf,cc-by,PMC10151590,37143529,MED,Y,Y,Y,,https://www.ebi.ac.uk/europepmc/webservices/rest/article/PMC10151590/fullTextXML,pmc_xml
https://openalex.org/W1908198596,10.1111/zoj.12335,On the evolution and diversification of an Andean clade of reptiles: combining morphology and DNA sequences of the<i>palluma</i>group (Liolaemidae:<i>P</i><i>hymaturus</i>),2015,article,true,bronze,https://academic.oup.com/zoolinnean/article-pdf/176/3/648/16879589/zoj12335.pdf,,,,,,,,,,oa_pdf
https://openalex.org/W2522102454,10.1186/s40851-016-0054-3,Neuromuscular study of early branching Diuronotus aspetos (Paucitubulatina) yields insights into the evolution of organs systems in Gastrotricha,2016,article,true,gold,https://zoologicalletters.biomedcentral.com/track/pdf/10.1186/s40851-016-0054-3,cc-by,PMC5034412,27688902,MED,Y,Y,Y,,https://www.ebi.ac.uk/europepmc/webservices/rest/article/PMC5034412/fullTextXML,pmc_xml
https://openalex.org/W2617230301,10.7717/peerj.3356,A molecular phylogeny of the spiny lobster <i>Panulirus homarus</i> highlights a separately evolving lineage from the Southwest Indian Ocean,2017,article,true,gold,https://doi.org/10.7717/peerj.3356,cc-by,PMC5446773,28560106,MED,Y,Y,Y,,https://www.ebi.ac.uk/europepmc/webservices/rest/article/PMC5446773/fullTextXML,pmc_xml
https://openalex.org/W2698785246,10.1186/s12862-017-0984-1,"Phylogenetic and paleobotanical evidence for late Miocene diversification of the Tertiary subtropical lineage of ivies (Hedera L., Araliaceae)",2017,article,true,gold,https://bmcevolbiol.biomedcentral.com/track/pdf/10.1186/s12862-017-0984-1,cc-by,PMC5480257,28641575,MED,Y,Y,Y,,https://www.ebi.ac.uk/europepmc/webservices/rest/article/PMC5480257/fullTextXML,pmc_xml
https://openalex.org/W2750578265,10.1007/s10265-017-0973-x,Diversity and evolution of leaf anatomical characters in Taxaceae s.l.—fluorescence microscopy reveals new delimitating characters,2017,article,false,closed,,,,28819805,MED,N,N,N,,,paywalled
https://openalex.org/W2752015038,10.1098/rspb.2017.1280,A Cretaceous-aged Palaeotropical dispersal established an endemic lineage of Caribbean praying mantises,2017,article,true,bronze,https://royalsocietypublishing.org/doi/pdf/10.1098/rspb.2017.1280,,PMC5627202,28954908,MED,Y,N,Y,,,oa_pdf
https://openalex.org/W2769029065,10.1111/jfb.13509,"Multi‐gene phylogeny of jacks and pompanos (<scp>C</scp>arangidae), including placement of monotypic vadigo <scp><i>Campogramma glaycos</i></scp>",2017,article,false,closed,,,,29193148,MED,N,N,N,,,paywalled
https://openalex.org/W2791947457,10.5943/mycosphere/8/10/4,The edible wide mushrooms of Agaricus section Bivelares from Western China,2017,article,true,diamond,https://doi.org/10.5943/mycosphere/8/10/4,cc-by-nc-sa,,,,,,,,,oa_pdf
https://openalex.org/W2810827902,10.1016/j.ympev.2018.06.022,Isolation drives increased diversification rates in freshwater amphipods,2018,article,false,closed,,,,29908996,MED,N,N,N,,,paywalled
https://openalex.org/W2884078330,10.1111/zsc.12306,"Biogeography and early emergence of the genus<i>Didelphis</i>(Didelphimorphia, Mammalia)",2018,article,false,closed,,,,,,,,,,,paywalled
https://openalex.org/W2956538566,10.1093/botlinnean/boz034,Ebony and the Mascarenes: the evolutionary relationships and biogeography of Diospyros (Ebenaceae) in the western Indian Ocean,2019,article,false,closed,,,,,,,,,,,paywalled
https://openalex.org/W2981605728,10.1038/s41598-019-51360-0,Phylogenetic comparative methods improve the selection of characters for generic delimitations in a hyperdiverse Neotropical orchid clade,2019,article,true,gold,https://www.nature.com/articles/s41598-019-51360-0.pdf,cc-by,PMC6805863,31641165,MED,Y,Y,Y,,https://www.ebi.ac.uk/europepmc/webservices/rest/article/PMC6805863/fullTextXML,pmc_xml
https://openalex.org/W2991907445,10.1016/j.ympev.2019.106701,"Phylogeography, speciation and demographic history: Contrasting evidence from mitochondrial and nuclear markers of the Odorrana graminea sensu lato (Anura, Ranidae) in China",2019,article,false,closed,,,,31811937,MED,N,N,N,,,paywalled
https://openalex.org/W2994434616,10.1111/syen.12404,"Molecular phylogeny of the family Coccidae (Hemiptera, Coccomorpha), with a discussion of their waxy ovisacs",2019,article,false,closed,,,,,AGR,N,N,N,,,paywalled
https://openalex.org/W3097719876,10.3390/microorganisms8111666,Comparative Genomics Analysis of Vibrio anguillarum Isolated from Lumpfish (Cyclopterus lumpus) in Newfoundland Reveal Novel Chromosomal Organizations,2020,article,true,gold,https://www.mdpi.com/2076-2607/8/11/1666/pdf?version=1604457098,cc-by,PMC7716436,33121102,MED,Y,Y,Y,,https://www.ebi.ac.uk/europepmc/webservices/rest/article/PMC7716436/fullTextXML,pmc_xml
https://openalex.org/W3138857857,10.3389/fmicb.2021.643731,Seed Banks as Incidental Fungi Banks: Fungal Endophyte Diversity in Stored Seeds of Banana Wild Relatives,2021,article,true,gold,https://doi.org/10.3389/fmicb.2021.643731,cc-by,PMC8024981,33841366,MED,Y,Y,Y,,https://www.ebi.ac.uk/europepmc/webservices/rest/article/PMC8024981/fullTextXML,pmc_xml
https://openalex.org/W4225266599,10.1186/s43008-022-00094-2,First two mitochondrial genomes for the order Filobasidiales reveal novel gene rearrangements and intron dynamics of Tremellomycetes,2022,article,true,gold,https://imafungus.biomedcentral.com/track/pdf/10.1186/s43008-022-00094-2,cc-by,PMC9059411,35501936,MED,Y,Y,Y,,https://www.ebi.ac.uk/europepmc/webservices/rest/article/PMC9059411/fullTextXML,pmc_xml
https://openalex.org/W4229374047,10.1007/s11033-022-07434-w,"Gene arrangement, phylogeny and divergence time estimation of mitogenomes in Thrips",2022,article,false,closed,,,,35534583,MED,N,N,N,,,paywalled
https://openalex.org/W4295292690,10.1128/spectrum.01975-22,Species Diversity of <i>Cordyceps</i> -Like Fungi in the Tiankeng Karst Region of China,2022,article,true,gold,https://doi.org/10.1128/spectrum.01975-22,cc-by,PMC9603550,36094103,MED,Y,Y,Y,,https://www.ebi.ac.uk/europepmc/webservices/rest/article/PMC9603550/fullTextXML,pmc_xml
https://openalex.org/W4307657927,10.3390/jof8101113,"Description of Four Novel Species in Pleosporales Associated with Coffee in Yunnan, China",2022,article,true,gold,https://www.mdpi.com/2309-608X/8/10/1113/pdf?version=1666669796,cc-by,PMC9605522,36294678,MED,Y,Y,Y,,https://www.ebi.ac.uk/europepmc/webservices/rest/article/PMC9605522/fullTextXML,pmc_xml
https://openalex.org/W2008349076,10.1128/jcm.00051-14,Genetic Diversity and Evolution of Salmonella enterica Serovar Enteritidis Strains with Different Phage Types,2014,article,true,bronze,https://jcm.asm.org/content/jcm/52/5/1490.full.pdf,,PMC3993623,24574287,MED,Y,N,Y,,,oa_pdf
https://openalex.org/W2541815690,10.3389/fmicb.2016.01657,Antifungal Streptomyces spp. Associated with the Infructescences of Protea spp. in South Africa,2016,article,true,gold,https://www.frontiersin.org/articles/10.3389/fmicb.2016.01657/pdf,cc-by,PMC5090004,27853450,MED,Y,Y,Y,,https://www.ebi.ac.uk/europepmc/webservices/rest/article/PMC5090004/fullTextXML,pmc_xml
https://openalex.org/W2751095067,10.1186/s12862-017-1047-3,Gene flow during glacial habitat shifts facilitates character displacement in a Neotropical flycatcher radiation,2017,article,true,gold,https://bmcevolbiol.biomedcentral.com/track/pdf/10.1186/s12862-017-1047-3,cc-by,PMC5580441,28863778,MED,Y,Y,Y,,https://www.ebi.ac.uk/europepmc/webservices/rest/article/PMC5580441/fullTextXML,pmc_xml
https://openalex.org/W2884006220,10.2994/sajh-d-17-00037.1,"Phylogeny of Map Tree Frogs, Boana semilineata Species Group, with a New Amazonian Species (Anura: Hylidae)",2018,article,true,green,http://dx.doi.org/10.2994/SAJH-D-17-00037.1,,,,,,,,,,oa_pdf
https://openalex.org/W2970815062,10.1016/j.ympev.2019.106603,Phylogeny and biogeography of the cleptoparasitic bee genus Epeolus (Hymenoptera: Apidae) and cophylogenetic analysis with its host bee genus Colletes (Hymenoptera: Colletidae),2019,article,false,closed,,,,31470133,MED,N,N,N,,,paywalled
https://openalex.org/W2971240924,10.3390/d11090153,"Phylogeny and Biogeography of Branchipolynoe (Polynoidae, Phyllodocida, Aciculata, Annelida), with Descriptions of Five New Species from Methane Seeps and Hydrothermal Vents",2019,article,true,gold,https://www.mdpi.com/1424-2818/11/9/153/pdf?version=1568195544,cc-by,,,,,,,,,oa_pdf
https://openalex.org/W3008523624,10.7717/peerj.8603,"The complete mitogenome of <i>Arion vulgaris</i> Moquin-Tandon, 1855 (Gastropoda: Stylommatophora): mitochondrial genome architecture, evolution and phylogenetic considerations within Stylommatophora",2020,article,true,gold,https://doi.org/10.7717/peerj.8603,cc-by,PMC7039129,32117634,MED,Y,Y,Y,,https://www.ebi.ac.uk/europepmc/webservices/rest/article/PMC7039129/fullTextXML,pmc_xml
https://openalex.org/W3044601752,10.1080/14772000.2020.1771469,"The analysis of inter- and intrapopulation variability of <i>Milnesium eurystomum</i> Maucci, 1991 reveals high genetic divergence and a novel type of ontogenetic variation in the order Apochela",2020,article,true,green,https://ruj.uj.edu.pl/xmlui/handle/item/245943,,,,,,,,,,oa_pdf
https://openalex.org/W3133242355,10.3389/fgene.2021.534871,Comparative Mitogenomic Analysis Reveals Dynamics of Intron Within and Between Tricholoma Species and Phylogeny of Basidiomycota,2021,article,true,gold,https://www.frontiersin.org/articles/10.3389/fgene.2021.534871/pdf,cc-by,PMC7917209,33659021,MED,Y,Y,Y,,https://www.ebi.ac.uk/europepmc/webservices/rest/article/PMC7917209/fullTextXML,pmc_xml
https://openalex.org/W3156322402,10.1016/j.ympev.2021.107178,"Adaptive radiation and speciation in Rhipicephalus ticks: A medley of novel hosts, nested predator-prey food webs, off-host periods and dispersal along temperature variation gradients",2021,article,false,closed,,,,33892098,MED,N,N,N,,,paywalled
https://openalex.org/W4223974980,10.3389/fmicb.2022.860694,Colletotrichum Spp. Diversity Between Leaf Anthracnose and Crown Rot From the Same Strawberry Plant,2022,article,true,gold,https://www.frontiersin.org/articles/10.3389/fmicb.2022.860694/pdf,cc-by,PMC9048825,35495690,MED,Y,Y,Y,,https://www.ebi.ac.uk/europepmc/webservices/rest/article/PMC9048825/fullTextXML,pmc_xml
https://openalex.org/W4282979131,10.1038/s41598-022-14121-0,Utilisation of Oxford Nanopore sequencing to generate six complete gastropod mitochondrial genomes as part of a biodiversity curriculum,2022,article,true,gold,https://www.nature.com/articles/s41598-022-14121-0.pdf,cc-by,PMC9200733,35705661,MED,Y,Y,Y,,https://www.ebi.ac.uk/europepmc/webservices/rest/article/PMC9200733/fullTextXML,pmc_xml
https://openalex.org/W4295753355,10.1186/s43008-022-00100-7,The first two mitochondrial genomes for the genus Ramaria reveal mitochondrial genome evolution of Ramaria and phylogeny of Basidiomycota,2022,article,true,gold,https://imafungus.biomedcentral.com/counter/pdf/10.1186/s43008-022-00100-7,cc-by,PMC9469536,36100951,MED,Y,Y,Y,,https://www.ebi.ac.uk/europepmc/webservices/rest/article/PMC9469536/fullTextXML,pmc_xml
https://openalex.org/W4388440554,10.1186/s40168-023-01702-y,Different roles of host and habitat in determining the microbial communities of plant-feeding true bugs,2023,article,true,gold,https://microbiomejournal.biomedcentral.com/counter/pdf/10.1186/s40168-023-01702-y,cc-by,PMC10629178,37932839,MED,Y,Y,Y,,https://www.ebi.ac.uk/europepmc/webservices/rest/article/PMC10629178/fullTextXML,pmc_xml
https://openalex.org/W2519810068,10.1111/ppa.12617,"<i>Phytophthora caryae</i> sp. nov., a new species recovered from streams and rivers in the eastern United States",2016,article,true,bronze,https://onlinelibrary.wiley.com/doi/pdfdirect/10.1111/ppa.12617,,,,AGR,N,N,N,,,oa_pdf
https://openalex.org/W2754664386,10.1007/s11557-017-1333-x,Metarhizium bibionidarum and M. purpureogenum: new species from Japan,2017,article,true,green,http://hdl.handle.net/2324/4769789,,,,,,,,,,oa_pdf
https://openalex.org/W2782379359,10.1098/rsos.171561,"Parallel diversifications of <i>Cremastosperma</i> and <i>Mosannona</i> (Annonaceae), tropical rainforest trees tracking Neogene upheaval of South America",2018,article,true,gold,https://royalsocietypublishing.org/doi/pdf/10.1098/rsos.171561,cc-by,PMC5792937,29410860,MED,Y,Y,Y,,https://www.ebi.ac.uk/europepmc/webservices/rest/article/PMC5792937/fullTextXML,pmc_xml
https://openalex.org/W2892001947,10.1093/jme/tjy162,Comparative Mitogenomic Analysis of Forensically Important Sarcophagid Flies (Diptera: Sarcophagidae) and Implications of Species Identification,2018,article,false,closed,,,,30239827,MED,N,N,N,,,paywalled
https://openalex.org/W2899211673,10.1186/s12862-018-1280-4,Riverine barrier effects on population genetic structure of the Hanuman langur (Semnopithecus entellus) in the Nepal Himalaya,2018,article,true,gold,https://bmcecolevol.biomedcentral.com/track/pdf/10.1186/s12862-018-1280-4,cc-by,PMC6211570,30382913,MED,Y,Y,Y,,https://www.ebi.ac.uk/europepmc/webservices/rest/article/PMC6211570/fullTextXML,pmc_xml
https://openalex.org/W2922110377,10.1094/pdis-11-18-2002-re,"Diversity, Prevalence, and Virulence of<i>Colletotrichum</i>Species Associated with Lima Bean in Brazil",2019,article,true,bronze,https://apsjournals.apsnet.org/doi/pdf/10.1094/PDIS-11-18-2002-RE,,,31124749,MED,N,N,N,,,oa_pdf
https://openalex.org/W2996687626,10.1093/jisesa/iez122,Comparative Mitogenomic Analysis of the Eurydema Genus in the Context of Representative Pentatomidae (Hemiptera: Heteroptera) Taxa,2019,article,true,gold,https://academic.oup.com/jinsectscience/article-pdf/19/6/20/33023408/iez122.pdf,cc-by,PMC6913905,31841604,MED,Y,Y,Y,,https://www.ebi.ac.uk/europepmc/webservices/rest/article/PMC6913905/fullTextXML,pmc_xml
https://openalex.org/W3033612987,10.1016/j.ympev.2020.106861,Rivers of Indochina as potential drivers of lineage diversification in the spotted flying lizard (Draco maculatus) species complex,2020,article,false,closed,,,,32497832,MED,N,N,N,,,paywalled
https://openalex.org/W3037505124,10.3389/fpls.2020.00901,The Origin and Evolution of Plastid Genome Downsizing in Southern Hemispheric Cypresses (Cupressaceae),2020,article,true,gold,https://doi.org/10.3389/fpls.2020.00901,cc-by,PMC7324783,32655606,MED,Y,Y,Y,,https://www.ebi.ac.uk/europepmc/webservices/rest/article/PMC7324783/fullTextXML,pmc_xml
https://openalex.org/W3134902207,10.1111/jpy.13165,Watanabeales ord. nov. and twelve novel species of Trebouxiophyceae (Chlorophyta),2021,article,false,closed,,,,33713360,MED,N,N,N,,,paywalled
https://openalex.org/W3163986386,10.1093/gbe/evab127,Genome-Inferred Correspondence between Phylogeny and Metabolic Traits in the Wild <i>Drosophila</i> Gut Microbiome,2021,article,true,gold,https://academic.oup.com/gbe/article-pdf/13/8/evab127/39680686/evab127.pdf,cc-by,PMC8358223,34081101,MED,Y,Y,Y,,https://www.ebi.ac.uk/europepmc/webservices/rest/article/PMC8358223/fullTextXML,pmc_xml
https://openalex.org/W4288068973,10.3390/jof8080781,"Comparative Mitogenomic Analysis Reveals Intraspecific, Interspecific Variations and Genetic Diversity of Medical Fungus Ganoderma",2022,article,true,gold,https://www.mdpi.com/2309-608X/8/8/781/pdf?version=1659429750,cc-by,PMC9394262,35893149,MED,Y,Y,Y,,https://www.ebi.ac.uk/europepmc/webservices/rest/article/PMC9394262/fullTextXML,pmc_xml
https://openalex.org/W4376273294,10.3390/jof9050560,"Taxonomy and Phylogeny of Hyphomycetous Muriform Conidial Taxa from the Tibetan Plateau, China",2023,article,true,gold,https://www.mdpi.com/2309-608X/9/5/560/pdf?version=1683881267,cc-by,PMC10220608,37233273,MED,Y,Y,Y,,https://www.ebi.ac.uk/europepmc/webservices/rest/article/PMC10220608/fullTextXML,pmc_xml
https://openalex.org/W2288828565,10.1111/jeb.12843,Extreme genetic diversity in asexual grass thrips populations,2016,article,true,hybrid,https://onlinelibrary.wiley.com/doi/pdfdirect/10.1111/jeb.12843,cc-by-nc-nd,,26864612,MED,N,N,N,,,oa_pdf
https://openalex.org/W2290248987,10.1111/jpy.12401,"<i>Nocturama</i> gen. nov., <i>Nothocladus</i> s. lat. and other taxonomic novelties resulting from the further resolution of paraphyly in Australasian members of <i>Batrachospermum</i> (Batrachospermales, Rhodophyta)",2016,article,false,closed,,,,27273531,MED,N,N,N,,,paywalled
https://openalex.org/W2591980233,10.5852/ejt.2017.291,"Molecular phylogeny of Blaberidae (Dictyoptera, Blattodea) with implications for taxonomy and evolutionary studies",2017,article,true,diamond,https://europeanjournaloftaxonomy.eu/index.php/ejt/article/download/415/878,cc-by,,,,,,,,,oa_pdf
https://openalex.org/W2765457911,10.1016/j.ympev.2017.10.020,Phylogenomics and evolution of floral traits in the Neotropical tribe Malmeeae (Annonaceae),2017,article,true,bronze,https://ars.els-cdn.com/content/image/1-s2.0-S1055790317306085-fx1_lrg.jpg,,,29111476,MED,N,N,N,,,oa_pdf
https://openalex.org/W2793022010,10.1016/j.cub.2018.01.082,Diversification Patterns of Lanternfishes Reveal Multiple Rate Shifts in a Critical Mesopelagic Clade Targeted for Human Exploitation,2018,article,true,bronze,http://www.cell.com/article/S0960982218301489/pdf,,,29526592,MED,N,N,N,,,oa_pdf
https://openalex.org/W2883116086,10.1007/s12526-018-0906-5,"Diversity and evolution of the stygobitic Speleonerilla nom. nov. (Nerillidae, Annelida) with description of three new species from anchialine caves in the Caribbean and Lanzarote",2018,article,false,closed,,,,,,,,,,,paywalled
https://openalex.org/W2903044388,10.3897/mycokeys.43.30203,"Lecanicillium cauligalbarum sp. nov. (Cordycipitaceae, Hypocreales), a novel fungus isolated from a stemborer in the Yao Ren National Forest Mountain Park, Guizhou",2018,article,true,gold,https://doi.org/10.3897/mycokeys.43.30203,cc-by,PMC6290046,30568536,MED,Y,Y,Y,,https://www.ebi.ac.uk/europepmc/webservices/rest/article/PMC6290046/fullTextXML,pmc_xml
https://openalex.org/W2903347143,10.1111/zsc.12327,"Pleistocene glaciation explains the disjunct distribution of the Chestnut‐vented Nuthatch (Aves, Sittidae)",2018,article,true,bronze,https://onlinelibrary.wiley.com/doi/pdfdirect/10.1111/zsc.12327,,,,,,,,,,oa_pdf
https://openalex.org/W2970132507,10.1002/ece3.5606,"The first complete mitochondrial genome of the Indian Tent Turtle, <i>Pangshura tentoria</i> (Testudines: Geoemydidae): Characterization and comparative analysis",2019,article,true,gold,https://onlinelibrary.wiley.com/doi/pdfdirect/10.1002/ece3.5606,cc-by,PMC6787814,31624586,MED,Y,Y,Y,,https://www.ebi.ac.uk/europepmc/webservices/rest/article/PMC6787814/fullTextXML,pmc_xml
https://openalex.org/W2995018684,10.1007/s42770-019-00221-z,"Tibouchina granulosa (Vell.) Cogn (Melastomataceae) as source of endophytic fungi: isolation, identification, and antiprotozoal activity of metabolites from Phyllosticta capitalensis",2019,article,true,green,https://www.ncbi.nlm.nih.gov/pmc/articles/7203321,,PMC7203321,31872390,MED,Y,N,Y,,,oa_pdf
https://openalex.org/W3035942982,10.1080/14772000.2020.1771468,A molecular phylogeny of the genus<i>Laubuka</i>(Teleostei: Cyprinidae) in Sri Lanka reveals multiple origins and a cryptic species,2020,article,false,closed,,,,,,,,,,,paywalled
https://openalex.org/W3171884122,10.1017/s0031182021000925,"Molecular and morphological characterization of <i>Bolbosoma balaenae</i> (Acanthocephala: Polymorphidae), a neglected intestinal parasite of the fin whale <i>Balaenoptera physalus</i>",2021,article,true,green,http://hdl.handle.net/11573/1575722,,PMC11010206,34100350,MED,Y,N,Y,,,oa_pdf
https://openalex.org/W3197549254,10.1111/zsc.12511,"A molecular phylogeny of <i>Tetrastemma</i> and its allies (Nemertea, Monostilifera)",2021,article,false,closed,,,,,,,,,,,paywalled
https://openalex.org/W3204404881,10.1007/s13127-021-00515-x,Diversification and biogeography of Dawkinsia (Teleostei: Cyprinidae) in the Western Ghats-Sri Lanka biodiversity hotspot,2021,article,true,green,http://publication.plazi.org/id/84690847FFAEFFDAFFA5C15DFFAA1802,,,,,,,,,,oa_pdf
https://openalex.org/W3214967964,10.1186/s40851-021-00181-z,The importance of being integrative: a remarkable case of synonymy in the genus Viridiscus (Heterotardigrada: Echiniscidae),2021,article,true,gold,https://zoologicalletters.biomedcentral.com/track/pdf/10.1186/s40851-021-00181-z,cc-by,PMC8605589,34801080,MED,Y,Y,Y,,https://www.ebi.ac.uk/europepmc/webservices/rest/article/PMC8605589/fullTextXML,pmc_xml
https://openalex.org/W4226322412,10.1093/gbe/evab267,Hybridization Dynamics and Extensive Introgression in the <i>Daphnia longispina</i> Species Complex: New Insights from a High-Quality <i>Daphnia galeata</i> Reference Genome,2021,article,true,gold,https://academic.oup.com/gbe/article-pdf/13/12/evab267/41893267/evab267.pdf,cc-by,PMC8695838,34865004,MED,Y,Y,Y,,https://www.ebi.ac.uk/europepmc/webservices/rest/article/PMC8695838/fullTextXML,pmc_xml
https://openalex.org/W4280546766,10.3389/fenvs.2022.902900,Evolution and Biogeography of Freshwater Snails of the Genus Bulinus (Gastropoda) in Afromontane Extreme Environments,2022,article,true,gold,https://www.frontiersin.org/articles/10.3389/fenvs.2022.902900/pdf,cc-by,,,,,,,,,oa_pdf
https://openalex.org/W4285098149,10.1002/ece3.9035,"<scp>DNA</scp> barcoding, multilocus phylogeny, and morphometry reveal phenotypic plasticity in the Chinese freshwater mussel <i>Lamprotula caveata</i> (Bivalvia: Unionidae)",2022,article,true,gold,https://onlinelibrary.wiley.com/doi/pdfdirect/10.1002/ece3.9035,cc-by,PMC9277607,35845369,MED,Y,Y,Y,,https://www.ebi.ac.uk/europepmc/webservices/rest/article/PMC9277607/fullTextXML,pmc_xml
https://openalex.org/W4309889468,10.1186/s12864-022-08983-x,Comparative analyses of three complete Primula mitogenomes with insights into mitogenome size variation in Ericales,2022,article,true,gold,https://doi.org/10.1186/s12864-022-08983-x,cc-by,PMC9686101,36424546,MED,Y,Y,Y,,https://www.ebi.ac.uk/europepmc/webservices/rest/article/PMC9686101/fullTextXML,pmc_xml
https://openalex.org/W4381248965,10.1007/s42995-023-00178-x,Phylogenomic resolution of Imparidentia (Mollusca: Bivalvia) diversification through mitochondrial genomes,2023,article,true,hybrid,https://link.springer.com/content/pdf/10.1007/s42995-023-00178-x.pdf,cc-by,PMC10449738,37637250,MED,Y,Y,Y,,https://www.ebi.ac.uk/europepmc/webservices/rest/article/PMC10449738/fullTextXML,pmc_xml
https://openalex.org/W2597813698,10.11646/phytotaxa.302.1.5,"A new araneogenous fungus in the genus Beauveria from Guizhou, China",2017,article,true,bronze,https://biotaxa.org/Phytotaxa/article/download/phytotaxa.302.1.5/26841,,,,,,,,,,oa_pdf
https://openalex.org/W2616693789,10.1016/j.ympev.2017.05.013,"Locked in the icehouse: Evolution of an endemic Epimeria (Amphipoda, Crustacea) species flock on the Antarctic shelf",2017,article,false,closed,,,,28528744,MED,N,N,N,,,paywalled
https://openalex.org/W2926096718,10.1093/mollus/eyz003,"Life in wood: preliminary phylogeny of deep-sea wood-boring bivalves (Xylophagaidae), with descriptions of three new genera and one new species",2019,article,false,closed,,,,,,,,,,,paywalled
https://openalex.org/W2942397721,10.1080/00275514.2019.1588583,Novel taxa in Cladochytriales (Chytridiomycota): <i>Karlingiella</i> (gen. nov.) and <i>Nowakowskiella crenulata</i> (sp. nov.),2019,article,false,closed,,,,31012810,MED,N,N,N,,,paywalled
https://openalex.org/W2948738053,10.1002/ece3.5301,Phylogeography of the Tibetan hamster <i>Cricetulus kamensis</i> in response to uplift and environmental change in the Qinghai–Tibet Plateau,2019,article,true,gold,https://onlinelibrary.wiley.com/doi/pdfdirect/10.1002/ece3.5301,cc-by,PMC6662396,31380051,MED,Y,Y,Y,,https://www.ebi.ac.uk/europepmc/webservices/rest/article/PMC6662396/fullTextXML,pmc_xml
https://openalex.org/W2955180659,10.3390/plants8070210,Phylogenetic Reconstruction and Divergence Time Estimation of Blumea DC. (Asteraceae: Inuleae) in China Based on nrDNA ITS and cpDNA trnL-F Sequences,2019,article,true,gold,https://www.mdpi.com/2223-7747/8/7/210/pdf?version=1562581769,cc-by,PMC6681236,31288447,MED,Y,Y,Y,,https://www.ebi.ac.uk/europepmc/webservices/rest/article/PMC6681236/fullTextXML,pmc_xml
https://openalex.org/W2988772572,10.1016/j.ygeno.2019.09.016,Two novel cricetine mitogenomes: Insight into the mitogenomic characteristics and phylogeny in Cricetinae (Rodentia: Cricetidae),2019,article,false,closed,,,,31669701,MED,N,N,N,,,paywalled
https://openalex.org/W3112688057,10.3897/bdj.8.e58755,"Arthrinium bambusicola (Fungi, Sordariomycetes), a new species from Schizostachyum brachycladum in northern Thailand",2020,article,true,gold,https://doi.org/10.3897/bdj.8.e58755,cc-by,PMC7752887,33364897,MED,Y,Y,Y,,https://www.ebi.ac.uk/europepmc/webservices/rest/article/PMC7752887/fullTextXML,pmc_xml
https://openalex.org/W3128312131,10.7717/peerj.10804,"Unexpected mitochondrial lineage diversity within the genus <i>Alonella</i> Sars, 1862 (Crustacea: Cladocera) across the Northern Hemisphere",2021,article,true,gold,https://doi.org/10.7717/peerj.10804,cc-by,PMC7860113,33585083,MED,Y,Y,Y,,https://www.ebi.ac.uk/europepmc/webservices/rest/article/PMC7860113/fullTextXML,pmc_xml
https://openalex.org/W3208513404,10.1016/j.cropro.2021.105853,First report of Colletotrichum aenigma and C. perseae causing anthracnose disease on Capsicum annuum in Israel,2021,article,false,closed,,,,,,,,,,,paywalled
https://openalex.org/W4200368153,10.3390/agriculture11121271,Diversity and Pathogenicity of Diaporthe Species Revealed from a Survey of Blueberry Orchards in Portugal,2021,article,true,gold,https://www.mdpi.com/2077-0472/11/12/1271/pdf?version=1639480625,cc-by,,,,,,,,,oa_pdf
https://openalex.org/W4207048173,10.3390/insects13020115,"First Report on Mitochondrial Gene Rearrangement in Non-Biting Midges, Revealing a Synapomorphy in Stenochironomus Kieffer (Diptera: Chironomidae)",2022,article,true,gold,https://www.mdpi.com/2075-4450/13/2/115/pdf?version=1643003354,cc-by,PMC8875173,35206689,MED,Y,Y,Y,,https://www.ebi.ac.uk/europepmc/webservices/rest/article/PMC8875173/fullTextXML,pmc_xml
https://openalex.org/W4210280183,10.3897/mycokeys.86.73861,"New and interesting species of Penicillium (Eurotiomycetes, Aspergillaceae) in freshwater sediments from Spain",2022,article,true,gold,https://doi.org/10.3897/mycokeys.86.73861,cc-by,PMC8825427,35145339,MED,Y,Y,Y,,https://www.ebi.ac.uk/europepmc/webservices/rest/article/PMC8825427/fullTextXML,pmc_xml
https://openalex.org/W4210922584,10.3389/fmars.2021.793645,"The Morphology, Mitogenome, Phylogenetic Position, and Symbiotic Bacteria of a New Species of Sclerolinum (Annelida: Siboglinidae) in the South China Sea",2022,article,true,gold,https://doi.org/10.3389/fmars.2021.793645,cc-by,,,,,,,,,oa_pdf
https://openalex.org/W4280597959,10.1080/00275514.2022.2040285,"<i>Diaporthe</i> species infecting sunflower (<i>Helianthus annuus</i>) in Russia, with the description of two new species",2022,article,false,closed,,,,35583980,MED,N,N,N,,,paywalled
https://openalex.org/W4295087984,10.1038/s41598-022-19372-5,Molecular phylogeny and historical biogeography of marine palaemonid shrimps (Palaemonidae: Palaemonella–Cuapetes group),2022,article,true,gold,https://www.nature.com/articles/s41598-022-19372-5.pdf,cc-by,PMC9458662,36075944,MED,Y,Y,Y,,https://www.ebi.ac.uk/europepmc/webservices/rest/article/PMC9458662/fullTextXML,pmc_xml
https://openalex.org/W4298395082,10.1007/s10592-022-01474-2,DNA-typing surveillance of the bushmeat in Côte d'Ivoire: a multi-faceted tool for wildlife trade management in West Africa,2022,article,true,green,https://zotero.org/groups/5435545/items/9H6X9WLC,,,,,,,,,,oa_pdf
https://openalex.org/W4308142322,10.1093/zoolinnean/zlac066,"The fifth family of the true crickets (Insecta: Orthoptera: Ensifera: Grylloidea), Oecanthidae defin. nov.: phylogenetic relationships and divergence times",2022,article,false,closed,,,,,,,,,,,paywalled
https://openalex.org/W4309210613,10.3390/jof8111200,Novel Species and Records of Dictyosporiaceae from Freshwater Habitats in China and Thailand,2022,article,true,gold,https://www.mdpi.com/2309-608X/8/11/1200/pdf?version=1668427692,cc-by,PMC9694895,36422021,MED,Y,Y,Y,,https://www.ebi.ac.uk/europepmc/webservices/rest/article/PMC9694895/fullTextXML,pmc_xml
https://openalex.org/W4362672330,10.1600/036364423x16758873924135,Target Capture Methods Offer Insight into the Evolution of Rapidly Diverged Taxa and Resolve Allopolyploid Homeologs in the Fern Genus <i>Polypodium</i> s.s.,2023,article,false,closed,,,,,,,,,,,paywalled
https://openalex.org/W1767274085,10.1093/sysbio/syv054,A Skull Might Lie: Modeling Ancestral Ranges and Diet from Genes and Shape of Tree Squirrels,2015,article,true,bronze,https://academic.oup.com/sysbio/article-pdf/64/6/1074/24588819/syv054.pdf,,,26254670,MED,N,N,N,,,oa_pdf
https://openalex.org/W2296977761,10.1016/j.ympev.2016.03.011,Phylogenetics and biogeography of the endemic Madagascan millipede assassin bugs (Hemiptera: Reduviidae: Ectrichodiinae),2016,article,true,bronze,https://www.sciencedirect.com/science/article/am/pii/S1055790316300033?via%3Dihub,,,26997523,MED,N,N,N,,,oa_pdf
https://openalex.org/W2994694236,10.3390/insects11010006,“Generalist” Aphid Parasitoids Behave as Specialists at the Agroecosystem Scale,2019,article,true,gold,https://www.mdpi.com/2075-4450/11/1/6/pdf?version=1577352527,cc-by,PMC7023390,31861737,MED,Y,Y,Y,,https://www.ebi.ac.uk/europepmc/webservices/rest/article/PMC7023390/fullTextXML,pmc_xml
https://openalex.org/W3005780876,10.1016/j.ympev.2020.106768,The temporal dynamics of evolutionary diversification in Ipomoea,2020,article,false,closed,,,,32081764,MED,N,N,N,,,paywalled
https://openalex.org/W3019172384,10.1371/journal.pone.0225233,"The complete mitochondrial genome of the endangered Assam Roofed Turtle, Pangshura sylhetensis (Testudines: Geoemydidae): Genomic features and phylogeny",2020,article,true,gold,https://journals.plos.org/plosone/article/file?id=10.1371/journal.pone.0225233&type=printable,cc-by,PMC7179895,32324729,MED,Y,Y,Y,,https://www.ebi.ac.uk/europepmc/webservices/rest/article/PMC7179895/fullTextXML,pmc_xml
https://openalex.org/W3022290851,10.3389/fmicb.2020.00785,"Complete Mitochondrial Genome of the Fungal Biocontrol Agent Trichoderma atroviride: Genomic Features, Comparative Analysis and Insight Into the Mitochondrial Evolution in Trichoderma",2020,article,true,gold,https://doi.org/10.3389/fmicb.2020.00785,cc-by,PMC7228111,32457712,MED,Y,Y,Y,,https://www.ebi.ac.uk/europepmc/webservices/rest/article/PMC7228111/fullTextXML,pmc_xml
https://openalex.org/W3080307331,10.3897/phytokeys.157.32609,"Two new combinations in Oreocharis (Gesneriaceae) based on morphological, molecular and cytological evidence",2020,article,true,gold,https://doi.org/10.3897/phytokeys.157.32609,cc-by,PMC7467946,32934447,MED,Y,Y,Y,,https://www.ebi.ac.uk/europepmc/webservices/rest/article/PMC7467946/fullTextXML,pmc_xml
https://openalex.org/W3082438335,10.1016/j.protis.2020.125759,"Taxonomy and Molecular Phylogenetics of Ensiculiferaceae, fam. nov. (Peridiniales, Dinophyceae), with Consideration of their Life-history",2020,article,true,green,https://archimer.ifremer.fr/doc/00646/75802/76727.pdf,,,33126019,MED,N,N,N,,,oa_pdf
https://openalex.org/W3094439378,10.3897/mycokeys.74.56655,"Morphological and phylogenetic characterisations reveal three new species of Samsoniella (Cordycipitaceae, Hypocreales) from Guizhou, China",2020,article,true,gold,https://doi.org/10.3897/mycokeys.74.56655,cc-by,PMC7588496,33149720,MED,Y,Y,Y,,https://www.ebi.ac.uk/europepmc/webservices/rest/article/PMC7588496/fullTextXML,pmc_xml
https://openalex.org/W3116370194,10.1016/j.ympev.2020.107062,Diversification in Qinghai-Tibet Plateau: Orchidinae (Orchidaceae) clades exhibiting pre-adaptations play critical role,2020,article,false,closed,,,,33387648,MED,N,N,N,,,paywalled
https://openalex.org/W3132143594,10.1186/s12862-020-01738-w,Coevolution of group-living and aposematism in caterpillars: warning colouration may facilitate the evolution from group-living to solitary habits,2021,article,true,gold,https://bmcecolevol.biomedcentral.com/track/pdf/10.1186/s12862-020-01738-w,cc-by,PMC7883577,33583398,MED,Y,Y,Y,,https://www.ebi.ac.uk/europepmc/webservices/rest/article/PMC7883577/fullTextXML,pmc_xml
https://openalex.org/W3134572765,10.1016/j.ygeno.2021.03.017,Comparative analysis of mitochondrial genomes of Nirvanini and Evacanthini (Hemiptera: Cicadellidae) reveals an explicit evolutionary relationship,2021,article,false,closed,,,,33716186,MED,N,N,N,,,paywalled
https://openalex.org/W3174229732,10.1007/s10658-021-02317-5,Lasiodiplodia species associated with dieback of avocado in the coastal area of Peru,2021,article,false,closed,,,,,AGR,N,N,N,,,paywalled
https://openalex.org/W3209373633,10.3390/jof7110918,Infection Process and Genome Assembly Provide Insights into the Pathogenic Mechanism of Destructive Mycoparasite Calcarisporium cordycipiticola with Host Specificity,2021,article,true,gold,https://www.mdpi.com/2309-608X/7/11/918/pdf?version=1635496215,cc-by,PMC8620734,34829206,MED,Y,Y,Y,,https://www.ebi.ac.uk/europepmc/webservices/rest/article/PMC8620734/fullTextXML,pmc_xml
https://openalex.org/W4280552082,10.1016/j.ympev.2022.107504,"Phylogenetics and an updated taxonomic status of the Tamarins (Callitrichinae, Cebidae)",2022,article,true,green,http://usir.salford.ac.uk/id/eprint/66390/,,,35577298,MED,N,N,N,,,oa_pdf
https://openalex.org/W4281562404,10.1093/gbe/evac077,Structural Plastome Evolution in Holoparasitic Hydnoraceae with Special Focus on Inverted and Direct Repeats,2022,article,true,gold,https://academic.oup.com/gbe/article-pdf/14/6/evac077/44254030/evac077.pdf,,PMC9168662,35660863,MED,Y,Y,Y,,https://www.ebi.ac.uk/europepmc/webservices/rest/article/PMC9168662/fullTextXML,pmc_xml
https://openalex.org/W4283324017,10.1016/j.hpj.2022.06.005,"Phylogeny, molecular evolution, and dating of divergences in Lagerstroemia using plastome sequences",2022,article,true,diamond,https://doi.org/10.1016/j.hpj.2022.06.005,cc-by,,,,,,,,,oa_pdf
https://openalex.org/W4294719395,10.1111/zsc.12565,"The systematics of Tachymenini (Serpentes, Dipsadidae): An updated classification based on molecular and morphological evidence",2022,article,false,closed,,,,,,,,,,,paywalled
https://openalex.org/W4307498315,10.1093/g3journal/jkac285,Evolution and codon usage bias of mitochondrial and nuclear genomes in <i>Aspergillus</i> section <i>Flavi</i>,2022,article,true,gold,https://academic.oup.com/g3journal/article-pdf/13/1/jkac285/48655609/jkac285.pdf,cc-by,PMC9836360,36305682,MED,Y,Y,Y,,https://www.ebi.ac.uk/europepmc/webservices/rest/article/PMC9836360/fullTextXML,pmc_xml
https://openalex.org/W4320492453,10.3390/jof9020243,Emergence of Clonally-Related South Asian Clade I Clinical Isolates of Candida auris in a Greek COVID-19 Intensive Care Unit,2023,article,true,gold,https://www.mdpi.com/2309-608X/9/2/243/pdf?version=1676106250,cc-by,PMC9964037,36836357,MED,Y,Y,Y,,https://www.ebi.ac.uk/europepmc/webservices/rest/article/PMC9964037/fullTextXML,pmc_xml
https://openalex.org/W4386478956,10.7717/peerj.15975,Matrilineal phylogeny and habitat suitability of the endangered spotted pond turtle (<i>Geoclemys hamiltonii</i>; Testudines: Geoemydidae): a two-dimensional approach to forecasting future conservation consequences,2023,article,true,gold,https://doi.org/10.7717/peerj.15975,cc-by,PMC10492536,37692114,MED,Y,Y,Y,,https://www.ebi.ac.uk/europepmc/webservices/rest/article/PMC10492536/fullTextXML,pmc_xml
https://openalex.org/W2896590215,10.3897/zookeys.790.28875,"Stolonifera from shallow waters in the north-western Pacific: a description of a new genus and two new species within the Arulidae (Anthozoa, Octocorallia)",2018,article,true,gold,https://doi.org/10.3897/zookeys.790.28875,cc-by,PMC6198026,30364726,MED,Y,Y,Y,,https://www.ebi.ac.uk/europepmc/webservices/rest/article/PMC6198026/fullTextXML,pmc_xml
https://openalex.org/W3036065907,10.1007/s10658-020-02030-9,"Phylogeny and pathogenicity of soilborne fungi associated with wilt disease complex of tomatillo (Physalis ixocarpa) in northern Sinaloa, Mexico",2020,article,false,closed,,,,,AGR,N,N,N,,,paywalled
https://openalex.org/W3093769093,10.1016/j.ygeno.2020.10.026,Comparative mitochondrial genomics of five Dermestid beetles (Coleoptera: Dermestidae) and its implications for phylogeny,2020,article,false,closed,,,,33131762,MED,N,N,N,,,paywalled
https://openalex.org/W3127132220,10.3390/ijms22031348,Structural Features and Phylogenetic Implications of Four New Mitogenomes of Caliscelidae (Hemiptera: Fulgoromorpha),2021,article,true,gold,https://www.mdpi.com/1422-0067/22/3/1348/pdf?version=1612161170,cc-by,PMC7866285,33572873,MED,Y,Y,Y,,https://www.ebi.ac.uk/europepmc/webservices/rest/article/PMC7866285/fullTextXML,pmc_xml
https://openalex.org/W3172439300,10.1080/14772000.2021.1914764,Systematic analysis of the genus<i>Eriocaulon</i>L. in India based on molecular and morphological evidence,2021,article,false,closed,,,,,,,,,,,paywalled
https://openalex.org/W3185338337,10.1038/s41598-021-94893-z,"Taxonomic and phylogenetic characterizations reveal four new species of Simplicillium (Cordycipitaceae, Hypocreales) from Guizhou, China",2021,article,true,gold,https://www.nature.com/articles/s41598-021-94893-z.pdf,cc-by,PMC8316311,34316013,MED,Y,Y,Y,,https://www.ebi.ac.uk/europepmc/webservices/rest/article/PMC8316311/fullTextXML,pmc_xml
https://openalex.org/W3197293991,10.1186/s13071-021-04963-4,Complete mitogenomes of Anopheles peditaeniatus and Anopheles nitidus and phylogenetic relationships within the genus Anopheles inferred from mitogenomes,2021,article,true,gold,https://parasitesandvectors.biomedcentral.com/track/pdf/10.1186/s13071-021-04963-4,cc-by,PMC8420037,34488869,MED,Y,Y,Y,,https://www.ebi.ac.uk/europepmc/webservices/rest/article/PMC8420037/fullTextXML,pmc_xml
https://openalex.org/W3202065267,10.1016/j.ympev.2021.107324,A new molecular phylogeny for the Tanypodinae (Diptera: Chironomidae) places the Australian diversity in a global context,2021,article,false,closed,,,,34628046,MED,N,N,N,,,paywalled
https://openalex.org/W4200524187,10.3390/jof7121086,"Asproinocybaceae fam. nov. (Agaricales, Agaricomycetes) for Accommodating the Genera Asproinocybe and Tricholosporum, and Description of Asproinocybe sinensis and Tricholosporum guangxiense sp. nov.",2021,article,true,gold,https://www.mdpi.com/2309-608X/7/12/1086/pdf?version=1640233622,cc-by,PMC8707192,34947067,MED,Y,Y,Y,,https://www.ebi.ac.uk/europepmc/webservices/rest/article/PMC8707192/fullTextXML,pmc_xml
https://openalex.org/W4210957712,10.3390/ani12030404,"Reaching the Monophyly: Re-Evaluation of the Enigmatic Species Tenuibiotus hyperonyx (Maucci, 1983) and the Genus Tenuibiotus (Eutardigrada)",2022,article,true,gold,https://www.mdpi.com/2076-2615/12/3/404/pdf?version=1644333497,cc-by,PMC8833838,35158727,MED,Y,Y,Y,,https://www.ebi.ac.uk/europepmc/webservices/rest/article/PMC8833838/fullTextXML,pmc_xml
https://openalex.org/W4283220773,10.1128/jvi.00531-22,Field-Reassortment of Bluetongue Virus Illustrates Plasticity of Virus Associated Phenotypic Traits in the Arthropod Vector and Mammalian Host <i>In Vivo</i>,2022,article,true,hybrid,https://doi.org/10.1128/jvi.00531-22,cc-by,PMC9278112,35727032,MED,Y,Y,Y,,https://www.ebi.ac.uk/europepmc/webservices/rest/article/PMC9278112/fullTextXML,pmc_xml
https://openalex.org/W4309155843,10.1093/sysbio/syac070,Unearthing Modes of Climatic Adaptation in Underground Storage Organs Across Liliales,2022,article,false,closed,,,,36380514,MED,N,N,N,,,paywalled
https://openalex.org/W4319346815,10.1038/s41598-023-28714-w,"Integrative taxonomy reveals new, widely distributed tardigrade species of the genus Paramacrobiotus (Eutardigrada: Macrobiotidae)",2023,article,true,gold,https://www.nature.com/articles/s41598-023-28714-w.pdf,cc-by,PMC9905614,36750641,MED,Y,Y,Y,,https://www.ebi.ac.uk/europepmc/webservices/rest/article/PMC9905614/fullTextXML,pmc_xml
https://openalex.org/W4380870052,10.1186/s12864-023-09422-1,Extreme plastomes in holoparasitic Balanophoraceae are not the norm,2023,article,true,gold,https://bmcgenomics.biomedcentral.com/counter/pdf/10.1186/s12864-023-09422-1,cc-by,PMC10268348,37322447,MED,Y,Y,Y,,https://www.ebi.ac.uk/europepmc/webservices/rest/article/PMC10268348/fullTextXML,pmc_xml
https://openalex.org/W2793388536,10.1111/syen.12290,Mitogenome organization and evolutionary history of the subfamily <scp>C</scp> ephinae ( <scp>H</scp> ymenoptera: <scp>C</scp> ephidae),2018,article,false,closed,,,,,AGR,N,N,N,,,paywalled
https://openalex.org/W3001185856,10.1002/ece3.6008,"The uplift of the Qinghai–Tibet Plateau and glacial oscillations triggered the diversification of <i>Tetraogallus</i> (Galliformes, Phasianidae)",2020,review,true,gold,https://onlinelibrary.wiley.com/doi/pdfdirect/10.1002/ece3.6008,cc-by,PMC7029067,32076546,MED,Y,Y,Y,,https://www.ebi.ac.uk/europepmc/webservices/rest/article/PMC7029067/fullTextXML,pmc_xml
https://openalex.org/W3148784032,10.1016/j.ympev.2021.107160,Phylogenomic resolution of the Ceratitis FARQ complex (Diptera: Tephritidae),2021,article,false,closed,,,,33794396,MED,N,N,N,,,paywalled
https://openalex.org/W3163924935,10.1186/s12862-021-01813-w,"Historical biogeography, systematics, and integrative taxonomy of the non-Ethiopian speckled pelage brush-furred rats (Lophuromys flavopunctatus group)",2021,article,true,gold,https://bmcecolevol.biomedcentral.com/track/pdf/10.1186/s12862-021-01813-w,cc-by,PMC8132446,34011264,MED,Y,Y,Y,,https://www.ebi.ac.uk/europepmc/webservices/rest/article/PMC8132446/fullTextXML,pmc_xml
https://openalex.org/W3183475695,10.3390/microorganisms9081564,"An Update on Trichoderma Mitogenomes: Complete De Novo Mitochondrial Genome of the Fungal Biocontrol Agent Trichoderma harzianum (Hypocreales, Sordariomycetes), an Ex-Neotype Strain CBS 226.95, and Tracing the Evolutionary Divergences of Mitogenomes in Trichoderma",2021,article,true,gold,https://www.mdpi.com/2076-2607/9/8/1564/pdf?version=1627012274,cc-by,PMC8401334,34442643,MED,Y,Y,Y,,https://www.ebi.ac.uk/europepmc/webservices/rest/article/PMC8401334/fullTextXML,pmc_xml
https://openalex.org/W3211424119,10.1111/1744-7917.12983,First report of complete mitochondrial genome in the subfamily Alleculinae and mitochondrial genome‐based phylogenetics in Tenebrionidae (Coleoptera: Tenebrionoidea),2021,article,false,closed,,,,34791791,MED,N,N,N,,,paywalled
https://openalex.org/W4205939729,10.1016/j.ijppaw.2022.01.005,Molecular characterization of Dipetalonema yatesi from the black-faced spider monkey (Ateles chamek) with phylogenetic inference of relationships among Dipetalonema of Neotropical primates,2022,article,true,gold,https://doi.org/10.1016/j.ijppaw.2022.01.005,cc-by,PMC8783072,35096523,MED,Y,Y,Y,,https://www.ebi.ac.uk/europepmc/webservices/rest/article/PMC8783072/fullTextXML,pmc_xml
https://openalex.org/W4213304605,10.1093/zoolinnean/zlab098,Total-evidence dating and morphological partitioning: a novel approach to understand the phylogeny and biogeography of augochlorine bees (Hymenoptera: Apoidea),2021,article,true,green,https://zenodo.org/record/6985869,,,,,,,,,,oa_pdf
https://openalex.org/W4221041601,10.1016/j.csbj.2022.03.016,Comparative mitochondrial genome analyses reveal conserved gene arrangement but massive expansion/contraction in two closely related <i>Exserohilum</i> pathogens,2022,article,true,gold,https://doi.org/10.1016/j.csbj.2022.03.016,cc-by-nc-nd,PMC8956966,35386100,MED,Y,Y,Y,,https://www.ebi.ac.uk/europepmc/webservices/rest/article/PMC8956966/fullTextXML,pmc_xml
https://openalex.org/W4308938282,10.3389/fgene.2022.1045193,Comparative analysis and phylogeny of mitochondrial genomes of Pentatomidae (Hemiptera: Pentatomoidea),2022,article,true,gold,https://doi.org/10.3389/fgene.2022.1045193,cc-by,PMC9692006,36437937,MED,Y,Y,Y,,https://www.ebi.ac.uk/europepmc/webservices/rest/article/PMC9692006/fullTextXML,pmc_xml
https://openalex.org/W4311227838,10.3897/mycokeys.94.95751,"Three new species of Nigrograna (Dothideomycetes, Pleosporales) associated with Arabica coffee from Yunnan Province, China",2022,article,true,gold,https://doi.org/10.3897/mycokeys.94.95751,cc-by,PMC9836489,36760538,MED,Y,Y,Y,,https://www.ebi.ac.uk/europepmc/webservices/rest/article/PMC9836489/fullTextXML,pmc_xml
https://openalex.org/W4384203132,10.3390/jof9070742,Morphological and Multi-Gene Phylogenetic Analyses Reveal Pseudotubeufia gen. nov. and Two New Species in Tubeufiaceae from China,2023,article,true,gold,https://www.mdpi.com/2309-608X/9/7/742/pdf?version=1689164406,cc-by,PMC10381972,37504731,MED,Y,Y,Y,,https://www.ebi.ac.uk/europepmc/webservices/rest/article/PMC10381972/fullTextXML,pmc_xml
https://openalex.org/W4388510259,10.3767/persoonia.2023.51.05,Diversity and novel lineages of black yeasts in <i>Chaetothyriales</i> from freshwater sediments in Spain,2023,article,true,hybrid,https://doi.org/10.3767/persoonia.2023.51.05,cc-by-nc-nd,PMC11041900,38665982,MED,Y,N,N,,,oa_pdf
https://openalex.org/W2594732466,10.1007/s12229-017-9181-6,Pollination Syndromes of Chinese Gesneriaceae: a Comparative Study between Hainan Island and Neighboring Regions,2017,article,false,closed,,,,,,,,,,,paywalled
https://openalex.org/W2730560167,10.1007/s10811-017-1201-8,Molecular diversity and biogeography of Philippine foliose Bangiales (Rhodophyta),2017,article,false,closed,,,,,,,,,,,paywalled
https://openalex.org/W2968748591,10.7717/peerj.7531,Molecular taxonomy of endemic coastal<i>Ligia</i>isopods from the Hawaiian Islands: re-description of<i>L. hawaiensis</i>and description of seven novel cryptic species,2019,article,true,gold,https://doi.org/10.7717/peerj.7531,cc-by,PMC6698373,31435494,MED,Y,Y,Y,,https://www.ebi.ac.uk/europepmc/webservices/rest/article/PMC6698373/fullTextXML,pmc_xml
https://openalex.org/W2995558030,10.1016/j.rsma.2019.100981,"A morphological and genetic comparison of Septifer bilocularis, Mytilisepta virgata and Brachidontes variabilis (Bivalvia: Mytiloidea) from Hong Kong and erection of the Mytiliseptiferinae sub-fam. nov.",2019,article,false,closed,,,,,,,,,,,paywalled
https://openalex.org/W3106299885,10.1016/j.protis.2020.125781,"Multigene Phylogeny, Morphological Observation and Re-examination of the Literature Lead to the Description of the Phaeosacciophyceae Classis Nova and Four New Species of the Heterokontophyta SI Clade",2020,article,false,closed,,,,33278705,MED,N,N,N,,,paywalled
https://openalex.org/W3120251190,10.3389/fmicb.2020.608991,Three Novel Entomopathogenic Fungi From China and Thailand,2021,article,true,gold,https://www.frontiersin.org/articles/10.3389/fmicb.2020.608991/pdf,cc-by,PMC7873960,33584571,MED,Y,Y,Y,,https://www.ebi.ac.uk/europepmc/webservices/rest/article/PMC7873960/fullTextXML,pmc_xml
https://openalex.org/W3210493080,10.1016/j.funbio.2021.10.005,Caveats of the internal transcribed spacer region as a barcode to resolve species boundaries in Diaporthe,2021,article,false,closed,,,,34930559,MED,N,N,N,,,paywalled
https://openalex.org/W4205978604,10.3390/biology11010068,Phylogeographic Relationships among Bombyx mandarina (Lepidoptera: Bombycidae) Populations and Their Relationships to B. mori Inferred from Mitochondrial Genomes,2022,article,true,gold,https://www.mdpi.com/2079-7737/11/1/68/pdf?version=1641371922,cc-by,PMC8773246,35053066,MED,Y,Y,Y,,https://www.ebi.ac.uk/europepmc/webservices/rest/article/PMC8773246/fullTextXML,pmc_xml
https://openalex.org/W4220862660,10.3390/d14040238,"Biogeography and Diversification of Bumblebees (Hymenoptera: Apidae), with Emphasis on Neotropical Species",2022,article,true,gold,https://www.mdpi.com/1424-2818/14/4/238/pdf?version=1648435391,cc-by,,,,,,,,,oa_pdf
https://openalex.org/W4290849501,10.1016/j.indcrop.2022.115494,Chi-Nan agarwood germplasms constitute a new chemotype of Aquilaria sinensis (Lour.) Spreng,2022,article,true,hybrid,https://doi.org/10.1016/j.indcrop.2022.115494,cc-by-nc-nd,,,AGR,N,N,N,,,oa_pdf
https://openalex.org/W4307356598,10.5852/ejt.2022.845.1959,"Cutting the ribbon: bathyal Nemertea from seeps along the Costa Rica margin, with descriptions of 2 new genera and 9 new species",2022,article,true,diamond,https://europeanjournaloftaxonomy.eu/index.php/ejt/article/download/1959/7939,cc-by,,,,,,,,,oa_pdf
https://openalex.org/W4312906072,10.3767/persoonia.2022.49.03,"Phylogeny and taxonomy of <i>Circinotrichum</i>,<i> Gyrothrix</i>, <i> Vermiculariopsiella </i> and other setose hyphomycetes",2022,article,true,hybrid,https://doi.org/10.3767/persoonia.2022.49.03,cc-by-nc-nd,PMC10792225,38234380,MED,Y,Y,N,,https://www.ebi.ac.uk/europepmc/webservices/rest/article/PMC10792225/fullTextXML,pmc_xml
https://openalex.org/W4322394337,10.3897/evolsyst.7.97026,"Systematics of Trimeresurus popeiorum Smith, 1937 with a revised molecular phylogeny of Asian pitvipers of the genus Trimeresurus Lacépède, 1804 sensu lato",2023,article,true,gold,https://evolsyst.pensoft.net/article/97026/download/pdf/,cc-by,,,,,,,,,oa_pdf
https://openalex.org/W4366000085,10.1093/zoolinnean/zlad010,A widespread Ponto-Caspian invader with a mistaken identity: integrative taxonomy elucidates the confusing taxonomy of<i>Trichogammarus trichiatus</i>(=<i>Echinogammarus</i>) (Crustacea: Amphipoda),2023,article,true,green,http://publication.plazi.org/id/FFEBFFBA0A08682B4659FFFD3B1C2A11,,,,,,,,,,oa_pdf
https://openalex.org/W4366607033,10.1016/j.ympev.2023.107796,"Revisiting the phylogeny of the family Miridae (Heteroptera: Cimicomorpha), with updated insights into its origin and life history evolution",2023,article,false,closed,,,,37086912,MED,N,N,N,,,paywalled
https://openalex.org/W4386121270,10.3390/horticulturae9090964,"Biological Control Mechanisms of Bacillus cabrialesii subsp. tritici TSO2T against Fusarium languescens, the Causal Agent of Wilt in Jalapeño Peppers",2023,article,true,gold,https://www.mdpi.com/2311-7524/9/9/964/pdf?version=1692859861,cc-by,,,,,,,,,oa_pdf
https://openalex.org/W2006360183,10.1016/j.ympev.2014.12.011,Examining evolutionary relationships and shifts in depth preferences in batfishes (Lophiiformes: Ogcocephalidae),2014,article,false,closed,,,,25554525,MED,N,N,N,,,paywalled
https://openalex.org/W2620413949,10.1007/s10709-017-9969-7,"Nearly complete mitogenome of hairy sawfly, Corynis lateralis (Brullé, 1832) (Hymenoptera: Cimbicidae): rearrangements in the IQM and ARNS1EF gene clusters",2017,article,false,closed,,,,28567603,MED,N,N,N,,,paywalled
https://openalex.org/W2954930746,10.1080/03949370.2019.1630012,Ecological trait evolution in amphibian phylogenetic relationships,2019,article,true,green,https://figshare.com/articles/Ecological_trait_evolution_in_amphibian_phylogenetic_relationships/8396984,,,,,,,,,,oa_pdf
https://openalex.org/W2989985616,10.5943/mycosphere/9/4/9,Hypogeous gasteroid Lactarius sulphosmus sp. nov. and agaricoid Russula vinosobrunneola sp. nov. (Russulaceae) from China,2018,article,true,diamond,https://doi.org/10.5943/mycosphere/9/4/9,cc-by-nc-sa,,,,,,,,,oa_pdf
https://openalex.org/W3041969603,10.3389/fmars.2020.00469,"A New Species of the Deep-Sea Sponge-Associated Genus Eiconaxius (Crustacea: Decapoda: Axiidae), With New Insights Into the Distribution, Speciation, and Mitogenomic Phylogeny of Axiidean Shrimps",2020,article,true,gold,https://doi.org/10.3389/fmars.2020.00469,cc-by,,,,,,,,,oa_pdf
https://openalex.org/W3081406725,10.3897/phytokeys.157.55254,Reassessment of Bournea Oliver (Gesneriaceae) based on molecular and palynological evidence,2020,article,true,gold,https://doi.org/10.3897/phytokeys.157.55254,cc-by,,,,,,,,,oa_pdf
https://openalex.org/W3118598967,10.1093/jisesa/ieaa138,"Characterization and Phylogenetic Analysis of the Complete Mitochondrial Genome of <i>Laelia suffusa</i> (Lepidoptera: Erebidae, Lymantriinae)",2020,article,true,gold,https://academic.oup.com/jinsectscience/article-pdf/21/1/5/36197641/ieaa138.pdf,cc-by,PMC7799433,33428744,MED,Y,Y,Y,,https://www.ebi.ac.uk/europepmc/webservices/rest/article/PMC7799433/fullTextXML,pmc_xml
https://openalex.org/W3133745804,10.1080/0028825x.2021.1890155,Diversity of the insect pathogenic fungi in the genus <i>Metarhizium</i> in New Zealand,2021,article,false,closed,,,,,,,,,,,paywalled
https://openalex.org/W3156478894,10.1186/s40851-021-00172-0,New Indomalayan Nebularmis species (Heterotardigrada: Echiniscidae) provoke a discussion on its intrageneric diversity,2021,article,true,gold,https://zoologicalletters.biomedcentral.com/track/pdf/10.1186/s40851-021-00172-0,cc-by,PMC8040243,33845896,MED,Y,Y,Y,,https://www.ebi.ac.uk/europepmc/webservices/rest/article/PMC8040243/fullTextXML,pmc_xml
https://openalex.org/W3194312038,10.1016/j.jcz.2021.08.003,Phenotypically exceptional Echiniscus species (Heterotardigrada: Echiniscidae) from Argentina (Neotropics),2021,article,true,hybrid,https://doi.org/10.1016/j.jcz.2021.08.003,cc-by,,,,,,,,,oa_pdf
https://openalex.org/W3207467086,10.1111/ppa.13491,Identification and characterization of <i>Pyrenophora</i> species causing leaf spot on oat ( <i>Avena sativa</i> ) in western China,2021,article,false,closed,,,,,AGR,N,N,N,,,paywalled
https://openalex.org/W4283702718,10.1038/s41598-022-14938-9,Harrison’s rule corroborated for the body size of cleptoparasitic cuckoo bees (Hymenoptera: Apidae: Nomadinae) and their hosts,2022,article,true,gold,https://www.nature.com/articles/s41598-022-14938-9.pdf,cc-by,PMC9243014,35768474,MED,Y,Y,Y,,https://www.ebi.ac.uk/europepmc/webservices/rest/article/PMC9243014/fullTextXML,pmc_xml
https://openalex.org/W4294611888,10.1016/j.hal.2022.102308,"Geographical distribution, molecular and toxin diversity of the dinoflagellate species Gambierdiscus honu in the Pacific region",2022,article,false,closed,,,,36195424,MED,N,N,N,,,paywalled
https://openalex.org/W4308970686,10.3390/agronomy12112815,Diversity and Resistance to Thiophanate-Methyl of Colletotrichum spp. in Strawberry Nursery and the Development of Rapid Detection Using LAMP Method,2022,article,true,gold,https://www.mdpi.com/2073-4395/12/11/2815/pdf?version=1668671808,cc-by,,,,,,,,,oa_pdf
https://openalex.org/W4387671716,10.7717/peerj.16188,Genome sizes and repeatome evolution in zoantharians (Cnidaria: Hexacorallia: Zoantharia),2023,article,true,gold,https://peerj.com/articles/16188.pdf,cc-by,PMC10586311,37868064,MED,Y,Y,Y,,https://www.ebi.ac.uk/europepmc/webservices/rest/article/PMC10586311/fullTextXML,pmc_xml
https://openalex.org/W2765303423,10.1111/syen.12273,Molecular phylogeny and biogeography of the West‐Palaearctic <i>Velia</i> (Heteroptera: Gerromorpha: Veliidae),2017,article,false,closed,,,,,AGR,N,N,N,,,paywalled
https://openalex.org/W2896093226,10.11646/zootaxa.4504.1.1,"A new Lamellibrachia species and confirmed range extension for Lamellibrachia barhami (Siboglinidae, Annelida) from Costa Rica methane seeps",2018,article,true,green,https://www.checklistbank.org/dataset/28094,,,30486033,MED,N,N,N,,,oa_pdf
https://openalex.org/W3048164049,10.1016/j.ympev.2020.106926,"Assessing biodiversity shortfalls of freshwater meiofauna from the Atlantic Forest: New species, distribution patterns and the first total-evidence phylogeny of semiplanktonic Gastrotricha",2020,article,false,closed,,,,32771551,MED,N,N,N,,,paywalled
https://openalex.org/W3088628281,10.1016/j.prevetmed.2020.105159,Molecular surveillance reveals bats from eastern Colombia infected with Trypanosoma theileri and Trypanosoma wauwau-like parasites,2020,article,true,green,https://zotero.org/groups/5435545/items/WRLSU6Q2,,,33038611,MED,N,N,N,,,oa_pdf
https://openalex.org/W3094154182,10.11606/1807-0205/2020.60.53,"Molecular phylogeny of the tribe Philodryadini Cope, 1886 (Dipsadidae: Xenodontinae): Rediscovering the diversity of the South American Racers",2020,article,true,diamond,https://www.revistas.usp.br/paz/article/download/175953/163914,cc-by,,,,,,,,,oa_pdf
https://openalex.org/W3166716297,10.1016/j.ympev.2021.107230,Phylogeographic analysis of Saxifraga fortunei complex (Saxifragaceae) reveals multiple origins of morphological and ecological variations in the Japanese Archipelago,2021,article,false,closed,,,,34133947,MED,N,N,N,,,paywalled
https://openalex.org/W3211556913,10.3897/zookeys.1070.72742,"Characterization of the complete mitochondrial genome of Myrmus lateralis (Heteroptera, Rhopalidae) and its implication for phylogenetic analyses",2021,article,true,gold,https://doi.org/10.3897/zookeys.1070.72742,cc-by,PMC8599289,34819768,MED,Y,Y,Y,,https://www.ebi.ac.uk/europepmc/webservices/rest/article/PMC8599289/fullTextXML,pmc_xml
https://openalex.org/W3213894369,10.1111/zsc.12519,Integrative taxonomy of Flatbill Flycatchers (Tyrannidae) reveals a new species from the Amazonian lowlands,2021,article,true,bronze,https://onlinelibrary.wiley.com/doi/pdfdirect/10.1111/zsc.12519,,,,,,,,,,oa_pdf
https://openalex.org/W4221116754,10.1007/s11557-022-01786-0,"The genera Bonomyces, Harmajaea and Notholepista from Northwestern China: two new species and a new record",2022,article,false,closed,,,,,,,,,,,paywalled
https://openalex.org/W4224021451,10.1002/arch.21898,Mitochondrial genomes of <i>Sternochetus</i> species (Coleoptera: Curculionidae) and the phylogenetic implications,2022,article,false,closed,,,,35434835,MED,N,N,N,,,paywalled
https://openalex.org/W4225278458,10.1016/j.protis.2022.125870,Five Groups in the Genus Allovahlkampfia and the Description of the New Species Vahlkampfia bulbosis n.sp.,2022,article,true,hybrid,https://doi.org/10.1016/j.protis.2022.125870,cc-by,,35489252,MED,N,N,N,,,oa_pdf
https://openalex.org/W4230797238,10.1655/0018-0831.342,Systematic Composition of the Eutropis Multifasciata (Kuhl 1820) Species Complex (Squamata: Scincidae) and Designation of a Neotype,2018,article,true,green,https://mnhn.hal.science/mnhn-03963426,,,,,,,,,,oa_pdf
https://openalex.org/W4283010341,10.1371/journal.pone.0270167,Genetic relationship and source species identification of 58 Qi-Nan germplasms of Aquilaria species in China that easily form agarwood,2022,article,true,gold,https://doi.org/10.1371/journal.pone.0270167,cc-by,PMC9202955,35709217,MED,Y,Y,Y,,https://www.ebi.ac.uk/europepmc/webservices/rest/article/PMC9202955/fullTextXML,pmc_xml
https://openalex.org/W4284682345,10.3897/mycokeys.91.86812,"Phylogenetic, ecological and morphological characteristics reveal two new spider-associated genera in Clavicipitaceae",2022,article,true,gold,https://doi.org/10.3897/mycokeys.91.86812,cc-by,PMC9849053,36760893,MED,Y,Y,Y,,https://www.ebi.ac.uk/europepmc/webservices/rest/article/PMC9849053/fullTextXML,pmc_xml
https://openalex.org/W4293746050,10.1016/j.cropro.2022.106092,Colletotrichum siamense causing anthracnose on Etlingera elatior,2022,article,false,closed,,,,,AGR,N,N,N,,,paywalled
https://openalex.org/W4295850272,10.1038/s41598-022-18666-y,DNA barcodes reveal population-dependent cryptic diversity and various cases of sympatry of Korean leptonetid spiders (Araneae: Leptonetidae),2022,article,true,gold,https://www.nature.com/articles/s41598-022-18666-y.pdf,cc-by,PMC9478141,36109541,MED,Y,Y,Y,,https://www.ebi.ac.uk/europepmc/webservices/rest/article/PMC9478141/fullTextXML,pmc_xml
https://openalex.org/W4302024710,10.1016/j.ympev.2022.107634,Two new tardigrade genera from New Zealand’s Southern Alp glaciers display morphological stasis and parallel evolution,2022,article,true,hybrid,https://doi.org/10.1016/j.ympev.2022.107634,cc-by-nc-nd,,36208696,MED,N,N,N,,,oa_pdf
https://openalex.org/W4312211686,10.3390/jof8121301,"Taxonomy and Multigene Phylogeny of Diaporthales in Guizhou Province, China",2022,article,true,gold,https://www.mdpi.com/2309-608X/8/12/1301/pdf?version=1671102548,cc-by,PMC9785342,36547633,MED,Y,Y,Y,,https://www.ebi.ac.uk/europepmc/webservices/rest/article/PMC9785342/fullTextXML,pmc_xml
https://openalex.org/W4321764449,10.1016/j.ppees.2023.125720,Molecular phylogenetic tools reveal the phytogeographic history of the genus Capparis L. and suggest its reclassification,2023,article,false,closed,,,,,,,,,,,paywalled
https://openalex.org/W4391531447,10.3897/mycokeys.102.116096,"Diversity of Distoseptispora (Distoseptisporaceae) taxa on submerged decaying wood from the Red River in Yunnan, China",2024,article,true,gold,https://mycokeys.pensoft.net/article/116096/download/pdf/,cc-by,PMC10862349,38356851,MED,Y,Y,Y,,https://www.ebi.ac.uk/europepmc/webservices/rest/article/PMC10862349/fullTextXML,pmc_xml
https://openalex.org/W4393197805,10.3389/fpls.2024.1367645,Phylogeny of genera in Maleae (Rosaceae) based on chloroplast genome analysis,2024,article,true,gold,https://www.frontiersin.org/journals/plant-science/articles/10.3389/fpls.2024.1367645/pdf,cc-by,PMC11002139,38595768,MED,Y,Y,Y,,https://www.ebi.ac.uk/europepmc/webservices/rest/article/PMC11002139/fullTextXML,pmc_xml
https://openalex.org/W4404054819,10.1186/s12864-024-10949-0,The evolutionary dynamics of genome sizes and repetitive elements in Ensifera (Insecta: Orthoptera),2024,article,true,gold,https://bmcgenomics.biomedcentral.com/counter/pdf/10.1186/s12864-024-10949-0,cc-by-nc-nd,PMC11539627,39501135,MED,Y,Y,Y,,https://www.ebi.ac.uk/europepmc/webservices/rest/article/PMC11539627/fullTextXML,pmc_xml
https://openalex.org/W2583023183,10.1080/24701394.2016.1278536,"Back from the dead! Resurrection and revalidation of the Indian endemic snake genus <i>Wallophis</i> Werner, 1929 (Squamata: Colubridae) insights from molecular data",2017,article,false,closed,,,,28129725,MED,N,N,N,,,paywalled
https://openalex.org/W2781838686,10.1080/00275514.2017.1410422,Two new <i>Geosmithia</i> species in <i>G. pallida</i> species complex from bark beetles in eastern USA,2017,article,false,closed,,,,29388883,MED,N,N,N,,,paywalled
https://openalex.org/W2905582144,10.1111/jpy.12823,Molecular phylogenetics supports a clade of red algal parasites retaining native plastids: taxonomy and terminology revised,2018,article,true,green,https://digitalcommons.uri.edu/bio_facpubs/456,,,30537065,MED,N,N,N,,,oa_pdf
https://openalex.org/W3016976857,10.1093/jisesa/ieaa021,Characterization of the Complete Mitochondrial Genome of Epicauta impressicornis (Coleoptera: Meloidae) and Its Phylogenetic Implications for the Infraorder Cucujiformia,2020,article,true,gold,https://academic.oup.com/jinsectscience/article-pdf/20/2/16/33098779/ieaa021.pdf,,PMC7164779,32302386,MED,Y,Y,Y,,https://www.ebi.ac.uk/europepmc/webservices/rest/article/PMC7164779/fullTextXML,pmc_xml
https://openalex.org/W3035486718,10.1111/aen.12476,Expansion of the geographic range of the eucalypt pest <i>Paropsisterna cloelia</i> (Stål) (Coleoptera: Chrysomelidae) through synonymy and invasion,2020,article,false,closed,,,,,,,,,,,paywalled
https://openalex.org/W3118995463,10.1649/0010-065x-74.mo18.1,"A Revision of the Genus Hemicrepidius Germar, 1839 (Coleoptera: Elateridae) of the New World, with Comments on Global Classification",2020,article,true,green,http://publication.plazi.org/id/FF93FFAC7023E85DFFC7FFBC3B6C0472,,,,,,,,,,oa_pdf
https://openalex.org/W3165203501,10.3390/insects12060495,Mitochondrial Phylogenomics of Tenthredinidae (Hymenoptera: Tenthredinoidea) Supports the Monophyly of Megabelesesinae as a Subfamily,2021,article,true,gold,https://www.mdpi.com/2075-4450/12/6/495/pdf?version=1622084739,cc-by,PMC8227683,34073280,MED,Y,Y,Y,,https://www.ebi.ac.uk/europepmc/webservices/rest/article/PMC8227683/fullTextXML,pmc_xml
https://openalex.org/W3198423646,10.1007/s13205-021-02961-y,"Association of Lasiodiplodia theobromae with die-back and decline of nutmeg as revealed through phenotypic, pathogenicity and phylogenetic analyses",2021,article,true,green,https://www.ncbi.nlm.nih.gov/pmc/articles/8410934,,PMC8410934,34603922,MED,Y,N,Y,,,oa_pdf
https://openalex.org/W4205386530,10.7717/peerj.12800,A new ancient lineage of ablepharine skinks (Sauria: Scincidae) from eastern Himalayas with notes on origin and systematics of the group,2022,article,true,gold,https://doi.org/10.7717/peerj.12800,cc-by,PMC8781319,35111410,MED,Y,Y,Y,,https://www.ebi.ac.uk/europepmc/webservices/rest/article/PMC8781319/fullTextXML,pmc_xml
https://openalex.org/W4281487020,10.3390/biology11060807,The First Mitochondrial Genomes of the Family Haplodiplatyidae (Insecta: Dermaptera) Reveal Intraspecific Variation and Extensive Gene Rearrangement,2022,article,true,gold,https://www.mdpi.com/2079-7737/11/6/807/pdf?version=1653440844,cc-by,PMC9219768,35741328,MED,Y,Y,Y,,https://www.ebi.ac.uk/europepmc/webservices/rest/article/PMC9219768/fullTextXML,pmc_xml
https://openalex.org/W4292254421,10.3390/jof8080868,"Two Novel Genera, Neostemphylium and Scleromyces (Pleosporaceae) from Freshwater Sediments and Their Global Biogeography",2022,article,true,gold,https://www.mdpi.com/2309-608X/8/8/868/pdf?version=1661151968,cc-by,PMC9409710,36012856,MED,Y,Y,Y,,https://www.ebi.ac.uk/europepmc/webservices/rest/article/PMC9409710/fullTextXML,pmc_xml
https://openalex.org/W4307960334,10.1007/s10530-022-02941-0,"Boring can get you far: shell-boring Dipolydora from Temperate Northern Pacific, with emphasis on the global history of Dipolydora giardi (Mesnil, 1893) (Annelida: Spionidae)",2022,article,false,closed,,,,,,,,,,,paywalled
https://openalex.org/W4315491215,10.3389/ffunb.2022.1040102,"Hesperomyces (Fungi, Ascomycota) associated with Hyperaspis ladybirds (Coleoptera, Coccinellidae): Rethinking host specificity",2023,article,true,gold,https://www.frontiersin.org/articles/10.3389/ffunb.2022.1040102/pdf,cc-by,PMC10512334,37746211,MED,Y,Y,Y,,https://www.ebi.ac.uk/europepmc/webservices/rest/article/PMC10512334/fullTextXML,pmc_xml
https://openalex.org/W4319318760,10.3390/jof9020199,Four New Species of Russula Subsection Sardoninae from China,2023,article,true,gold,https://www.mdpi.com/2309-608X/9/2/199/pdf?version=1675942285,cc-by,PMC9963349,36836313,MED,Y,Y,Y,,https://www.ebi.ac.uk/europepmc/webservices/rest/article/PMC9963349/fullTextXML,pmc_xml
https://openalex.org/W4360615337,10.3390/agronomy13040952,"Genetic Diversity of Colletotrichum spp. Causing Grape Anthracnose in Zhejiang, China",2023,article,true,gold,https://www.mdpi.com/2073-4395/13/4/952/pdf?version=1679553034,cc-by,,,,,,,,,oa_pdf
https://openalex.org/W4381849080,10.1111/jbi.14673,Origins of old lineages in New Caledonia: A geologically informed test of the island‐hopping hypothesis,2023,article,true,green,https://hal.science/hal-04198375/document,,,,,,,,,,oa_pdf
https://openalex.org/W4385805382,10.3897/mycokeys.99.107606,"Morphological and phylogenetic analyses reveal three new species and one new record of Tubeufia (Tubeufiales, Tubeufiaceae) from southern China",2023,article,true,gold,https://mycokeys.pensoft.net/article/107606/download/pdf/,cc-by,PMC10442694,37614656,MED,Y,Y,Y,,https://www.ebi.ac.uk/europepmc/webservices/rest/article/PMC10442694/fullTextXML,pmc_xml
https://openalex.org/W4387052956,10.3390/jof9100962,"Lignicolous Freshwater Fungi from Plateau Lakes in China (I): Morphological and Phylogenetic Analyses Reveal Eight Species of Lentitheciaceae, Including New Genus, New Species and New Records",2023,article,true,gold,https://www.mdpi.com/2309-608X/9/10/962/pdf?version=1695695637,cc-by,PMC10607872,37888219,MED,Y,Y,Y,,https://www.ebi.ac.uk/europepmc/webservices/rest/article/PMC10607872/fullTextXML,pmc_xml
https://openalex.org/W4399283806,10.3897/mycokeys.105.124129,"Three new species of Neohelicomyces (Tubeufiales, Tubeufiaceae) from freshwater and terrestrial habitats in China",2024,article,true,gold,https://mycokeys.pensoft.net/article/124129/download/pdf/,cc-by,,38863446,MED,N,N,N,,,oa_pdf
https://openalex.org/W4399970520,10.3390/ijms25136902,"Structure, Evolution, and Mitochondrial Genome Analysis of Mussel Species (Bivalvia, Mytilidae)",2024,article,true,gold,https://www.mdpi.com/1422-0067/25/13/6902/pdf?version=1719220286,cc-by,PMC11241113,39000014,MED,Y,Y,Y,,https://www.ebi.ac.uk/europepmc/webservices/rest/article/PMC11241113/fullTextXML,pmc_xml
https://openalex.org/W2297092695,10.3852/14-339,<i>Umbelopsis longicollis</i> comb. nov. and the synonymy of <i>U. roseonana</i> and <i>U. versiformis</i> with <i>U. nana</i>,2015,article,false,closed,,,,26240300,MED,N,N,N,,,paywalled
https://openalex.org/W2992699651,10.1111/jzs.12338,"Unraveling the diversification and systematic puzzle of the highly polymorphic<i>Psammobates tentorius</i>(Bell, 1828) complex (Reptilia: Testudinidae) through phylogenetic analyses and species delimitation approaches",2019,article,true,bronze,https://onlinelibrary.wiley.com/doi/pdfdirect/10.1111/jzs.12338,,,,,,,,,,oa_pdf
https://openalex.org/W3016849464,10.1094/pdis-09-19-1952-re,"Characterization and Pathogenicity of <i>Colletotrichum</i> Species on <i>Philodendron tatei</i> cv. Congo in Gansu Province, China",2020,article,true,bronze,https://apsjournals.apsnet.org/doi/pdf/10.1094/PDIS-09-19-1952-RE,,,32816625,MED,N,N,N,,,oa_pdf
https://openalex.org/W3080866403,10.1016/j.jip.2020.107456,"Genetic diversity among naturally-occurring strains of Beauveria bassiana associated with the introduced coffee berry borer, Hypothenemus hampei, (Coleoptera: Curculionidae) on Hawai‘i Island",2020,article,false,closed,,,,32827555,MED,N,N,N,,,paywalled
https://openalex.org/W3095015929,10.1111/zsc.12453,Mitogenomic phylogeny of Trochoidea (Gastropoda: Vetigastropoda): New insights from increased complete genomes,2020,article,false,closed,,,,,,,,,,,paywalled
https://openalex.org/W3111034601,10.1080/09583157.2020.1854175,"Morphological, molecular and virulence characterisation of six <i>Cordyceps</i> spp. isolates infecting the diamondback moth, <i>Pluttela xylostella</i>",2020,article,false,closed,,,,,,,,,,,paywalled
https://openalex.org/W3122243580,10.1111/efp.12674,"Occurrence of <i>Diaporthe</i> species in <i>Eucalyptus globulus</i> , <i>Pinus pinaster</i> and <i>Quercus suber</i> in Portugal",2021,article,false,closed,,,,,AGR,N,N,N,,,paywalled
https://openalex.org/W3183443849,10.3389/fmicb.2021.583129,Evolutionary Insights Into Two Widespread Ectomycorrhizal Fungi (Pisolithus) From Comparative Analysis of Mitochondrial Genomes,2021,article,true,gold,https://doi.org/10.3389/fmicb.2021.583129,cc-by,PMC8287656,34290675,MED,Y,Y,Y,,https://www.ebi.ac.uk/europepmc/webservices/rest/article/PMC8287656/fullTextXML,pmc_xml
https://openalex.org/W3197769636,10.1093/zoolinnean/zlab065,"Phylogeography of the endemic red-tailed cicadas of New Zealand (Hemiptera: Cicadidae:<i>Rhodopsalta</i>), and molecular, morphological and bioacoustical confirmation of the existence of Hudson’s<i>Rhodopsalta microdora</i>",2021,article,false,closed,,,,,,,,,,,paywalled
https://openalex.org/W3202668446,10.3897/bdj.9.e72798,First detection of Colletotrichum fructicola (Ascomycota) on horsehair worms (Nematomorpha),2021,article,true,gold,https://doi.org/10.3897/bdj.9.e72798,cc-by,PMC8484196,34690520,MED,Y,Y,Y,,https://www.ebi.ac.uk/europepmc/webservices/rest/article/PMC8484196/fullTextXML,pmc_xml
https://openalex.org/W3213247493,10.1111/syen.12527,Sawflies out of Gondwana: phylogenetics and biogeography of Argidae (Hymenoptera),2021,article,false,closed,,,,,,,,,,,paywalled
https://openalex.org/W4220952954,10.1007/s13364-022-00626-6,"Mitogenomic phylogenetics and population genetics of several taxa of agouties (Dasyprocta sp., Dasyproctidae, Rodentia): molecular nonexistence of some claimed endemic taxa",2022,article,false,closed,,,,,,,,,,,paywalled
https://openalex.org/W4290725269,10.1094/pdis-08-22-1753-re,Differences in the Characteristics and Pathogenicity of <i>Pyrenophora</i> Species Associated with Seeds of Italian Ryegrass,2022,article,false,closed,,,,35939752,MED,N,N,N,,,paywalled
https://openalex.org/W4297996796,10.3389/fmicb.2022.991987,Taxonomy and control of Trichoderma hymenopellicola sp. nov. responsible for the first green mold disease on Hymenopellis raphanipes,2022,article,true,gold,https://doi.org/10.3389/fmicb.2022.991987,cc-by,PMC9559395,36246254,MED,Y,Y,Y,,https://www.ebi.ac.uk/europepmc/webservices/rest/article/PMC9559395/fullTextXML,pmc_xml
https://openalex.org/W4307944987,10.3390/jof8111138,"Morpho-Phylogenetic Evidence Reveals New Species of Fuscosporellaceae and Savoryellaceae from Freshwater Habitats in Guizhou Province, China",2022,article,true,gold,https://www.mdpi.com/2309-608X/8/11/1138/pdf?version=1666929448,cc-by,PMC9696266,36354905,MED,Y,Y,Y,,https://www.ebi.ac.uk/europepmc/webservices/rest/article/PMC9696266/fullTextXML,pmc_xml
https://openalex.org/W4364355688,10.1186/s12864-023-09290-9,"Adaptive evolution characteristics of mitochondrial genomes in genus Aparapotamon (Brachyura, Potamidae) of freshwater crabs",2023,article,true,gold,https://bmcgenomics.biomedcentral.com/counter/pdf/10.1186/s12864-023-09290-9,cc-by,PMC10091551,37041498,MED,Y,Y,Y,,https://www.ebi.ac.uk/europepmc/webservices/rest/article/PMC10091551/fullTextXML,pmc_xml
https://openalex.org/W4378072235,10.1038/s41598-023-34334-1,Chloroplast genome characterization of Uncaria guianensis and Uncaria tomentosa and evolutive dynamics of the Cinchonoideae subfamily,2023,article,true,gold,https://www.nature.com/articles/s41598-023-34334-1.pdf,cc-by,PMC10209157,37225737,MED,Y,Y,Y,,https://www.ebi.ac.uk/europepmc/webservices/rest/article/PMC10209157/fullTextXML,pmc_xml
https://openalex.org/W4378078018,10.3897/mycokeys.97.103118,"Botryosphaerialean fungi associated with woody oil plants cultivated in Sichuan Province, China",2023,article,true,gold,https://mycokeys.pensoft.net/article/103118/download/pdf/,cc-by,PMC10230375,37265995,MED,Y,Y,Y,,https://www.ebi.ac.uk/europepmc/webservices/rest/article/PMC10230375/fullTextXML,pmc_xml
https://openalex.org/W4380991501,10.1038/s41598-023-34927-w,"Ontogenetic transitions, biomechanical trade-offs and macroevolution of scyphozoan medusae swimming patterns",2023,article,true,gold,https://www.nature.com/articles/s41598-023-34927-w.pdf,cc-by,PMC10276012,37328506,MED,Y,Y,Y,,https://www.ebi.ac.uk/europepmc/webservices/rest/article/PMC10276012/fullTextXML,pmc_xml
https://openalex.org/W4383684318,10.17581/bp.2023.12s03,Additions to Trichia botrytis complex (Myxomycetes): 9 new species,2023,article,true,diamond,http://www.geobotanica.ru/bp/2023_12_SP/BP_2023_12_S_bortnikov.pdf,cc-by-nc,,,,,,,,,oa_pdf
https://openalex.org/W4389341958,10.3389/fmicb.2023.1253239,Morphological and multi-gene phylogenetic analyses reveal five new hyphomycetes from freshwater habitats,2023,article,true,gold,https://www.frontiersin.org/articles/10.3389/fmicb.2023.1253239/pdf?isPublishedV2=False,cc-by,PMC10728726,38116531,MED,Y,Y,Y,,https://www.ebi.ac.uk/europepmc/webservices/rest/article/PMC10728726/fullTextXML,pmc_xml
https://openalex.org/W4391893651,10.1111/ppa.13879,Diversity of <i>Colletotrichum</i> causing anthracnose on <i>Psidium guajava</i> in varied Brazilian physiographic regions,2024,article,true,green,http://www.alice.cnptia.embrapa.br/bitstream/doc/1172542/1/AP-CNPH-42191.pdf,,,,,,,,,,oa_pdf
https://openalex.org/W4394582479,10.1080/0028825x.2024.2336044,"Two novel lignicolous freshwater fungi, <i>Conioscypha xizangensis</i> and <i>Cordana linzhiensis</i> , from the Tibetan Plateau, China",2024,article,false,closed,,,,,,,,,,,paywalled
https://openalex.org/W4399916502,10.1038/s41467-024-49683-2,Strain dynamics of contaminating bacteria modulate the yield of ethanol biorefineries,2024,article,true,gold,https://www.nature.com/articles/s41467-024-49683-2.pdf,cc-by,PMC11193817,38909053,MED,Y,Y,Y,,https://www.ebi.ac.uk/europepmc/webservices/rest/article/PMC11193817/fullTextXML,pmc_xml
https://openalex.org/W4400497289,10.3897/phytokeys.244.124565,"Spatial decoupling of taxon richness, phylogenetic diversity and threat status in the megagenus Erica (Ericaceae)",2024,article,true,gold,https://doi.org/10.3897/phytokeys.244.124565,cc-by,PMC11255470,39027483,MED,Y,Y,Y,,https://www.ebi.ac.uk/europepmc/webservices/rest/article/PMC11255470/fullTextXML,pmc_xml
https://openalex.org/W2974784738,10.3390/d11100176,"Zooxanthellate, Sclerite-Free, and Pseudopinnuled Octocoral Hadaka nudidomus gen. nov. et sp. nov. (Anthozoa, Octocorallia) from Mesophotic Reefs of the Southern Ryukyus Islands",2019,article,true,gold,https://www.mdpi.com/1424-2818/11/10/176/pdf?version=1569132817,cc-by,,,,,,,,,oa_pdf
https://openalex.org/W3020135216,10.11646/phytotaxa.439.3.5,"Two new species of Termitomyces (Agaricales, Lyophyllaceae) from China and Thailand",2020,article,true,bronze,https://www.biotaxa.org/Phytotaxa/article/download/phytotaxa.439.3.5/60787,,,,,,,,,,oa_pdf
https://openalex.org/W3037711498,10.1071/is19061,"A new enigmatic genus of subterranean amphipod (Amphipoda : Bogidielloidea) from Terrell County, Texas, with the establishment of Parabogidiellidae, fam. nov., and notes on the family Bogidiellidae",2020,article,false,closed,,,,,,,,,,,paywalled
https://openalex.org/W3105098940,10.1111/icad.12462,High diversity and strong variation in host specificity of seed parasitic acorn weevils,2020,article,false,closed,,,,,,,,,,,paywalled
https://openalex.org/W3195212943,10.3389/fmars.2021.656899,"Diversity of Deep-Sea Scale-Worms (Annelida, Polynoidae) in the Clarion-Clipperton Fracture Zone",2021,article,true,gold,https://www.frontiersin.org/articles/10.3389/fmars.2021.656899/pdf,cc-by,,,,,,,,,oa_pdf
https://openalex.org/W3202476911,10.7717/peerj.12181,Influence of Pleistocene climatic oscillations on the phylogeography and demographic history of endemic vulnerable trees (section <i>Magnolia</i> ) of the Tropical Montane Cloud Forest in Mexico,2021,article,true,gold,https://doi.org/10.7717/peerj.12181,cc-by,PMC8485838,34692249,MED,Y,Y,Y,,https://www.ebi.ac.uk/europepmc/webservices/rest/article/PMC8485838/fullTextXML,pmc_xml
https://openalex.org/W4212994185,10.1007/s00343-021-1068-z,Morphological analysis of Rhynchospio aff. asiatica (Annelida: Spionidae) and comments on the phylogeny and reproduction of the family Spionidae,2022,article,true,bronze,https://link.springer.com/content/pdf/10.1007/s00343-021-1068-z.pdf,,PMC8854475,35194518,MED,Y,Y,Y,,https://www.ebi.ac.uk/europepmc/webservices/rest/article/PMC8854475/fullTextXML,pmc_xml
https://openalex.org/W4308796793,10.3897/mycokeys.94.91340,"Two new Botryosphaeria (Botryosphaeriales, Botryosphaeriaceae) species in China",2022,article,true,gold,https://doi.org/10.3897/mycokeys.94.91340,cc-by,PMC9836432,36760539,MED,Y,Y,Y,,https://www.ebi.ac.uk/europepmc/webservices/rest/article/PMC9836432/fullTextXML,pmc_xml
https://openalex.org/W4310515772,10.3389/fevo.2022.1012852,Survivors and colonizers: Contrasting biogeographic histories reconciled in the Antarctic freshwater copepod Boeckella poppei,2022,article,true,gold,https://www.frontiersin.org/articles/10.3389/fevo.2022.1012852/pdf,cc-by,,,,,,,,,oa_pdf
https://openalex.org/W4321372637,10.3390/w15040809,"Distribution and Phylogenetic Position of the Antarctic Ribbon Worm Heteronemertes longifissa (Nemertea, Pilidiophora)",2023,article,true,gold,https://www.mdpi.com/2073-4441/15/4/809/pdf?version=1676796113,cc-by,,,,,,,,,oa_pdf
https://openalex.org/W4384341405,10.1071/is22057,Resolving the taxonomy of the Antarctic feather star species complex Promachocrinus ‘kerguelensis’ (Echinodermata: Crinoidea),2023,article,false,closed,,,,,,,,,,,paywalled
https://openalex.org/W4387033633,10.1093/aob/mcad141,"The evolution of flower–pollinator trait matching, and why do some alpine gingers appear to be mismatched?",2023,article,true,bronze,https://academic.oup.com/aob/advance-article-pdf/doi/10.1093/aob/mcad141/51924557/mcad141.pdf,,PMC10809048,37751161,MED,Y,N,Y,,,oa_pdf
https://openalex.org/W4387140279,10.1038/s41598-023-40609-4,"Green armoured tardigrades (Echiniscidae: Viridiscus), including a new species from the Southern Nearctic, exemplify problems with tardigrade variability research",2023,article,true,gold,https://www.nature.com/articles/s41598-023-40609-4.pdf,cc-by,PMC10539286,37770488,MED,Y,Y,Y,,https://www.ebi.ac.uk/europepmc/webservices/rest/article/PMC10539286/fullTextXML,pmc_xml
https://openalex.org/W4388731965,10.3390/agronomy13112824,Diversity and Characterization of Resistance to Pyraclostrobin in Colletotrichum spp. from Strawberry,2023,article,true,gold,https://www.mdpi.com/2073-4395/13/11/2824/pdf?version=1700113520,cc-by,,,,,,,,,oa_pdf
https://openalex.org/W4392297816,10.3897/mycokeys.102.113351,"Two new species and one new combination of Ophiocordyceps (Hypocreales, Ophiocordycipitaceae) in Guizhou",2024,article,true,gold,https://mycokeys.pensoft.net/article/113351/download/pdf/,cc-by,PMC10921062,38463694,MED,Y,Y,Y,,https://www.ebi.ac.uk/europepmc/webservices/rest/article/PMC10921062/fullTextXML,pmc_xml
https://openalex.org/W4398175187,10.3389/fpls.2024.1388841,Trichoderma carraovejensis: a new species from vineyard ecosystem with biocontrol abilities against grapevine trunk disease pathogens and ecological adaptation,2024,article,true,gold,https://www.frontiersin.org/journals/plant-science/articles/10.3389/fpls.2024.1388841/pdf,cc-by,PMC11148300,38835860,MED,Y,Y,Y,,https://www.ebi.ac.uk/europepmc/webservices/rest/article/PMC11148300/fullTextXML,pmc_xml
https://openalex.org/W4407073752,10.1093/zoolinnean/zlae166,New branch on the tree of life of Gastrotricha: establishment of a new genus for limno-terrestrial species,2024,article,true,green,http://publication.plazi.org/id/FFD1FFBC9450FFDCE7677521FF844746,,,,,,,,,,oa_pdf
https://openalex.org/W2896291685,10.1371/journal.pone.0205407,Haplotyping of Cornus florida and C. kousa chloroplasts: Insights into species-level differences and patterns of plastic DNA variation in cultivars,2018,article,true,gold,https://journals.plos.org/plosone/article/file?id=10.1371/journal.pone.0205407&type=printable,cc-by,PMC6198962,30352068,MED,Y,Y,Y,,https://www.ebi.ac.uk/europepmc/webservices/rest/article/PMC6198962/fullTextXML,pmc_xml
https://openalex.org/W2905791984,10.7717/peerj.6131,Characterization of the mitochondrial genome of <i>Arge bella</i> Wei &amp; Du sp. nov. (Hymenoptera: Argidae),2018,article,true,gold,https://doi.org/10.7717/peerj.6131,cc-by,PMC6305119,30595984,MED,Y,Y,Y,,https://www.ebi.ac.uk/europepmc/webservices/rest/article/PMC6305119/fullTextXML,pmc_xml
https://openalex.org/W3096765595,10.3390/insects11110766,"New Light on Historical Specimens Reveals a New Species of Ladybird (Coleoptera: Coccinellidae): Morphological, Museomic, and Phylogenetic Analyses",2020,article,true,gold,https://www.mdpi.com/2075-4450/11/11/766/pdf?version=1605597823,cc-by,PMC7694756,33172182,MED,Y,Y,Y,,https://www.ebi.ac.uk/europepmc/webservices/rest/article/PMC7694756/fullTextXML,pmc_xml
https://openalex.org/W3139062159,10.1093/botlinnean/boab014,"Phylogenetic relationships in<i>Brachyotum</i>and allies (Melastomataceae, Melastomateae): a reassessment of the limits of the genera",2021,article,false,closed,,,,,,,,,,,paywalled
https://openalex.org/W3154810365,10.3897/evolsyst.5.59997,Echiniscidae in the Mascarenes: the wonders of Mauritius,2021,article,true,gold,https://doi.org/10.3897/evolsyst.5.59997,cc-by,,,,,,,,,oa_pdf
https://openalex.org/W3181620855,10.1080/23802359.2021.1944389,"The complete mitochondrial genome of<i>Monopis longella</i>Walker, 1863 (Lepidoptera: Tineidae)",2021,article,true,diamond,https://www.tandfonline.com/doi/pdf/10.1080/23802359.2021.1944389?needAccess=true,cc-by,PMC8253198,34263039,MED,Y,Y,Y,,https://www.ebi.ac.uk/europepmc/webservices/rest/article/PMC8253198/fullTextXML,pmc_xml
https://openalex.org/W4283830359,10.3897/bdj.10.e80034,"Ganoderma ovisporum sp. nov. (Polyporales, Polyporaceae) from Southwest China",2022,article,true,gold,https://doi.org/10.3897/bdj.10.e80034,cc-by,PMC9848459,36761562,MED,Y,Y,Y,,https://www.ebi.ac.uk/europepmc/webservices/rest/article/PMC9848459/fullTextXML,pmc_xml
https://openalex.org/W4292265675,10.1111/syen.12565,Maritime midge radiations in the Pacific Ocean (Diptera: Chironomidae),2022,article,true,hybrid,https://doi.org/10.1111/syen.12565,cc-by-nc-nd,,,,,,,,,oa_pdf
https://openalex.org/W4292877651,10.3390/jof8090895,The Umbelopsis ramanniana Sensu Lato Consists of Five Cryptic Species,2022,article,true,gold,https://www.mdpi.com/2309-608X/8/9/895/pdf?version=1661314672,cc-by,PMC9506118,36135620,MED,Y,Y,Y,,https://www.ebi.ac.uk/europepmc/webservices/rest/article/PMC9506118/fullTextXML,pmc_xml
https://openalex.org/W4297542436,10.3897/bdj.10.e90709,"Additions to Neopestalotiopsis (Amphisphaeriales, Sporocadaceae) fungi: two new species and one new host record from China",2022,article,true,gold,https://doi.org/10.3897/bdj.10.e90709,cc-by,PMC9848506,36761578,MED,Y,Y,Y,,https://www.ebi.ac.uk/europepmc/webservices/rest/article/PMC9848506/fullTextXML,pmc_xml
https://openalex.org/W4309335927,10.1071/is22043,Closing a biogeographic gap: a new pettalid genus from South Australia (Arachnida : Opiliones : Cyphophthalmi : Pettalidae) with a UCE-based phylogeny of Cyphophthalmi,2022,article,true,hybrid,https://www.publish.csiro.au/is/pdf/IS22043,cc-by-nc-nd,,,,,,,,,oa_pdf
https://openalex.org/W4316037893,10.3390/agronomy13010239,"Involvement of CYP51A and CYP51B in Growth, Reproduction, Pathogenicity, and Sensitivity to Fungicides in Colletotrichum siamense",2023,article,true,gold,https://www.mdpi.com/2073-4395/13/1/239/pdf?version=1673861416,cc-by,,,,,,,,,oa_pdf
https://openalex.org/W4386561240,10.3897/asp.81.e97946,"First mitochondrial genomes of the crane fly tribe Elephantomyiini (Diptera, Tipuloidea, Limoniidae): comparative analysis and phylogenetic implications",2023,article,true,diamond,https://arthropod-systematics.arphahub.com/article/97946/download/pdf/,cc-by,,,,,,,,,oa_pdf
https://openalex.org/W4387972611,10.1111/syen.12612,"Phylogenetics, historical biogeography and molecular species delimitation of <i>Chanohirata</i> ( <scp>Hemiptera</scp> : <scp>Cicadellidae</scp> : <scp>Deltocephalinae</scp> : <scp>Penthimiini</scp> )",2023,article,false,closed,,,,,,,,,,,paywalled
https://openalex.org/W4389194676,10.1080/24750263.2023.2283517,"Whelks, rock-snails, and allied: a new phylogenetic framework for the family Muricidae (Mollusca: Gastropoda)",2023,article,true,gold,https://www.tandfonline.com/doi/pdf/10.1080/24750263.2023.2283517?needAccess=true,cc-by-nc,,,,,,,,,oa_pdf
https://openalex.org/W4391854306,10.3114/fuse.2024.14.02,"Mycodiversity in a micro-habitat: twelve <i> Cladosporium</i> species, including four new taxa, isolated from uredinia of coffee leaf rust, <i> Hemileia vastatrix</i>",2024,article,true,hybrid,https://doi.org/10.3114/fuse.2024.14.02,cc-by-nc-nd,PMC11736085,39830303,MED,Y,N,Y,,,oa_pdf
https://openalex.org/W4400948675,10.3390/jof10080516,"New Species and Records of Pleurotheciaceae from Karst Landscapes in Yunnan Province, China",2024,article,true,gold,https://doi.org/10.3390/jof10080516,cc-by,PMC11355354,39194842,MED,Y,Y,Y,,https://www.ebi.ac.uk/europepmc/webservices/rest/article/PMC11355354/fullTextXML,pmc_xml
https://openalex.org/W4405008565,10.1016/j.ygeno.2024.110971,Evolutionary dynamics of repetitive elements and their relationship with genome size in Acrididae,2024,article,true,gold,https://doi.org/10.1016/j.ygeno.2024.110971,cc-by,,39643065,MED,N,N,N,,,oa_pdf
https://openalex.org/W2909827623,10.1631/jzus.b1700609,"Identification of a novel strain, Streptomyces blastmyceticus JZB130180, and evaluation of its biocontrol efficacy against Monilinia fructicola",2019,article,true,bronze,https://link.springer.com/content/pdf/10.1631/jzus.B1700609.pdf,,PMC6331331,30614232,MED,Y,N,Y,,,oa_pdf
https://openalex.org/W2969593687,10.1007/s10750-019-04048-5,Population genetic structure and demographic history of the scallop Argopecten purpuratus from Peru and Northern Chile: implications for management and conservation of natural beds,2019,article,true,green,http://hdl.handle.net/11336/119516,,,,,,,,,,oa_pdf
https://openalex.org/W3047077757,10.3897/zse.96.52049,"Novel integrative data for two Milnesium Doyère, 1840 (Tardigrada: Apochela) species from Central Asia",2020,article,true,gold,https://doi.org/10.3897/zse.96.52049,cc-by,,,,,,,,,oa_pdf
https://openalex.org/W4224781619,10.1111/1462-2920.16016,Symbiosis and pathogenicity of <i>Geosmithia</i> and <i>Talaromyces</i> spp. associated with the cypress bark beetles <i>Phloeosinus</i> spp. and their parasitoids,2022,article,true,bronze,https://onlinelibrary.wiley.com/doi/pdfdirect/10.1111/1462-2920.16016,,PMC9541806,35467072,MED,Y,Y,Y,,https://www.ebi.ac.uk/europepmc/webservices/rest/article/PMC9541806/fullTextXML,pmc_xml
https://openalex.org/W4308145220,10.1080/12298093.2022.2121496,Uncharted Diversity and Ecology of <i>Saprolegniaceae</i> (<i>Oomycota</i>) in Freshwater Environments,2022,article,true,gold,https://doi.org/10.1080/12298093.2022.2121496,cc-by-nc,PMC9645278,36404897,MED,Y,Y,Y,,https://www.ebi.ac.uk/europepmc/webservices/rest/article/PMC9645278/fullTextXML,pmc_xml
https://openalex.org/W4313556665,10.3897/zookeys.1138.95626,"Comparative mitogenomics and phylogenetic analyses of the genus Menida (Hemiptera, Heteroptera, Pentatomidae)",2023,article,true,gold,https://zookeys.pensoft.net/article/95626/download/pdf/,cc-by,PMC9837619,36760771,MED,Y,Y,Y,,https://www.ebi.ac.uk/europepmc/webservices/rest/article/PMC9837619/fullTextXML,pmc_xml
https://openalex.org/W4319593923,10.3897/mycokeys.95.97156,"Morphological and molecular analyses reveal two new species of Termitomyces (Agaricales, Lyophyllaceae) and morphological variability of T. intermedius",2023,article,true,gold,https://mycokeys.pensoft.net/article/97156/download/pdf/,cc-by,PMC10210595,37251994,MED,Y,Y,Y,,https://www.ebi.ac.uk/europepmc/webservices/rest/article/PMC10210595/fullTextXML,pmc_xml
https://openalex.org/W4381893050,10.1016/j.jip.2023.107956,Diversity of anamorphic Cordyceps (formerly Isaria) isolated from Brazilian agricultural sites,2023,article,false,closed,,,,37356705,MED,N,N,N,,,paywalled
https://openalex.org/W4385761916,10.1007/s10658-023-02743-7,Barberry (Berberis vulgaris L.) as an alternative host of grapevine fungal trunk pathogens,2023,article,false,closed,,,,,AGR,N,N,N,,,paywalled
https://openalex.org/W4386774781,10.3897/mycokeys.99.109961,"Two new species of Samsoniella (Cordycipitaceae, Hypocreales) from the Mayao River Valley, Guizhou, China",2023,article,true,gold,https://mycokeys.pensoft.net/article/109961/download/pdf/,cc-by,PMC10517413,37744955,MED,Y,Y,Y,,https://www.ebi.ac.uk/europepmc/webservices/rest/article/PMC10517413/fullTextXML,pmc_xml
https://openalex.org/W4392083276,10.1093/aob/mcae017,Phylogenomics and plastomics offer new evolutionary perspectives on Kalanchoideae (Crassulaceae),2024,article,true,bronze,https://academic.oup.com/aob/advance-article-pdf/doi/10.1093/aob/mcae017/56743701/mcae017.pdf,,PMC11037489,38359907,MED,Y,N,Y,,,oa_pdf
https://openalex.org/W4392587789,10.1111/syen.12629,Evolutionary dynamics of genome size and transposable elements in crickets ( <scp>Ensifera: Gryllidea</scp> ),2024,article,true,bronze,https://onlinelibrary.wiley.com/doi/pdfdirect/10.1111/syen.12629,,,,,,,,,,oa_pdf
https://openalex.org/W4392707911,10.1002/ajb2.16300,A comparative analysis of plastome evolution in autotrophic Piperales,2024,review,true,hybrid,https://onlinelibrary.wiley.com/doi/pdfdirect/10.1002/ajb2.16300,cc-by,,38469876,MED,N,N,N,,,oa_pdf
https://openalex.org/W4405945752,10.3390/ijms26010201,Efficacy of Trichoderma longibrachiatum SC5 Fermentation Filtrate in Inhibiting the Sclerotinia sclerotiorum Growth and Development in Sunflower,2024,article,true,gold,https://www.mdpi.com/1422-0067/26/1/201/pdf?version=1735554243,cc-by,PMC11720231,39796062,MED,Y,Y,Y,,https://www.ebi.ac.uk/europepmc/webservices/rest/article/PMC11720231/fullTextXML,pmc_xml
https://openalex.org/W2601601425,10.1002/ece3.2853,"Phylogeny and biogeography of the scaleless scale worm <i>Pisione</i> (Sigalionidae, Annelida)",2017,article,true,gold,https://onlinelibrary.wiley.com/doi/pdfdirect/10.1002/ece3.2853,cc-by,PMC5415509,28479990,MED,Y,Y,Y,,https://www.ebi.ac.uk/europepmc/webservices/rest/article/PMC5415509/fullTextXML,pmc_xml
https://openalex.org/W2938948808,10.1016/j.ijbiomac.2019.04.034,"A novel mitochondrial genome fragmentation pattern in Liposcelis brunnea, the type species of the genus Liposcelis (Psocodea: Liposcelididae)",2019,article,false,closed,,,,30981778,MED,N,N,N,,,paywalled
https://openalex.org/W3203868242,10.9755/ejfa.2021.v33.i6.2718,Outbreaks of crown rot in Fragaria x ananassa caused by Neopestalotiopsis mesopotamica in Ecuador,2021,article,true,diamond,https://www.ejfa.me/index.php/journal/article/download/2718/1476,cc-by,,,,,,,,,oa_pdf
https://openalex.org/W4220702873,10.1007/s11033-022-07275-7,Gene rearrangement in the mitogenome of whiteflies (Hemiptera: Aleyrodinae) along with their phylogeny and characterization of complete mitogenome of Aleurodicus rugioperculatus,2022,article,false,closed,,,,35312932,MED,N,N,N,,,paywalled
https://openalex.org/W4221132832,10.1038/s41598-022-08779-9,"An integrative re-evaluation of Typhlatya shrimp within the karst aquifer of the Yucatán Peninsula, Mexico",2022,article,true,gold,https://www.nature.com/articles/s41598-022-08779-9.pdf,cc-by,PMC8961266,35351932,MED,Y,Y,Y,,https://www.ebi.ac.uk/europepmc/webservices/rest/article/PMC8961266/fullTextXML,pmc_xml
https://openalex.org/W4224138174,10.1016/j.ijpara.2022.03.005,Phylogenomics and host-switching patterns of Philopteridae (Psocodea: Phthiraptera) feather lice,2022,article,false,closed,,,,35439499,MED,N,N,N,,,paywalled
https://openalex.org/W4281622611,10.1080/00275514.2022.2065781,"<i>Gomphocantharellus</i>, a new genus of Gomphales",2022,article,false,closed,,,,35666652,MED,N,N,N,,,paywalled
https://openalex.org/W4366238467,10.1094/phyto-01-23-0036-r,Chaetoglobosin A Contributes to the Antagonistic Action of<i>Chaetomium globosum</i>Strain 61239 Toward the Apple Valsa Canker Pathogen<i>Cytospora mali</i>,2023,article,false,closed,,,,37069143,MED,N,N,N,,,paywalled
https://openalex.org/W4367394070,10.1186/s12870-023-04237-4,"The fruit morphometric variation and fruit type evolution of the stone oaks (Fagaceae, Lithocarpus)",2023,article,true,gold,https://bmcplantbiol.biomedcentral.com/counter/pdf/10.1186/s12870-023-04237-4,cc-by,PMC10148511,37120523,MED,Y,Y,Y,,https://www.ebi.ac.uk/europepmc/webservices/rest/article/PMC10148511/fullTextXML,pmc_xml
https://openalex.org/W4382631787,10.1007/s42770-023-01047-6,Surveying potentially antagonistic fungi to myrtle rust (Austropuccinia psidii) in Brazil: fungicolous Cladosporium spp.,2023,article,true,green,https://pmc.ncbi.nlm.nih.gov/articles/PMC10484887/pdf/42770_2023_Article_1047.pdf,,,37389796,MED,N,N,N,,,oa_pdf
https://openalex.org/W4385622766,10.3897/mycokeys.99.106699,"Two novel species and three new records of Torulaceae from Yunnan Province, China",2023,article,true,gold,https://mycokeys.pensoft.net/article/106699/download/pdf/,cc-by,PMC10425956,37588799,MED,Y,Y,Y,,https://www.ebi.ac.uk/europepmc/webservices/rest/article/PMC10425956/fullTextXML,pmc_xml
https://openalex.org/W4385988155,10.1016/j.syapm.2023.126452,Bradyrhizobium xenonodulans sp. nov. isolated from nodules of Australian Acacia species invasive to South Africa,2023,article,true,hybrid,https://doi.org/10.1016/j.syapm.2023.126452,cc-by-nc-nd,,37634485,MED,N,N,N,,,oa_pdf
https://openalex.org/W4386261532,10.3114/fuse.2023.12.08,Phylogeny and species diversity of the genus <i>Helvella</i> with emphasis on eighteen new species from China,2023,article,true,hybrid,https://doi.org/10.3114/fuse.2023.12.08,cc-by-nc-nd,PMC10964050,38533478,MED,Y,N,N,,,oa_pdf
https://openalex.org/W4386391950,10.1016/j.pld.2023.08.004,Central Asia revealed as a key area in evolution of Eremurus (Asphodelaceae),2023,article,true,diamond,https://doi.org/10.1016/j.pld.2023.08.004,cc-by-nc-nd,PMC11119512,38798731,MED,Y,Y,Y,,https://www.ebi.ac.uk/europepmc/webservices/rest/article/PMC11119512/fullTextXML,pmc_xml
https://openalex.org/W4387701098,10.1093/zoolinnean/zlad140,Diversity and biogeography of scale worms in the subfamily Lepidonotopodinae (Annelida: Polynoidae) from Indian Ocean hydrothermal vents with descriptions of four new species,2023,article,false,closed,,,,,,,,,,,paywalled
https://openalex.org/W4389096760,10.1002/tax.13105,"Phylogenetic relationships and biogeography in <i>Hedysarum</i> (Hedysareae, Fabaceae) with a focus on Central Asian taxa",2023,article,false,closed,,,,,,,,,,,paywalled
https://openalex.org/W4389626227,10.1094/pdis-06-23-1080-sr,Fungal Trunk Diseases Causing Decline of Apricot and Plum Trees in the Czech Republic,2023,article,false,closed,,,,38085239,MED,N,N,N,,,paywalled
https://openalex.org/W4390946485,10.3897/mycokeys.101.114705,"Three new species of Cortinarius section Delibuti (Cortinariaceae, Agaricales) from China",2024,article,true,gold,https://mycokeys.pensoft.net/article/114705/download/pdf/,cc-by,PMC10809417,38274713,MED,Y,Y,Y,,https://www.ebi.ac.uk/europepmc/webservices/rest/article/PMC10809417/fullTextXML,pmc_xml
https://openalex.org/W4391682501,10.3897/mycokeys.102.112815,"Morphology and multigene phylogeny reveal three new species of Distoseptispora (Distoseptisporales, Distoseptisporaceae) on palms (Arecaceae) from peatswamp areas in southern Thailand",2024,article,true,gold,https://mycokeys.pensoft.net/article/112815/download/pdf/,cc-by,PMC10873808,38370856,MED,Y,Y,Y,,https://www.ebi.ac.uk/europepmc/webservices/rest/article/PMC10873808/fullTextXML,pmc_xml
https://openalex.org/W4395463218,10.1038/s41598-024-60215-2,"Phylogenomics of Psammodynastes and Buhoma (Elapoidea: Serpentes), with the description of a new Asian snake family",2024,article,true,gold,https://www.nature.com/articles/s41598-024-60215-2.pdf,cc-by,PMC11045840,38664489,MED,Y,Y,Y,,https://www.ebi.ac.uk/europepmc/webservices/rest/article/PMC11045840/fullTextXML,pmc_xml
https://openalex.org/W4399245609,10.1016/j.cropro.2024.106763,Lasiodiplodia theobromae and Lasiodiplodia brasiliense causing dieback and rot fruit of jackfruit tree in Brazil,2024,article,false,closed,,,,,,,,,,,paywalled
https://openalex.org/W4399808371,10.3897/mycokeys.106.121526,"Two new species of Ganoderma (Ganodermataceae, Basidiomycota) from Southwest China",2024,article,true,gold,https://mycokeys.pensoft.net/article/121526/download/pdf/,cc-by,PMC11208776,38938761,MED,Y,Y,Y,,https://www.ebi.ac.uk/europepmc/webservices/rest/article/PMC11208776/fullTextXML,pmc_xml
https://openalex.org/W4405625924,10.3114/sim.2025.110.01,An integrative re-evaluation of the <i>Fusarium sambucinum</i> species complex,2024,article,true,green,https://pure.knaw.nl/portal/en/publications/ecd766b6-bbf7-418d-ab07-fc54c42e55bd,,PMC12068374,40365271,MED,Y,N,Y,,,oa_pdf
https://openalex.org/W4406242853,10.3897/mycokeys.112.140211,"Novel Helicosporium and Neohelicomyces (Tubeufiaceae, Tubeufiales) species from terrestrial habitats in China and Thailand",2025,article,true,gold,https://doi.org/10.3897/mycokeys.112.140211,cc-by,PMC11742100,39830363,MED,Y,Y,Y,,https://www.ebi.ac.uk/europepmc/webservices/rest/article/PMC11742100/fullTextXML,pmc_xml
https://openalex.org/W4406914572,10.3390/ijms26031123,Involvement of the SIX10 Gene in the Pathogenicity of Fusarium oxysporum Formae Speciales in Strawberries,2025,article,true,gold,https://www.mdpi.com/1422-0067/26/3/1123/pdf?version=1738045531,cc-by,PMC11817806,39940888,MED,Y,Y,Y,,https://www.ebi.ac.uk/europepmc/webservices/rest/article/PMC11817806/fullTextXML,pmc_xml
https://openalex.org/W2887970837,10.1016/j.jip.2018.08.002,"Collection, isolation, in vitro culture, and laboratory transmission of Hirsutella eleutheratorum (Hypocreales: Ophiocordycipitaceae) from coffee berry borer on Hawai‘i Island",2018,article,false,closed,,,,30096283,MED,N,N,N,,,paywalled
https://openalex.org/W3093932035,10.1111/ppa.13302,"Prediction, structure characterization, and evolutionary analysis of <i>Erwinia psidii</i> putative type III effectors",2020,article,false,closed,,,,,AGR,N,N,N,,,paywalled
https://openalex.org/W3121501882,10.1111/ppa.13345,Characterization of <i>Fusarium</i> population associated with wilt of jojoba in Israel,2021,article,false,closed,,,,,AGR,N,N,N,,,paywalled
https://openalex.org/W3211280928,10.1071/is21012,A molecular phylogeny of the circum-Antarctic Opiliones family Neopilionidae,2021,article,false,closed,,,,,,,,,,,paywalled
https://openalex.org/W4212869486,10.3897/zookeys.1086.68015,"Island hoppers: Integrative taxonomic revision of Hogna wolf spiders (Araneae, Lycosidae) endemic to the Madeira islands with description of a new species",2022,article,true,gold,https://doi.org/10.3897/zookeys.1086.68015,cc-by,PMC8866340,35221746,MED,Y,Y,Y,,https://www.ebi.ac.uk/europepmc/webservices/rest/article/PMC8866340/fullTextXML,pmc_xml
https://openalex.org/W4283775103,10.1016/j.jcz.2022.06.007,Water bear with barbels of a catfish: A new Asian Cornechiniscus (Heterotardigrada: Echiniscidae) illuminates evolution of the genus,2022,article,true,hybrid,https://doi.org/10.1016/j.jcz.2022.06.007,cc-by,,,,,,,,,oa_pdf
https://openalex.org/W4308620607,10.1016/j.dsr2.2022.105217,"New species of Ophryotrocha (Annelida: Dorvilleidae) associated with deep-sea reducing habitats in the Bering Sea, Northwest Pacific",2022,article,false,closed,,,,,,,,,,,paywalled
https://openalex.org/W4380354657,10.3390/jof9060656,"Taxonomy and Phylogenetic Relationships of Clavulinopsis (Clavariaceae, Agaricales): Description of Six New Species and One Newly Recorded Species from China",2023,article,true,gold,https://www.mdpi.com/2309-608X/9/6/656/pdf?version=1686554314,cc-by,PMC10305072,37367591,MED,Y,Y,Y,,https://www.ebi.ac.uk/europepmc/webservices/rest/article/PMC10305072/fullTextXML,pmc_xml
https://openalex.org/W4386697217,10.11646/zootaxa.5344.1.1,Atlas of the Echiniscidae (Heterotardigrada) of the World–part I: West Palaearctic Echiniscus species,2023,article,true,green,https://ruj.uj.edu.pl/xmlui/handle/item/325972,,,38221356,MED,N,N,N,,,oa_pdf
https://openalex.org/W4387105282,10.3389/fpls.2023.1258794,Chloroplast genome assembly of Serjania erecta Raldk: comparative analysis reveals gene number variation and selection in protein-coding plastid genes of Sapindaceae,2023,article,true,gold,https://www.frontiersin.org/articles/10.3389/fpls.2023.1258794/pdf?isPublishedV2=False,cc-by,PMC10562606,37822334,MED,Y,Y,Y,,https://www.ebi.ac.uk/europepmc/webservices/rest/article/PMC10562606/fullTextXML,pmc_xml
https://openalex.org/W4390226864,10.1016/j.ijbiomac.2023.128997,"Unusual rearrangements of mitogenomes in Diptera revealed by comparative analysis of 135 tachinid species (Insecta, Diptera, Tachinidae)",2023,article,false,closed,,,,38154713,MED,N,N,N,,,paywalled
https://openalex.org/W4391855283,10.1016/j.ympev.2024.108022,"To and fro in the archipelago: Repeated inter-island dispersal and New Guinea’s orogeny affect diversification of Delias, the world’s largest butterfly genus",2024,article,false,closed,,,,38325534,MED,N,N,N,,,paywalled
https://openalex.org/W4392199209,10.1111/syen.12625,First <scp>3D</scp> reconstruction of the male genitalia of a Cretaceous fossil cricket: Diving into the evolutionary history of the Oecanthidae family (Orthoptera: Grylloidea) with the incorporation of new fossils in its phylogeny and a total‐evidence dating approach,2024,article,true,bronze,https://onlinelibrary.wiley.com/doi/pdfdirect/10.1111/syen.12625,,,,,,,,,,oa_pdf
https://openalex.org/W4392459594,10.1111/jbi.14821,Phylogenetic origin of an insect fauna at the boundary of the Palaearctic and Oriental realms: Evidence from ‘site‐based’ mitogenomics,2024,article,true,hybrid,https://onlinelibrary.wiley.com/doi/pdfdirect/10.1111/jbi.14821,cc-by,,,,,,,,,oa_pdf
https://openalex.org/W4394847830,10.3897/mycokeys.104.117872,"Paramphibambusa bambusicola gen. et. sp. nov., Arecophila xishuangbannaensis and A. zhaotongensis spp. nov. in Cainiaceae from Yunnan, China",2024,article,true,gold,https://mycokeys.pensoft.net/article/117872/download/pdf/,cc-by,PMC11040201,38665974,MED,Y,Y,Y,,https://www.ebi.ac.uk/europepmc/webservices/rest/article/PMC11040201/fullTextXML,pmc_xml
https://openalex.org/W4401391734,10.3897/mycokeys.107.127907,"New species and new records of Laccaria (Agaricales, Basidiomycota) from Northern Thailand",2024,article,true,gold,https://mycokeys.pensoft.net/article/127907/download/pdf/,cc-by,PMC11336393,39169989,MED,Y,Y,Y,,https://www.ebi.ac.uk/europepmc/webservices/rest/article/PMC11336393/fullTextXML,pmc_xml
https://openalex.org/W4402306036,10.1016/j.fgb.2024.103925,Phyllosticta paracitricarpa is synonymous with the EU quarantine fungus P. citricarpa based on phylogenomic analyses,2024,article,true,hybrid,https://doi.org/10.1016/j.fgb.2024.103925,cc-by,,39244012,MED,N,N,N,,,oa_pdf
https://openalex.org/W4402777255,10.3897/mycokeys.109.129791,"Morphological and molecular identification of two new Marasmiellus species (Omphalotaceae, Agaricales) from Thailand",2024,article,true,gold,https://mycokeys.pensoft.net/article/129791/download/pdf/,cc-by,PMC11445607,39359355,MED,Y,Y,Y,,https://www.ebi.ac.uk/europepmc/webservices/rest/article/PMC11445607/fullTextXML,pmc_xml
https://openalex.org/W4402974986,10.1186/s40851-024-00241-0,"The remarkable larval morphology of Rhaebo nasicus (Werner, 1903) (Amphibia: Anura: Bufonidae) with the erection of a new bufonid genus and insights into the evolution of suctorial tadpoles",2024,article,true,gold,https://link.springer.com/content/pdf/10.1186/s40851-024-00241-0.pdf,cc-by,PMC11440901,39350283,MED,Y,Y,Y,,https://www.ebi.ac.uk/europepmc/webservices/rest/article/PMC11440901/fullTextXML,pmc_xml
https://openalex.org/W4403258388,10.1007/s42770-024-01478-9,Five new species of endophytic Penicillium from rubber trees in the Brazilian Amazon,2024,article,true,green,https://pmc.ncbi.nlm.nih.gov/articles/PMC11711848/,,PMC11711848,39384703,MED,Y,N,Y,,,oa_pdf
https://openalex.org/W4405183726,10.3390/jof10120847,"Diversity of Colletotrichum Species Causing Anthracnose in Chayote in Brazil, with a Description of Two New Species in the C. magnum Complex",2024,article,true,gold,https://www.mdpi.com/2309-608X/10/12/847/pdf?version=1733742546,cc-by,PMC11676391,39728343,MED,Y,Y,Y,,https://www.ebi.ac.uk/europepmc/webservices/rest/article/PMC11676391/fullTextXML,pmc_xml
https://openalex.org/W4405928106,10.3390/microbiolres16010004,Molecular Characterization and Pathogenicity of Colletotrichum on Banana Fruits: Wound Effects on Virulence and Cross-Infection,2024,article,true,gold,https://www.mdpi.com/2036-7481/16/1/4/pdf?version=1735465170,cc-by,,,,,,,,,oa_pdf
https://openalex.org/W4408290847,10.3897/imafungus.16.144874,Unveiling fungal diversity associated with coffee trees in China using a polyphasic approach and a global review of coffee saprobic fungi,2025,review,true,gold,https://imafungus.pensoft.net/article/144874/download/pdf/,cc-by,PMC11915015,40104159,MED,Y,Y,Y,,https://www.ebi.ac.uk/europepmc/webservices/rest/article/PMC11915015/fullTextXML,pmc_xml
https://openalex.org/W2909224752,10.1080/14772000.2018.1546239,"A remarkable new opsiine leafhopper genus (Hemiptera: Cicadellidae: Deltocephalinae) from Southern China, with notes on its phylogenetic position",2019,article,false,closed,,,,,,,,,,,paywalled
https://openalex.org/W3165352409,10.31687/saremmn.21.28.1.0.20,Genetic diversity of the white-eared opossum Didelphis albiventris (Didelphimorphia: Didelphidae) in Argentina,2021,article,true,diamond,https://doi.org/10.31687/saremmn.21.28.1.0.20,,,,,,,,,,oa_pdf
https://openalex.org/W3199944763,10.1016/j.sajb.2021.06.034,"Phlebiopsis xuefengensis sp. nov. from Gastrodia elata (Orchidaceae) in Hunan Province, Southern China",2021,article,true,hybrid,https://doi.org/10.1016/j.sajb.2021.06.034,cc-by,,,,,,,,,oa_pdf
https://openalex.org/W3215843685,10.1111/jzs.12546,"Understanding the real magnitude of the arachnid order Ricinulei through deep Sanger sequencing across its distribution range and phylogenomics, with the formalization of the first species from the Lesser Antilles",2021,article,false,closed,,,,,,,,,,,paywalled
https://openalex.org/W4200460345,10.1007/s12526-021-01239-z,"Morphological and molecular investigations of the rhizocephalan barnacle Peltogaster lineata Shiino, 1943 in the northern part of the species range (Peter the Great Bay, the Sea of Japan)",2021,article,false,closed,,,,,,,,,,,paywalled
https://openalex.org/W4287958348,10.1002/tax.12796,"Phylogeny, character evolution and biogeography of the genus <i>Sclerophylax</i> (Solanaceae)",2022,article,false,closed,,,,,,,,,,,paywalled
https://openalex.org/W4290989970,10.3390/insects13080718,Comparative Mitogenomics of Flesh Flies: Implications for Phylogeny,2022,article,true,gold,https://www.mdpi.com/2075-4450/13/8/718/pdf?version=1660104097,cc-by,PMC9408989,36005343,MED,Y,Y,Y,,https://www.ebi.ac.uk/europepmc/webservices/rest/article/PMC9408989/fullTextXML,pmc_xml
https://openalex.org/W4308999959,10.1080/24750263.2022.2138588,"Environmental features drive lineage diversification in the<i>Aricidea assimilis</i>species complex (Annelida, Paraonidae) in the Mediterranean Sea",2022,article,true,gold,https://doi.org/10.1080/24750263.2022.2138588,cc-by,,,,,,,,,oa_pdf
https://openalex.org/W4313350202,10.21425/f5fbg56893,"Gondwanan origin of the Dipterocarpaceae-Cistaceae-Bixaceae is supported by fossils, areocladograms, ecomorphological traits and tectonic-plate dynamics",2022,article,true,gold,https://escholarship.org/content/qt3835r78s/qt3835r78s.pdf?t=rni8rd,cc-by,,,,,,,,,oa_pdf
https://openalex.org/W4322102558,10.1016/j.ympev.2023.107746,"Phylogenetic relationships of the North American catfishes (Ictaluridae, Siluriformes): Investigating the origins and parallel evolution of the troglobitic species",2023,article,false,closed,,,,36849094,MED,N,N,N,,,paywalled
https://openalex.org/W4327517969,10.5943/cream/13/1/2,Two new species of Erioscyphella (Lachnaceae) from southwestern China,2023,article,true,diamond,https://doi.org/10.5943/cream/13/1/2,,,,,,,,,,oa_pdf
https://openalex.org/W4385266456,10.1080/00275514.2023.2227747,Diversity of <i>Colletotrichum</i> species associated with torch ginger anthracnose,2023,article,false,closed,,,,37494636,MED,N,N,N,,,paywalled
https://openalex.org/W4392100740,10.3897/mycokeys.102.112905,"Three novel species of Aquapteridospora (Distoseptisporales, Aquapteridosporaceae) from freshwater habitats in Tibetan Plateau, China",2024,article,true,gold,https://mycokeys.pensoft.net/article/112905/download/pdf/,cc-by,PMC10907956,38434108,MED,Y,Y,Y,,https://www.ebi.ac.uk/europepmc/webservices/rest/article/PMC10907956/fullTextXML,pmc_xml
https://openalex.org/W4392355903,10.3390/jof10030189,"Morpho-Molecular Characterization Reveals a New Genus, Three Novel Species and Two New Host Records in Xylariomycetidae",2024,article,true,gold,https://www.mdpi.com/2309-608X/10/3/189/pdf?version=1709273442,cc-by,PMC10970796,38535198,MED,Y,Y,Y,,https://www.ebi.ac.uk/europepmc/webservices/rest/article/PMC10970796/fullTextXML,pmc_xml
https://openalex.org/W4401804421,10.1080/00275514.2024.2367470,"Reappraisal of <i>Didymella macrostoma</i> causing white tip disease of Canada thistle as a new species, <i>Didymella baileyae</i> , sp. nov., and bioactivity of its major metabolites",2024,article,false,closed,,,,39178348,MED,N,N,N,,,paywalled
https://openalex.org/W4402765962,10.1002/aps3.11604,"BAD2matrix: Phylogenomic matrix concatenation, indel coding, and more",2024,letter,true,gold,https://onlinelibrary.wiley.com/doi/pdfdirect/10.1002/aps3.11604,cc-by-nc,PMC11610412,39628543,MED,Y,Y,Y,,https://www.ebi.ac.uk/europepmc/webservices/rest/article/PMC11610412/fullTextXML,pmc_xml
https://openalex.org/W4403680477,10.3897/mycokeys.110.132628,Morpho-phylogenetic evidence reveals novel species and new records of Nigrograna (Nigrogranaceae) associated with medicinal plants in Southwestern China,2024,article,true,gold,https://doi.org/10.3897/mycokeys.110.132628,cc-by,PMC11525206,39493641,MED,Y,Y,Y,,https://www.ebi.ac.uk/europepmc/webservices/rest/article/PMC11525206/fullTextXML,pmc_xml
https://openalex.org/W4403814551,10.3897/mycokeys.110.133450,"Additions to the genus Kirschsteiniothelia (Dothideomycetes); Three novel species and a new host record, based on morphology and phylogeny",2024,article,true,gold,https://mycokeys.pensoft.net/article/133450/download/pdf/,cc-by,PMC11535726,39502522,MED,Y,Y,Y,,https://www.ebi.ac.uk/europepmc/webservices/rest/article/PMC11535726/fullTextXML,pmc_xml
https://openalex.org/W4409283725,10.3897/mycokeys.116.147006,Molecular phylogeny and morphology reveal four novel species in Cordycipitaceae in China,2025,article,true,gold,https://doi.org/10.3897/mycokeys.116.147006,cc-by,PMC12004076,40248652,MED,Y,Y,Y,,https://www.ebi.ac.uk/europepmc/webservices/rest/article/PMC12004076/fullTextXML,pmc_xml
https://openalex.org/W4409311927,10.1371/journal.ppat.1013036,Diversification of an emerging bacterial plant pathogen; insights into the global spread of Xanthomonas euvesicatoria pv. perforans,2025,article,true,gold,https://doi.org/10.1371/journal.ppat.1013036,cc-by,PMC12047805,40203032,MED,Y,Y,Y,,https://www.ebi.ac.uk/europepmc/webservices/rest/article/PMC12047805/fullTextXML,pmc_xml
https://openalex.org/W3190785934,10.1016/j.meegid.2021.105023,"Morphological updates, host-specificity, molecular data and phylogenetic analysis of Acanthobothrium coronatum (Cestoda: Onchoproteocephalidea), a neglected parasite of the nursehound Scyliorhinus stellaris",2021,article,false,closed,,,,34371161,MED,N,N,N,,,paywalled
https://openalex.org/W4313649273,10.1080/11263504.2023.2165557,Molecular phylogeny and genetic diversity of some <i>Lepidagathis</i> species (Acanthaceae) based on nuclear and chloroplast regions,2023,article,false,closed,,,,,,,,,,,paywalled
https://openalex.org/W4363674097,10.1016/j.dsr.2023.104044,"Integrative taxonomy reveals two new species of Lebbeus (Decapoda: Thoridae) from seamounts in NW Pacific, and questions the validity of the genus Paralebbeus",2023,article,true,hybrid,https://doi.org/10.1016/j.dsr.2023.104044,cc-by-nc-nd,,,,,,,,,oa_pdf
https://openalex.org/W4387177862,10.3390/d15101048,Environmental Correlates to Genetic Diversity and Structure in Invasive Apple Snail (Pomacea canaliculata) Populations in China,2023,article,true,gold,https://www.mdpi.com/1424-2818/15/10/1048/pdf?version=1695916338,cc-by,,,,,,,,,oa_pdf
https://openalex.org/W4392298107,10.3897/mycokeys.102.118518,"Morphological and molecular analyses reveal two new species of Grifola (Polyporales) from Yunnan, China",2024,article,true,gold,https://mycokeys.pensoft.net/article/118518/download/pdf/,cc-by,PMC10921059,38463693,MED,Y,Y,Y,,https://www.ebi.ac.uk/europepmc/webservices/rest/article/PMC10921059/fullTextXML,pmc_xml
https://openalex.org/W4392301397,10.1016/j.jia.2024.02.018,Identification of Fusarium cugenangense as a causal agent of wilt disease on Pyrus pyrifolia in China,2024,article,true,gold,https://doi.org/10.1016/j.jia.2024.02.018,cc-by-nc-nd,,,,,,,,,oa_pdf
https://openalex.org/W4399789984,10.1038/s41598-024-63991-z,Molecular phylogeny reveals Varroa mites are not a separate family but a subfamily of Laelapidae,2024,article,true,gold,https://www.nature.com/articles/s41598-024-63991-z.pdf,cc-by,PMC11183080,38886408,MED,Y,Y,Y,,https://www.ebi.ac.uk/europepmc/webservices/rest/article/PMC11183080/fullTextXML,pmc_xml
https://openalex.org/W4400133871,10.3767/persoonia.2024.52.05,A comprehensive molecular phylogeny of <i>Cephalotrichum</i> and <i>Microascus</i> provides novel insights into their systematics and evolutionary history,2024,article,true,green,https://pure.knaw.nl/portal/en/publications/6188e307-02a6-4153-a01f-14ae254926ce,,PMC11319840,39161634,MED,Y,N,N,,,oa_pdf
https://openalex.org/W4402615519,10.3390/biology13090730,"Clonostachys rosea, a Pathogen of Brown Rot in Gastrodia elata in China",2024,article,true,gold,https://www.mdpi.com/2079-7737/13/9/730/pdf,cc-by,PMC11440095,39336157,MED,Y,Y,Y,,https://www.ebi.ac.uk/europepmc/webservices/rest/article/PMC11440095/fullTextXML,pmc_xml
https://openalex.org/W4403047368,10.1111/jse.13128,The polyphasic approach reveals ten novel and one known Ascomycota taxa from terrestrial agarwood‐producing trees,2024,article,true,bronze,https://onlinelibrary.wiley.com/doi/pdfdirect/10.1111/jse.13128,,,,,,,,,,oa_pdf
https://openalex.org/W4403106582,10.1093/mollus/eyae039,Tussles with mussels: mytiloidean phylogeny revisited (Bivalvia: Pteriomorphia),2024,article,false,closed,,,,,,,,,,,paywalled
https://openalex.org/W4406338947,10.3389/fcimb.2024.1515972,New insights into freshwater ascomycetes: discovery of novel species in diverse aquatic habitats,2025,article,true,gold,https://www.frontiersin.org/journals/cellular-and-infection-microbiology/articles/10.3389/fcimb.2024.1515972/pdf,cc-by,PMC11769949,39872945,MED,Y,Y,Y,,https://www.ebi.ac.uk/europepmc/webservices/rest/article/PMC11769949/fullTextXML,pmc_xml
https://openalex.org/W4407542419,10.1186/s13071-025-06701-6,Population genetic analysis of the liver fluke Fasciola hepatica in German dairy cattle reveals high genetic diversity and associations with fluke size,2025,article,true,gold,https://parasitesandvectors.biomedcentral.com/counter/pdf/10.1186/s13071-025-06701-6,cc-by,PMC11827327,39948588,MED,Y,Y,Y,,https://www.ebi.ac.uk/europepmc/webservices/rest/article/PMC11827327/fullTextXML,pmc_xml
https://openalex.org/W4409129103,10.3897/mycokeys.115.144522,"Two new species of Colletotrichum (Glomerellales, Glomerellaceae) causing anthracnose on Epimedium sagittatum",2025,article,true,gold,https://doi.org/10.3897/mycokeys.115.144522,cc-by,PMC11986431,40226798,MED,Y,Y,Y,,https://www.ebi.ac.uk/europepmc/webservices/rest/article/PMC11986431/fullTextXML,pmc_xml
https://openalex.org/W4412000678,10.3897/mycokeys.119.152323,"Phylogenetic diversity of Colletotrichum species (Sordariomycetes, Glomerellales, Glomerellaceae) associated with plant diseases in Thailand",2025,article,true,gold,https://mycokeys.pensoft.net/article/152323/download/pdf/,cc-by,PMC12246801,40656897,MED,Y,Y,Y,,https://www.ebi.ac.uk/europepmc/webservices/rest/article/PMC12246801/fullTextXML,pmc_xml
https://openalex.org/W3134300921,10.1016/j.pmpp.2021.101632,Phylogenetic analysis of a Bean yellow mosaic virus isolate from Iran and selecting the phylogenetic marker by comparing the individual genes and complete genome trees of BYMV isolates,2021,article,false,closed,,,,,AGR,N,N,N,,,paywalled
https://openalex.org/W4387100881,10.1007/s00343-023-2312-5,Lineaperpetua gen. nov.: a new diatom genus in the Thalassiosirales supported by morphology and molecular data,2023,article,false,closed,,,,,,,,,,,paywalled
https://openalex.org/W4388697084,10.1094/pdis-03-23-0433-re,The Sigatoka Disease Complex Caused by <i>Pseudocercospora</i> spp. and Other Fungal Pathogens Associated with <i>Musa</i> spp. in Puerto Rico,2023,article,false,closed,,,,37966473,MED,N,N,N,,,paywalled
https://openalex.org/W4392714267,10.1094/pdis-10-23-2122-pdn,First Report on Apothecium Deformity of <i>Morchella importuna</i> Caused by <i>Alternaria alternata</i> in China,2024,article,false,closed,,,,,,,,,,,paywalled
https://openalex.org/W4398169695,10.3390/jof10060367,"Diversity, Prevalence and Virulence of Colletotrichum Species Causing Anthracnose on Cassava Leaves in the Northern Region of Brazil",2024,article,true,gold,https://www.mdpi.com/2309-608X/10/6/367/pdf,cc-by,PMC11205099,38921354,MED,Y,Y,Y,,https://www.ebi.ac.uk/europepmc/webservices/rest/article/PMC11205099/fullTextXML,pmc_xml
https://openalex.org/W4399523124,10.3389/fmicb.2024.1374137,"White root rot of Bletilla striata: the pathogen, biological characterization, and fungicide screening",2024,article,true,gold,https://www.frontiersin.org/journals/microbiology/articles/10.3389/fmicb.2024.1374137/pdf,cc-by,PMC11180733,38887710,MED,Y,Y,Y,,https://www.ebi.ac.uk/europepmc/webservices/rest/article/PMC11180733/fullTextXML,pmc_xml
https://openalex.org/W4401701597,10.3390/jof10080589,"Morphological and Phylogenetic Analyses Reveal Three Novel Species of Sanguinoderma (Ganodermataceae, Basidiomycota) from Yunnan Province, China",2024,article,true,gold,https://www.mdpi.com/2309-608X/10/8/589/pdf?version=1724140707,cc-by,PMC11355366,39194914,MED,Y,Y,Y,,https://www.ebi.ac.uk/europepmc/webservices/rest/article/PMC11355366/fullTextXML,pmc_xml
https://openalex.org/W4402754838,10.1002/ece3.70320,Differences between phytophagous and predatory species in Pentatomidae based on the mitochondrial genome,2024,article,true,gold,https://doi.org/10.1002/ece3.70320,cc-by,PMC11416871,39310734,MED,Y,Y,Y,,https://www.ebi.ac.uk/europepmc/webservices/rest/article/PMC11416871/fullTextXML,pmc_xml
https://openalex.org/W4404085513,10.11646/zootaxa.5536.3.1,Three New Species of Deep-Sea Wood-Associated Sea Stars (Asteroidea: Caymanostellidae) from the Eastern Pacific,2024,article,true,bronze,https://mapress.com/zt/article/download/zootaxa.5536.3.1/54768,,,39646368,MED,N,N,N,,,oa_pdf
https://openalex.org/W4407735145,10.1007/s40858-025-00708-1,"Molecular identification, relative prevalence, and host range of Berkeleyomyces species associated with the lettuce and other leaf vegetables in Brazil",2025,article,false,closed,,,,,,,,,,,paywalled
https://openalex.org/W4411509296,10.1080/21501203.2025.2509809,Biogeography and species diversity of freshwater <i>Savoryellomycetidae</i> ( <i>Sordariomycetes</i> ) fungi,2025,article,true,gold,https://doi.org/10.1080/21501203.2025.2509809,cc-by,,,,,,,,,oa_pdf
https://openalex.org/W4411737710,10.3390/genes16070747,Codon Usage Bias in Mitochondrial Genomes Across Three Species of Siphonaria (Mollusca: Gastropoda),2025,article,true,gold,https://www.mdpi.com/2073-4425/16/7/747/pdf?version=1750945627,cc-by,PMC12295937,40725404,MED,Y,Y,Y,,https://www.ebi.ac.uk/europepmc/webservices/rest/article/PMC12295937/fullTextXML,pmc_xml
https://openalex.org/W4413809258,10.3897/mycokeys.121.158721,"Morphological and phylogenetic analyses reveal two new species of Neohelicomyces (Tubeufiales, Tubeufiaceae) from China",2025,article,true,gold,https://mycokeys.pensoft.net/article/158721/download/pdf/,cc-by,PMC12413619,40917441,MED,Y,Y,Y,,https://www.ebi.ac.uk/europepmc/webservices/rest/article/PMC12413619/fullTextXML,pmc_xml
https://openalex.org/W3192580728,10.1080/23802359.2021.1955767,Phylogenetic relationship and characterization of the complete mitochondrial genome of <i>Cheilomenes sexmaculata</i> (Coleoptera: Coccinellidae),2021,article,true,diamond,https://doi.org/10.1080/23802359.2021.1955767,cc-by,PMC8312585,34368443,MED,Y,Y,Y,,https://www.ebi.ac.uk/europepmc/webservices/rest/article/PMC8312585/fullTextXML,pmc_xml
https://openalex.org/W4404547787,10.1007/s00436-024-08416-6,Quantification of rearrangements and evolution of mitochondrial gene order of Acari (Chelicerata: Arachnida),2024,article,false,closed,,,,39565455,MED,N,N,N,,,paywalled
https://openalex.org/W4406847957,10.1111/jse.13159,"A deep dive into bryophyte genome space reveals opposing evolutionary trends in the sister lineages, mosses and liverworts",2025,article,true,bronze,https://onlinelibrary.wiley.com/doi/pdfdirect/10.1111/jse.13159,,,,,,,,,,oa_pdf
https://openalex.org/W4407307520,10.3390/d17020121,"Four New Species of Hesionidae (Annelida, Polychaeta, Phyllodocida) from Eastern Pacific Chemosynthetic Habitats and Reinstatement of Vrijenhoekia",2025,article,true,gold,https://doi.org/10.3390/d17020121,cc-by,,,,,,,,,oa_pdf
https://openalex.org/W4407845393,10.3390/jof11030174,Trichoderma Species from Semiarid Regions and Their Antagonism Against the Microorganisms That Cause Pepper Wilt,2025,article,true,gold,https://www.mdpi.com/2309-608X/11/3/174/pdf?version=1740133332,cc-by,PMC11942951,40137212,MED,Y,Y,Y,,https://www.ebi.ac.uk/europepmc/webservices/rest/article/PMC11942951/fullTextXML,pmc_xml
https://openalex.org/W4408344561,10.3897/mycokeys.115.145774,"Morphological and multi-locus phylogenetic analyses reveal three new branched species of Clavaria (Clavariaceae, Agaricales) from China",2025,article,true,gold,https://mycokeys.pensoft.net/article/145774/download/pdf/,cc-by,PMC11923793,40114980,MED,Y,Y,Y,,https://www.ebi.ac.uk/europepmc/webservices/rest/article/PMC11923793/fullTextXML,pmc_xml
https://openalex.org/W4408841083,10.1016/j.aqrep.2025.102713,First record of non-native polychaetes Polydora websteri and P. caeca invading cultured and wild populations of mussels and oysters in the Mediterranean,2025,article,true,gold,https://doi.org/10.1016/j.aqrep.2025.102713,cc-by-nc-nd,,,,,,,,,oa_pdf
https://openalex.org/W4409286950,10.1007/s11557-025-02046-7,"Four new species of Chlorociboria from Yunnan, China",2025,article,true,hybrid,https://doi.org/10.1007/s11557-025-02046-7,cc-by,,,,,,,,,oa_pdf
https://openalex.org/W4410851551,10.22201/ib.20078706e.2025.96.5488,New records of tardigrades from Mexico with the description of Paramacrobiotus puma sp. nov. (Eutardigrada: Macrobiotidae),2025,article,true,diamond,https://revista.ib.unam.mx/index.php/bio/article/download/5488/4729,cc-by-nc-nd,,,,,,,,,oa_pdf
https://openalex.org/W4412517729,10.1093/aob/mcaf139,"A slow march along the South American Dry Diagonal: a multi-gene molecular phylogeny and biogeographical history of the peanut genus, <i>Arachis</i> L.",2025,article,false,closed,,,,40686336,MED,N,N,N,,,paywalled
https://openalex.org/W4413193063,10.3897/imafungus.16.152685,"Unexpected richness and distinct patterns of Morchella (Ascomycota) species diversity in Chongqing, a notable “Furnace City”: unveiling rich diversity in hot regions",2025,article,true,gold,https://doi.org/10.3897/imafungus.16.152685,cc-by,PMC12365677,40842675,MED,Y,Y,Y,,https://www.ebi.ac.uk/europepmc/webservices/rest/article/PMC12365677/fullTextXML,pmc_xml
https://openalex.org/W4415158565,10.1007/s13225-025-00564-z,"Taxonomy and phylogeny of lignicolous freshwater fungi from plateau lakes in Yunnan Province, China",2025,article,true,hybrid,https://doi.org/10.1007/s13225-025-00564-z,cc-by,,,,,,,,,oa_pdf
https://openalex.org/W4415451898,10.1186/s12862-025-02445-0,Mito-nuclear discordance reveals introgressive hybridization following vicariance and secondary contact in Iberian scorpions (Buthidae: Buthus),2025,article,true,gold,https://bmcecolevol.biomedcentral.com/counter/pdf/10.1186/s12862-025-02445-0,cc-by,PMC12548245,41126048,MED,Y,Y,Y,,https://www.ebi.ac.uk/europepmc/webservices/rest/article/PMC12548245/fullTextXML,pmc_xml
https://openalex.org/W3193390892,10.1086/715638,"Evolution of Leaf Fusion in Honeysuckle (<i>Periclymenum</i>,<i>Lonicera</i>)",2021,article,false,closed,,,,,,,,,,,paywalled
https://openalex.org/W4390631064,10.1655/herpmonographs-d-22-00003,"The Taxonomic Status of Physalaemus cuqui Lobo, 1993, with the Description of a New Species of Physalaemus (Anura: Leptodactylidae) from Argentina and Paraguay",2023,article,false,closed,,,,,,,,,,,paywalled
https://openalex.org/W4394621514,10.3897/zse.100.113972,"Description of a new species of the genus Cultellus Schumacher, 1817 (Bivalvia, Pharidae) from the South China Sea, based on integrative taxonomy",2024,article,true,gold,https://zse.pensoft.net/article/113972/download/pdf/,cc-by,,,,,,,,,oa_pdf
https://openalex.org/W4401246865,10.1007/s11557-024-01986-w,"Lepista cremeoinvoluta and L. multiformis (Clitocybaceae, Agaricales), a new species and a newly recorded species from Southwestern China",2024,article,false,closed,,,,,,,,,,,paywalled
https://openalex.org/W4405531917,10.1016/j.cropro.2024.107092,Root rot disease of Polygala crotalarioides caused by Fusarium oxysporum in China,2024,article,false,closed,,,,,,,,,,,paywalled
https://openalex.org/W4406352738,10.1007/s11557-024-02020-9,"Two new species of ectoparasitic microfungi within the Hesperomyces virescens complex from Algeria, Italy, and Malaysia",2025,article,true,hybrid,https://link.springer.com/content/pdf/10.1007/s11557-024-02020-9.pdf,cc-by,,,,,,,,,oa_pdf
https://openalex.org/W4406925072,10.3114/fuse.2025.15.08,Inside out: New root endophytic <i>Penicillium</i> and <i>Talaromyces</i> species isolated from <i>Cattleya</i> orchids ( <i>Orchidaceae</i> ) in Brazil,2025,article,true,gold,https://www.ncbi.nlm.nih.gov/pmc/articles/11959232,,PMC11959232,40170762,MED,Y,N,Y,,,oa_pdf
https://openalex.org/W4407114887,10.1080/21501203.2024.2436000,Phylogeny of <i>Geoglossomycetes</i> with species diversity in China,2025,article,true,gold,https://doi.org/10.1080/21501203.2024.2436000,cc-by,PMC12421905,40937135,MED,Y,Y,Y,,https://www.ebi.ac.uk/europepmc/webservices/rest/article/PMC12421905/fullTextXML,pmc_xml
https://openalex.org/W4411992698,10.1016/j.jcz.2025.07.001,"Taxonomy and systematics of Lepidodermella (Gastrotricha: Chaetonotidae): New species, new records, neotype designation and molecular data from Brazil",2025,article,false,closed,,,,,,,,,,,paywalled
https://openalex.org/W4413881308,10.3897/mycokeys.121.165642,"Updating the diversity: three novel species of Triblidium (Triblidiaceae, Rhytismatales) in west Yunnan, China",2025,article,true,gold,https://mycokeys.pensoft.net/article/165642/download/pdf/,cc-by,PMC12418029,40934025,MED,Y,Y,Y,,https://www.ebi.ac.uk/europepmc/webservices/rest/article/PMC12418029/fullTextXML,pmc_xml
https://openalex.org/W4413919576,10.1093/zoolinnean/zlaf105,Revisiting the phylogeny of Callianassidae (Crustacea: Decapoda: Axiidea) with descriptions of a new genus and four new species from the Indo-West Pacific,2025,article,false,closed,,,,,,,,,,,paywalled
https://openalex.org/W4414067131,10.1017/s0022149x25100710,"Re-evaluation of the taxonomic status of taxa recognized within the expanded concept of <i>Sphincteristomum</i> Oshmarin, Mamaev &amp; Parukhin, 1961 and the related <i>Lobatotrema</i> Manter, 1963 (Digenea: Megaperidae).",2025,article,false,closed,,,,40916999,MED,N,N,N,,,paywalled
https://openalex.org/W4415099947,10.1007/s13225-025-00563-0,Insights into the taxonomy and phylogeny of Diatrypaceae,2025,article,false,closed,,,,,,,,,,,paywalled
https://openalex.org/W4416995713,10.3897/mycokeys.126.174186,"Two new species of Neohelicomyces (Tubeufiaceae, Tubeufiales) from Hainan Province, China",2025,article,true,gold,https://mycokeys.pensoft.net/article/174186/download/pdf/,cc-by,PMC12699345,41395223,MED,Y,Y,Y,,https://www.ebi.ac.uk/europepmc/webservices/rest/article/PMC12699345/fullTextXML,pmc_xml
https://openalex.org/W7115585802,10.36253/phyto-16099,"Fungi associated with table grape propagation material, with emphasis on Neoscytalidium dimidiatum and Quambalaria cyanescens in Italy",2025,article,true,gold,https://oajournals.fupress.net/index.php/pm/article/download/16099/15230,cc-by,,,,,,,,,oa_pdf
https://openalex.org/W7126053148,10.3897/mycokeys.127.173937,"Two new Neohelicomyces species (Tubeufiaceae, Tubeufiales) associated with Coffea arabica L. in Yunnan Province, China",2026,article,true,gold,https://mycokeys.pensoft.net/article/173937/download/pdf/,cc-by,PMC12877777,41658338,MED,Y,Y,Y,,https://www.ebi.ac.uk/europepmc/webservices/rest/article/PMC12877777/fullTextXML,pmc_xml
https://openalex.org/W4404073363,10.1007/s10722-024-02241-7,"Advancing in molecular taxonomy: DNA barcode, a tool to resolve taxonomy and phylogeny of family euphorbiaceous",2024,article,false,closed,,,,,,,,,,,paywalled
https://openalex.org/W4406183503,10.17660/actahortic.2025.1415.31,Identification and pathogenicity of <i>Botryosphaeria</i> species associated with mango dieback disease in Egypt and Israel,2025,article,false,closed,,,,,,,,,,,paywalled
https://openalex.org/W2126429611,10.1111/jpy.12223,"Diversity of bladed <scp>B</scp>angiales (<scp>R</scp>hodophyta) in western <scp>M</scp>editerranean: recognition of the genus <i><scp>T</scp>hemis</i> and descriptions of <i><scp>T</scp>. ballesterosii</i> sp. nov., <i><scp>T</scp>. iberica</i> sp. nov., and <i><scp>P</scp>yropia parva</i> sp. nov.",2014,article,true,green,https://digital.csic.es/bitstream/10261/321283/1/Repositorio_JP.pdf,,,26988645,MED,N,N,N,,,oa_pdf
https://openalex.org/W1990769046,10.1111/cla.12049,Molecular phylogeny of<scp>H</scp>arpactorini (<scp>I</scp>nsecta:<scp>R</scp>eduviidae): correlation of novel predation strategy with accelerated evolution of predatory leg morphology,2013,article,false,closed,,,,34788974,MED,N,N,N,,,paywalled
https://openalex.org/W2026202614,10.1163/1876312x-45012109,Litter bugs exposed: phylogenetic relationships of Dipsocoromorpha (Hemiptera: Heteroptera) based on molecular data,2014,article,false,closed,,,,,,,,,,,paywalled
https://openalex.org/W2794606119,10.1111/syen.12292,"Molecular phylogeny and temporal diversification of <i>Tanytarsus</i> van der Wulp (Diptera: Chironomidae) support generic synonymies, a new classification and centre of origin",2018,article,true,green,http://hdl.handle.net/11250/2497473,,,,AGR,N,N,N,,,oa_pdf
https://openalex.org/W2009078150,10.1016/j.ympev.2015.04.005,"Testing reticulate versus coalescent origins of Erica lusitanica using a species phylogeny of the northern heathers (Ericeae, Ericaceae)",2015,article,true,green,https://figshare.com/articles/dataset/Testing_reticulate_versus_coalescent_origins_of_Erica_lusitanica_using_a_species_phylogeny_of_the_northern_heathers_Ericeae_Ericaceae_/5873697,,,25888972,MED,N,N,N,,,oa_pdf
https://openalex.org/W2765815742,10.1016/j.ympev.2017.10.016,"Species and hybrids in the genus Diaphanosoma Fischer, 1850 (Crustacea: Branchiopoda: Cladocera)",2017,article,false,closed,,,,29107154,MED,N,N,N,,,paywalled
https://openalex.org/W1995537346,10.1016/j.ympev.2013.10.016,The origin of the early differentiation of Ivies (Hedera L.) and the radiation of the Asian Palmate group (Araliaceae),2013,article,false,closed,,,,24184542,MED,N,N,N,,,paywalled
https://openalex.org/W2916555238,10.1111/syen.12345,Higher‐level molecular phylogeny of jumping plant lice (Hemiptera: Sternorrhyncha: Psylloidea),2019,article,false,closed,,,,,AGR,N,N,N,,,paywalled
https://openalex.org/W1969365757,10.11646/zootaxa.3796.1.9,"A new species of broad-nosed bat Platyrrhinus Saussure, 1860 (Chiroptera:   Phyllostomidae) from the Guianan Shield",2014,article,true,green,http://publication.plazi.org/id/4438326DFFDE87316021D50FFD53FFB5,,,24870671,MED,N,N,N,,,oa_pdf
https://openalex.org/W2176800397,10.1098/rsos.150159,"Phylogenetic tests reject Emery's rule in the evolution of social parasitism in yellowjackets and hornets (Hymenoptera: Vespidae, Vespinae)",2015,article,true,gold,https://doi.org/10.1098/rsos.150159,cc-by,PMC4593675,26473041,MED,Y,Y,Y,,https://www.ebi.ac.uk/europepmc/webservices/rest/article/PMC4593675/fullTextXML,pmc_xml
https://openalex.org/W2361809208,10.1016/j.ympev.2016.05.015,Evolution of larval life mode of Oecophoridae (Lepidoptera: Gelechioidea) inferred from molecular phylogeny,2016,article,false,closed,,,,27184341,MED,N,N,N,,,paywalled
https://openalex.org/W2763461531,10.1016/j.dsr2.2017.09.022,Nemerteans from deep-sea expedition SokhoBio with description of Uniporus alisae sp. nov. (Hoplonemertea: Reptantia s.l.) from the Sea of Okhotsk,2017,article,false,closed,,,,,,,,,,,paywalled
https://openalex.org/W2767041097,10.1111/ecog.02589,Influence of the geography of speciation on current patterns of coral reef fish biodiversity across the Indo‐Pacific,2017,article,true,bronze,https://www.onlinelibrary.wiley.com/doi/pdfdirect/10.1111/ecog.02589,,,,,,,,,,oa_pdf
https://openalex.org/W2173082952,10.1016/j.mambio.2015.11.001,"Mitogenomics of the mountain tapir (Tapirus pinchaque, Tapiridae, Perissodactyla, Mammalia) in Colombia and Ecuador: Phylogeography and insights into the origin and systematics of the South American tapirs",2015,article,false,closed,,,,,,,,,,,paywalled
https://openalex.org/W2299308096,10.3767/003158515x687704,Decrypting the <i>Hebeloma crustuliniforme</i> complex: European species of <i>Hebeloma</i> section <i>Denudata</i> subsection <i>Denudata</i> (<i>Agaricales</i>),2015,article,true,green,https://www.ncbi.nlm.nih.gov/pmc/articles/4713102,,PMC4713102,26823631,MED,Y,Y,Y,,https://www.ebi.ac.uk/europepmc/webservices/rest/article/PMC4713102/fullTextXML,pmc_xml
https://openalex.org/W2333556976,10.1371/journal.pone.0150920,"Old Lineage on an Old Island: Pixibinthus, a New Cricket Genus Endemic to New Caledonia Shed Light on Gryllid Diversification in a Hotspot of Biodiversity",2016,article,true,gold,https://journals.plos.org/plosone/article/file?id=10.1371/journal.pone.0150920&type=printable,cc-by,PMC4814057,27027632,MED,Y,Y,Y,,https://www.ebi.ac.uk/europepmc/webservices/rest/article/PMC4814057/fullTextXML,pmc_xml
https://openalex.org/W2509608834,10.1111/zsc.12198,Evolution of cave suspension feeding in Protodrilidae (Annelida),2016,article,false,closed,,,,,,,,,,,paywalled
https://openalex.org/W2556781400,10.1111/cla.12174,"Molecular phylogenetic analysis of “pirate spiders” (Araneae, Mimetidae) with the description of a new African genus and the first report of maternal care in the family",2016,article,true,bronze,https://onlinelibrary.wiley.com/doi/pdfdirect/10.1111/cla.12174,,,34715733,MED,N,N,N,,,oa_pdf
https://openalex.org/W2605618878,10.1038/s41598-017-00720-9,"Mycobacterium tuberculosis Lineage Distribution in Xinjiang and Gansu Provinces, China",2017,article,true,gold,https://www.nature.com/articles/s41598-017-00720-9.pdf,cc-by,PMC5430859,28432321,MED,Y,Y,Y,,https://www.ebi.ac.uk/europepmc/webservices/rest/article/PMC5430859/fullTextXML,pmc_xml
https://openalex.org/W2908848425,10.1016/j.ijbiomac.2019.01.063,Comparative analysis of mitochondrial genomes among four species of muscid flies (Diptera: Muscidae) and its phylogenetic implications,2019,article,false,closed,,,,30658142,MED,N,N,N,,,paywalled
https://openalex.org/W2919439961,10.3389/fpls.2019.00218,"Sequencing the Plastid Genome of Giant Ragweed (Ambrosia trifida, Asteraceae) From a Herbarium Specimen",2019,article,true,gold,https://doi.org/10.3389/fpls.2019.00218,cc-by,PMC6403193,30873197,MED,Y,Y,Y,,https://www.ebi.ac.uk/europepmc/webservices/rest/article/PMC6403193/fullTextXML,pmc_xml
https://openalex.org/W2781474495,10.1016/j.gene.2018.01.015,The complete mitochondrial genome of Huananpotamon lichuanense (Decapoda: Brachyura) with phylogenetic implications for freshwater crabs,2018,article,false,closed,,,,29307851,MED,N,N,N,,,paywalled
https://openalex.org/W2949320461,10.1038/s41598-018-37889-6,"The first complete mitochondrial genome of marigold pest thrips, Neohydatothrips samayunkur (Sericothripinae) and comparative analysis",2019,article,true,gold,https://www.nature.com/articles/s41598-018-37889-6.pdf,cc-by,PMC6336932,30655597,MED,Y,Y,Y,,https://www.ebi.ac.uk/europepmc/webservices/rest/article/PMC6336932/fullTextXML,pmc_xml
https://openalex.org/W2977580031,10.1093/zoolinnean/zlz073,Molecular data support the placement of the enigmatic Cheguevaria as a subfamily of Lampyridae (Insecta: Coleoptera),2019,article,false,closed,,,,,,,,,,,paywalled
https://openalex.org/W1878719880,10.1111/cla.12125,"A phylogenetic analysis of molecular and morphological characters of<i><scp>H</scp>erminium</i>(Orchidaceae, Orchideae): evolutionary relationships, taxonomy, and patterns of character evolution",2015,article,true,bronze,https://onlinelibrary.wiley.com/doi/pdfdirect/10.1111/cla.12125,,,34736301,MED,N,N,N,,,oa_pdf
https://openalex.org/W2190395286,10.1016/j.funbio.2015.09.014,"The taxonomy of the European species of Hebeloma section Denudata subsections Hiemalia , Echinospora subsect. nov. and Clepsydroida subsect. nov. and five new species",2015,article,false,closed,,,,26693686,MED,N,N,N,,,paywalled
https://openalex.org/W2350237947,10.1002/wmon.1017,Phylogeography of the bobwhite ( <i>Colinus</i> ) quails,2015,article,false,closed,,,,,,,,,,,paywalled
https://openalex.org/W2602602030,10.1007/s11557-017-1290-4,Calcarisporium xylariicola sp. nov. and introduction of Calcarisporiaceae fam. nov. in Hypocreales,2017,article,false,closed,,,,,,,,,,,paywalled
https://openalex.org/W2799341845,10.1111/zsc.12273,Reconquering the water: Evolution and systematics of South and Central American aquatic lizards (Gymnophthalmidae),2018,article,false,closed,,,,,,,,,,,paywalled
https://openalex.org/W2809853418,10.1016/j.ijbiomac.2018.06.131,The first complete mitochondrial genome of the Japanese beetle Popillia japonica (Coleoptera: Scarabaeidae) and its phylogenetic implications for the superfamily Scarabaeoidea,2018,article,false,closed,,,,29959994,MED,N,N,N,,,paywalled
https://openalex.org/W3024459807,10.1016/j.ympev.2020.106853,Evolution of Sri Lanka’s Giant Danios (Teleostei: Cyprinidae: Devario): Teasing apart species in a recent diversification,2020,article,false,closed,,,,32417495,MED,N,N,N,,,paywalled
https://openalex.org/W2036327901,10.1111/cla.12002,A phylogenetic analysis of Sciomyzidae (Diptera) and some related genera,2012,article,true,bronze,https://onlinelibrary.wiley.com/doi/pdfdirect/10.1111/cla.12002,,,34809406,MED,N,N,N,,,oa_pdf
https://openalex.org/W2621578617,10.1111/syen.12232,"Millipede assassins and allies ( <scp>H</scp> eteroptera: <scp>R</scp> eduviidae: <scp>E</scp> ctrichodiinae, <scp>T</scp> ribelocephalinae): total evidence phylogeny, revised classification and evolution of sexual dimorphism",2017,article,false,closed,,,,,AGR,N,N,N,,,paywalled
https://openalex.org/W2924397076,10.1016/j.ympev.2019.03.021,Plastome based phylogenetics and younger crown node age in Pelargonium,2019,article,true,hybrid,https://doi.org/10.1016/j.ympev.2019.03.021,cc-by,,30926482,MED,N,N,N,,,oa_pdf
https://openalex.org/W3200308307,10.1016/j.hal.2021.102098,"Morpho-molecular description of a new HAB species, Pseudocochlodinium profundisulcus gen. et sp. nov., and its LSU rRNA gene based genetic diversity and geographical distribution",2021,article,false,closed,,,,34588125,MED,N,N,N,,,paywalled
https://openalex.org/W2034000300,10.1071/is11029,Molecular data sheds light on the classification of long-legged flies (Diptera : Dolichopodidae),2011,article,false,closed,,,,,,,,,,,paywalled
https://openalex.org/W2062801808,10.11646/zootaxa.3686.4.3,Description and phylogenetic relationships of a new species of treefrog of the Dendropsophus leucophyllatus group (Anura: Hylidae) from the Amazon basin of Colombia and with an exceptional color pattern,2013,article,false,closed,,,,26473232,MED,N,N,N,,,paywalled
https://openalex.org/W2206618151,10.1016/j.forsciint.2015.12.024,Molecular identification and phylogenetic analysis of the forensically important family Piophilidae (Diptera) from different European locations,2015,article,false,closed,,,,26760908,MED,N,N,N,,,paywalled
https://openalex.org/W2627062142,10.1016/j.dsr2.2017.06.004,Nemerteans of the Vema-TRANSIT expedition: First data on diversity with description of two new genera and species,2017,article,false,closed,,,,,,,,,,,paywalled
https://openalex.org/W2896859172,10.1093/infdis/jiy604,Multilocus Sequence Typing of<i>Treponema pallidum</i>subsp.<i>pallidum</i>in Cuba From 2012 to 2017,2018,article,false,closed,,,,30325448,MED,N,N,N,,,paywalled
https://openalex.org/W2921073829,10.1111/jfd.12976,Multilocus sequence typing detects new <i>Piscirickettsia salmonis</i> hybrid genogroup in Chilean fish farms: Evidence for genetic diversity and population structure,2019,article,false,closed,,,,30851000,MED,N,N,N,,,paywalled
https://openalex.org/W2996058069,10.1163/18759866-20191419,"Dating the origin and diversification of Pan-Chelidae (Testudines, Pleurodira) under multiple molecular clock approaches",2019,article,true,gold,https://brill.com/downloadpdf/journals/ctoz/89/2/article-p146_146.pdf,cc-by,,,,,,,,,oa_pdf
https://openalex.org/W3174708503,10.3389/fimmu.2021.683026,"Microglial Morphology Across Distantly Related Species: Phylogenetic, Environmental and Age Influences on Microglia Reactivity and Surveillance States",2021,review,true,gold,https://doi.org/10.3389/fimmu.2021.683026,cc-by,PMC8250867,34220831,MED,Y,Y,Y,,https://www.ebi.ac.uk/europepmc/webservices/rest/article/PMC8250867/fullTextXML,pmc_xml
https://openalex.org/W2094371864,10.1071/is14023,Genetic data confirm the species status of Sepsis nigripes Meigen (Diptera : Sepsidae) and adds one species to the Alpine fauna while questioning the synonymy of Sepsis helvetica Munari,2014,article,true,green,,,,,,,,,,,paywalled
https://openalex.org/W2260453421,10.1007/s11557-015-1148-6,Unexpected species diversity and contrasting evolutionary hypotheses in Hebeloma (Agaricales) sections Sinapizantia and Velutipes in Europe,2015,article,false,closed,,,,,,,,,,,paywalled
https://openalex.org/W2276121035,10.1094/pdis-07-15-0836-re,<i>Pythium</i> and <i>Phytopythium</i> Species in Two Pennsylvania Greenhouse Irrigation Water Tanks,2016,article,true,bronze,https://apsjournals.apsnet.org/doi/pdf/10.1094/PDIS-07-15-0836-RE,,,30686146,MED,N,N,N,,,oa_pdf
https://openalex.org/W2597449226,10.1007/s10658-017-1219-4,"Characterization of Phaeoacremonium isolates associated with Petri disease of table grape in Northeastern Brazil, with description of Phaeoacremonium nordesticola sp. nov.",2017,article,false,closed,,,,,AGR,N,N,N,,,paywalled
https://openalex.org/W2742838782,10.3732/ajb.1700189,Transitions from distyly to homostyly are associated with floral evolution in the buckwheat genus (<i>Fagopyrum</i>),2017,article,true,bronze,https://bsapubs.onlinelibrary.wiley.com/doi/pdfdirect/10.3732/ajb.1700189,,,28790088,MED,N,N,N,,,oa_pdf
https://openalex.org/W2794619898,10.1094/pdis-01-18-0171-re,"Survey, Identification, and Characterization of Cylindrocarpon-Like Asexual Morphs in Spanish Forest Nurseries",2018,article,true,bronze,https://apsjournals.apsnet.org/doi/pdf/10.1094/PDIS-01-18-0171-RE,,,30189159,MED,N,N,N,,,oa_pdf
https://openalex.org/W2898566854,10.1038/s41598-018-34457-w,Dynamic evolution of inverted repeats in Euglenophyta plastid genomes,2018,article,true,gold,https://www.nature.com/articles/s41598-018-34457-w.pdf,cc-by,PMC6207741,30375469,MED,Y,Y,Y,,https://www.ebi.ac.uk/europepmc/webservices/rest/article/PMC6207741/fullTextXML,pmc_xml
https://openalex.org/W3093519041,10.1111/eva.13149,Using historical genome‐wide DNA to unravel the confused taxonomy in a songbird lineage that is extinct in the wild,2020,article,true,gold,https://onlinelibrary.wiley.com/doi/pdfdirect/10.1111/eva.13149,cc-by,PMC7980273,33767745,MED,Y,Y,Y,,https://www.ebi.ac.uk/europepmc/webservices/rest/article/PMC7980273/fullTextXML,pmc_xml
https://openalex.org/W2625114962,10.1038/s41598-017-04228-0,Multiple origins and a narrow genepool characterise the African tea germplasm: concordant patterns revealed by nuclear and plastid DNA markers,2017,article,true,gold,https://www.nature.com/articles/s41598-017-04228-0.pdf,cc-by,PMC5481375,28642589,MED,Y,Y,Y,,https://www.ebi.ac.uk/europepmc/webservices/rest/article/PMC5481375/fullTextXML,pmc_xml
https://openalex.org/W2768203528,10.1111/1744-7917.12559,Molecular phylogeny of<i>Entomobrya</i>(Collembola: Entomobryidae) from China: Color pattern groups and multiple origins,2017,article,false,closed,,,,29135078,MED,N,N,N,,,paywalled
https://openalex.org/W2790003599,10.1094/pdis-12-17-1896-re,Paecilomyces Rot: A New Apple Disease,2018,article,true,bronze,https://apsjournals.apsnet.org/doi/pdf/10.1094/PDIS-12-17-1896-RE,,,30673420,MED,N,N,N,,,oa_pdf
https://openalex.org/W2895733005,10.1080/24701394.2018.1502280,Phylogeny and acoustic signal evolution of a pure tone song katydid <i>Pseudophyllus titan</i> (Orthoptera: Tettigoniidae) based on the complete mitogenome,2018,article,false,closed,,,,30289002,MED,N,N,N,,,paywalled
https://openalex.org/W2903415377,10.1371/journal.ppat.1007473,"The afc antifungal activity cluster, which is under tight regulatory control of ShvR, is essential for transition from intracellular persistence of Burkholderia cenocepacia to acute pro-inflammatory infection",2018,article,true,gold,https://journals.plos.org/plospathogens/article/file?id=10.1371/journal.ppat.1007473&type=printable,cc-by,PMC6301696,30513124,MED,Y,Y,Y,,https://www.ebi.ac.uk/europepmc/webservices/rest/article/PMC6301696/fullTextXML,pmc_xml
https://openalex.org/W3015721675,10.1038/s41598-020-63385-x,High functionality of DNA barcodes and revealed cases of cryptic diversity in Korean curved-horn moths (Lepidoptera: Gelechioidea),2020,article,true,gold,https://www.nature.com/articles/s41598-020-63385-x.pdf,cc-by,PMC7148304,32277166,MED,Y,Y,Y,,https://www.ebi.ac.uk/europepmc/webservices/rest/article/PMC7148304/fullTextXML,pmc_xml
https://openalex.org/W3157253219,10.7717/peerj.11310,<i>Bosminopsis deitersi</i> (Crustacea: Cladocera) as an ancient species group: a revision,2021,article,true,gold,https://doi.org/10.7717/peerj.11310,cc-by,PMC8074845,33981506,MED,Y,Y,Y,,https://www.ebi.ac.uk/europepmc/webservices/rest/article/PMC8074845/fullTextXML,pmc_xml
https://openalex.org/W1504284932,10.3109/19401736.2015.1079824,Phylogeny and dating of divergences within the genus <i>Thymallus</i> (Salmonidae: Thymallinae) using complete mitochondrial genomes,2015,article,false,closed,,,,26329113,MED,N,N,N,,,paywalled
https://openalex.org/W2033318605,10.1644/14-mamm-a-007,Investigating sensitivity of phylogenetic community structure metrics using North American desert bats,2014,article,true,bronze,https://academic.oup.com/jmammal/article-pdf/95/6/1240/2501947/95-6-1240.pdf,,,,,,,,,,oa_pdf
https://openalex.org/W2155617939,10.1640/0002-8444-103.2.131,Phylogenetic Placement of the Enigmatic Fern Genus<i>Dracoglossum</i>,2013,article,false,closed,,,,,AGR,N,N,N,,,paywalled
https://openalex.org/W2300036690,10.1071/is15044,"The first troglobitic species of Gymnobisiidae (Pseudoscorpiones : Neobisioidea), from Table Mountain (Western Cape Province, South Africa) and its phylogenetic position",2016,article,true,green,https://ro.ecu.edu.au/ecuworkspost2013/1827,,,,,,,,,,oa_pdf
https://openalex.org/W2399569302,10.1186/s12864-016-2681-7,Bone-associated gene evolution and the origin of flight in birds,2016,article,true,gold,https://bmcgenomics.biomedcentral.com/track/pdf/10.1186/s12864-016-2681-7,cc-by,PMC4870793,27193938,MED,Y,Y,Y,,https://www.ebi.ac.uk/europepmc/webservices/rest/article/PMC4870793/fullTextXML,pmc_xml
https://openalex.org/W2565527953,10.1111/syen.12224,Total evidence phylogenetic analysis and reclassification of <i>Euschistus</i> Dallas within Carpocorini (Hemiptera: Pentatomidae: Pentatominae),2016,article,true,green,https://zenodo.org/record/3583028,,,,AGR,N,N,N,,,oa_pdf
https://openalex.org/W2755301325,10.3897/phytokeys.86.13532,On merging Acer sections Rubra and Hyptiocarpa: Molecular and morphological evidence,2017,article,true,gold,https://doi.org/10.3897/phytokeys.86.13532,cc-by,PMC5624197,29033667,MED,Y,Y,Y,,https://www.ebi.ac.uk/europepmc/webservices/rest/article/PMC5624197/fullTextXML,pmc_xml
https://openalex.org/W2899871660,10.1111/jse.12467,Phylogeny and spatio‐temporal diversification of <i>Prunus</i> subgenus <i>Laurocerasus</i> section <i>Mesopygeum</i> (Rosaceae) in the Malesian region,2018,article,true,bronze,https://onlinelibrary.wiley.com/doi/pdfdirect/10.1111/jse.12467,,,,,,,,,,oa_pdf
https://openalex.org/W2902464631,10.1071/is18024,Cryptic speciation in a biodiversity hotspot: multilocus molecular data reveal new velvet worm species from Western Australia (Onychophora : Peripatopsidae : Kumbadjena),2018,article,true,green,https://ro.ecu.edu.au/ecuworkspost2013/5506,,,,,,,,,,oa_pdf
https://openalex.org/W2981966786,10.1038/s41598-019-51408-1,Congruence of morphological and molecular phylogenies of the rove beetle subfamily Staphylininae (Coleoptera: Staphylinidae),2019,article,true,gold,https://www.nature.com/articles/s41598-019-51408-1.pdf,cc-by,PMC6805933,31641139,MED,Y,Y,Y,,https://www.ebi.ac.uk/europepmc/webservices/rest/article/PMC6805933/fullTextXML,pmc_xml
https://openalex.org/W2982224726,10.21273/jashs04735-19,DNA Barcoding of the Solanaceae Family in Puerto Rico Including Endangered and Endemic Species,2019,article,true,gold,https://journals.ashs.org/downloadpdf/journals/jashs/144/5/article-p363.pdf,,,,,,,,,,oa_pdf
https://openalex.org/W2985667611,10.1111/zsc.12395,Multilocus data of a manakin species reveal cryptic diversification moulded by vicariance,2019,article,true,green,http://hdl.handle.net/10138/321513,,,,,,,,,,oa_pdf
https://openalex.org/W3082733963,10.1111/zsc.12445,"Diversity, phylogeny and biogeography of <i>Systomus</i> (Teleostei, Cyprinidae) in Sri Lanka",2020,article,false,closed,,,,,,,,,,,paywalled
https://openalex.org/W3128099302,10.1080/00275514.2020.1846965,"<i>Xylaria necrophora</i>, sp. nov., is an emerging root-associated pathogen responsible for taproot decline of soybean in the southern United States",2021,article,true,green,https://repository.lsu.edu/biosci_pubs/4182,,,33555993,MED,N,N,N,,,oa_pdf
https://openalex.org/W3204603022,10.1016/j.hal.2021.102107,"A new potentially toxic dinoflagellate Fukuyoa koreansis sp. nov. (Gonyaulacales, Dinophyceae) from Korean coastal waters: Morphology, phylogeny, and effects of temperature and salinity on growth",2021,article,true,green,https://archimer.ifremer.fr/doc/00725/83681/,,,34815020,MED,N,N,N,,,oa_pdf
https://openalex.org/W2239709206,10.1111/syen.12170,"Large‐scale molecular phylogeny of Cryptorhynchinae (Coleoptera, Curculionidae) from multiple genes suggests American origin and later Australian radiation",2016,article,false,closed,,,,,,,,,,,paywalled
https://openalex.org/W2792942194,10.1016/j.ympev.2018.02.012,"Phylogenetic relationships and cryptic species diversity in the Brazilian egg-brooding tree frog, genus Fritziana Mello-Leitão 1937 (Anura: Hemiphractidae)",2018,article,true,bronze,https://ars.els-cdn.com/content/image/1-s2.0-S1055790317305511-fx1_lrg.jpg,,,29452311,MED,N,N,N,,,oa_pdf
https://openalex.org/W2939863613,10.1371/journal.pone.0215176,"The establishment of the species-delimits and varietal-identities of the cultivated germplasm of Luffa acutangula and Luffa aegyptiaca in Sri Lanka using morphometric, organoleptic and phylogenetic approaches",2019,article,true,gold,https://journals.plos.org/plosone/article/file?id=10.1371/journal.pone.0215176&type=printable,cc-by,PMC6456250,30964918,MED,Y,Y,Y,,https://www.ebi.ac.uk/europepmc/webservices/rest/article/PMC6456250/fullTextXML,pmc_xml
https://openalex.org/W2958280055,10.3389/fpls.2019.00913,Phylogeographic Analysis and Genetic Structure of an Endemic Sino-Japanese Disjunctive Genus Diabelia (Caprifoliaceae),2019,article,true,gold,https://doi.org/10.3389/fpls.2019.00913,cc-by,PMC6646888,31379899,MED,Y,Y,Y,,https://www.ebi.ac.uk/europepmc/webservices/rest/article/PMC6646888/fullTextXML,pmc_xml
https://openalex.org/W3013273529,10.1016/j.jcz.2020.03.003,"Integrative description of a new species of Acanthodasys Remane, 1927 (Gastrotricha, Macrodasyida, Thaumastodermatidae) based on four distinct morphological techniques and molecular data",2020,article,true,green,https://hdl.handle.net/11576/2675169,,,,,,,,,,oa_pdf
https://openalex.org/W3037199148,10.1016/j.ygeno.2020.06.036,Population genetics and comparative mitogenomic analyses reveal cryptic diversity of Amphioctopus neglectus (Cephalopoda: Octopodidae),2020,article,false,closed,,,,32603760,MED,N,N,N,,,paywalled
https://openalex.org/W3092030958,10.3897/mycokeys.73.56905,Three new species of Conidiobolus sensu stricto from plant debris in eastern China,2020,article,true,gold,https://mycokeys.pensoft.net/article/56905/download/pdf/,cc-by,PMC7561611,33117082,MED,Y,Y,Y,,https://www.ebi.ac.uk/europepmc/webservices/rest/article/PMC7561611/fullTextXML,pmc_xml
https://openalex.org/W3093312780,10.3389/fvets.2020.579728,New Parasite Records for the Sunfish Mola mola in the Mediterranean Sea and Their Potential Use as Biological Tags for Long-Distance Host Migration,2020,article,true,gold,https://www.frontiersin.org/articles/10.3389/fvets.2020.579728/pdf,cc-by,PMC7641614,33195589,MED,Y,Y,Y,,https://www.ebi.ac.uk/europepmc/webservices/rest/article/PMC7641614/fullTextXML,pmc_xml
https://openalex.org/W3108897266,10.1038/s41598-020-78082-y,Molecular phylogeny inferred from the mitochondrial genomes of Plecoptera with Oyamia nigribasis (Plecoptera: Perlidae),2020,article,true,gold,https://www.nature.com/articles/s41598-020-78082-y.pdf,cc-by,PMC7708463,33262442,MED,Y,Y,Y,,https://www.ebi.ac.uk/europepmc/webservices/rest/article/PMC7708463/fullTextXML,pmc_xml
https://openalex.org/W3215848844,10.3390/d13110605,"Integrative Descriptions of Two New Mesobiotus Species (Tardigrada, Eutardigrada, Macrobiotidae) from Vietnam",2021,article,true,gold,https://www.mdpi.com/1424-2818/13/11/605/pdf?version=1637492288,cc-by,,,,,,,,,oa_pdf
https://openalex.org/W2596195237,10.1600/036364417x694557,Two Beringian Origins for the Allotetraploid Fern <i>Polystichum braunii</i> (Dryopteridaceae),2017,article,false,closed,,,,,AGR,N,N,N,,,paywalled
https://openalex.org/W2734818292,10.1080/24701394.2017.1350954,Phylogenetic studies and comparative chloroplast genome analyses elucidate the basal position of halophyte <i>Nitraria sibirica</i> (Nitrariaceae) in the Sapindales,2017,article,false,closed,,,,28712318,MED,N,N,N,,,paywalled
https://openalex.org/W2790121991,10.1111/syen.12298,Anchored phylogenomics of burrowing mayflies (Ephemeroptera) and the evolution of tusks,2018,article,false,closed,,,,,AGR,N,N,N,,,paywalled
https://openalex.org/W2791810101,10.1093/zoolinnean/zlx107,A tale of two soft-shell clams: an integrative taxonomic analysis confirms Mya japonica as a valid species distinct from Mya arenaria (Bivalvia: Myidae),2017,article,false,closed,,,,,,,,,,,paywalled
https://openalex.org/W2803473695,10.1094/mpmi-03-18-0070-r,"Clues to an Evolutionary Mystery: The Genes for T-Toxin, Enabler of the Devastating 1970 Southern Corn Leaf Blight Epidemic, Are Present in Ancestral Species, Suggesting an Ancient Origin",2018,article,true,bronze,https://apsjournals.apsnet.org/doi/pdf/10.1094/MPMI-03-18-0070-R,,,29792566,MED,N,N,N,,,oa_pdf
https://openalex.org/W2904604272,10.1111/zsc.12331,A new surface gliding species of Chironomidae: An independent invasion of marine environments and its evolutionary implications,2018,article,true,bronze,https://onlinelibrary.wiley.com/doi/pdfdirect/10.1111/zsc.12331,,,,,,,,,,oa_pdf
https://openalex.org/W2916055833,10.1007/s11274-019-2618-9,Molecular characterization of Phytophthora palmivora responsible for bud rot disease of oil palm in Colombia,2019,article,true,green,https://nottingham-repository.worktribe.com/output/1738938,,,30810828,MED,N,N,N,,,oa_pdf
https://openalex.org/W2950110074,10.1186/s41200-019-0169-2,"A new record of Lamellibrachia columna (Siboglinidae, Annelida) from cold seeps off New Zealand, and an assessment of its presence in the western Pacific Ocean",2019,article,true,hybrid,https://mbr.biomedcentral.com/track/pdf/10.1186/s41200-019-0169-2,cc-by,,,,,,,,,oa_pdf
https://openalex.org/W2972364218,10.1002/tax.12093,Evolution of the untouchables: Phylogenetics and classification of <i>Cnidoscolus</i> (Euphorbiaceae),2019,article,false,closed,,,,,,,,,,,paywalled
https://openalex.org/W3003742195,10.1093/zoolinnean/zlz168,Lizards from the Lost World: two new species and evolutionary relationships of the Pantepui highland <i>Riolama</i> (Gymnophthalmidae),2019,article,true,bronze,https://academic.oup.com/zoolinnean/article-pdf/190/1/271/33667390/zlz168.pdf,,,,,,,,,,oa_pdf
https://openalex.org/W3012383420,10.1111/jse.12586,"Phylogenetic analyses confirm polyphyly of the genus <i>Campanula</i> (Campanulaceae s. str.), leading to a proposal for generic reappraisal",2020,article,false,closed,,,,,,,,,,,paywalled
https://openalex.org/W3035948474,10.1186/s13071-020-04187-y,"The complete mitochondrial genome of the Columbia lance nematode, Hoplolaimus columbus, a major agricultural pathogen in North America",2020,article,true,gold,https://parasitesandvectors.biomedcentral.com/track/pdf/10.1186/s13071-020-04187-y,cc-by,PMC7310197,32571423,MED,Y,Y,Y,,https://www.ebi.ac.uk/europepmc/webservices/rest/article/PMC7310197/fullTextXML,pmc_xml
https://openalex.org/W3036572249,10.1111/jzs.12388,"Revision of the pale‐bellied<i>Micronycteris</i>Gray, 1866 (Chiroptera, Phyllostomidae) with descriptions of two new species",2020,article,true,green,https://zenodo.org/record/4448084,,,,,,,,,,oa_pdf
https://openalex.org/W3047325447,10.1111/jzs.12395,A molecular phylogeny of the freshwater‐fish genus<i>Rasbora</i>(Teleostei: Cyprinidae) in Sri Lanka reveals a remarkable diversification—And a cryptic species,2020,article,false,closed,,,,,,,,,,,paywalled
https://openalex.org/W3206215488,10.3390/life11101093,"Cryptic Diversity of Isaria-like Species in Guizhou, China",2021,article,true,gold,https://www.mdpi.com/2075-1729/11/10/1093/pdf?version=1634301516,cc-by,PMC8539930,34685462,MED,Y,Y,Y,,https://www.ebi.ac.uk/europepmc/webservices/rest/article/PMC8539930/fullTextXML,pmc_xml
https://openalex.org/W3206547590,10.3390/jof7110891,"Morphology and Phylogeny Reveal Vamsapriyaceae fam. nov. (Xylariales, Sordariomycetes) with Two Novel Vamsapriya Species",2021,article,true,gold,https://www.mdpi.com/2309-608X/7/11/891/pdf?version=1634954119,cc-by,PMC8622883,34829180,MED,Y,Y,Y,,https://www.ebi.ac.uk/europepmc/webservices/rest/article/PMC8622883/fullTextXML,pmc_xml
https://openalex.org/W2213576156,10.1007/s00284-015-0962-z,A Re-examination of the Taxonomic Status of Embellisia astragali,2015,article,false,closed,,,,26693723,MED,N,N,N,,,paywalled
https://openalex.org/W2465422204,10.1093/gbe/evw106,Revisiting the Plastid Phylogenomics of Pinaceae with Two Complete Plastomes of<i>Pseudolarix</i>and<i>Tsuga</i>,2016,letter,true,gold,https://academic.oup.com/gbe/article-pdf/8/6/1804/7929134/evw106.pdf,cc-by-nc,PMC4943178,27352945,MED,Y,Y,Y,,https://www.ebi.ac.uk/europepmc/webservices/rest/article/PMC4943178/fullTextXML,pmc_xml
https://openalex.org/W2608708499,10.1016/j.aspen.2017.04.012,Next-generation sequencing data used to determine the mitochondrial genomes and a preliminary phylogeny of Verophasmatodea insects,2017,article,false,closed,,,,,,,,,,,paywalled
https://openalex.org/W2737063942,10.1007/s10658-017-1305-7,Characterization of Fusarium oxysporum f. sp. melongenae isolates from Turkey with ISSR markers and DNA sequence analyses,2017,article,false,closed,,,,,AGR,N,N,N,,,paywalled
https://openalex.org/W2800293071,10.1007/s10493-018-0256-9,"Investigating species boundaries using DNA and morphology in the mite Tyrophagus curvipenis (Acari: Acaridae), an emerging invasive pest, with a molecular phylogeny of the genus Tyrophagus",2018,article,false,closed,,,,29700678,MED,N,N,N,,,paywalled
https://openalex.org/W2956014726,10.1093/isd/ixz008,Implications of a Dating Analysis of Hippoboscoidea (Diptera) for the Origins of Phoresis in Feather Lice (Psocodea: Phthiraptera: Philopteridae),2019,article,true,green,https://zenodo.org/record/7168104,,,,,,,,,,oa_pdf
https://openalex.org/W2989856038,10.3390/antibiotics8040231,An Endophytic Diaporthe apiculatum Produces Monoterpenes with Inhibitory Activity against Phytopathogenic Fungi,2019,article,true,gold,https://www.mdpi.com/2079-6382/8/4/231/pdf?version=1574415492,cc-by,PMC6963576,31766670,MED,Y,Y,Y,,https://www.ebi.ac.uk/europepmc/webservices/rest/article/PMC6963576/fullTextXML,pmc_xml
https://openalex.org/W2997493526,10.1093/molbev/msz310,Insights from Empirical Analyses and Simulations on Using Multiple Fossil Calibrations with Relaxed Clocks to Estimate Divergence Times,2019,article,false,closed,,,,31899514,MED,N,N,N,,,paywalled
https://openalex.org/W2999394360,10.1111/cla.12407,A species‐level total evidence phylogeny of the microteiid lizard family Alopoglossidae (Squamata: Gymnophthalmoidea),2020,article,true,bronze,https://onlinelibrary.wiley.com/doi/pdfdirect/10.1111/cla.12407,,,34618959,MED,N,N,N,,,oa_pdf
https://openalex.org/W3080633199,10.3897/phytokeys.156.53502,"A novelty in Ceratozamia (Zamiaceae, Cycadales) from the Sierra Madre del Sur, Mexico: biogeographic and morphological patterns, DNA barcoding and phenology",2020,article,true,gold,https://doi.org/10.3897/phytokeys.156.53502,cc-by,PMC7471474,32943975,MED,Y,Y,Y,,https://www.ebi.ac.uk/europepmc/webservices/rest/article/PMC7471474/fullTextXML,pmc_xml
https://openalex.org/W3090437805,10.3897/zookeys.969.49278,"Comparative mitochondrial genomes of four species of Sinopodisma and phylogenetic implications (Orthoptera, Melanoplinae)",2020,article,true,gold,https://doi.org/10.3897/zookeys.969.49278,cc-by,PMC7515930,33013166,MED,Y,Y,Y,,https://www.ebi.ac.uk/europepmc/webservices/rest/article/PMC7515930/fullTextXML,pmc_xml
https://openalex.org/W3159581291,10.1080/23802359.2021.1914210,Molecular identification of <i>Aquilaria</i> species with distribution records in China using DNA barcode technology,2021,article,true,diamond,https://www.tandfonline.com/doi/pdf/10.1080/23802359.2021.1914210?needAccess=true,cc-by,PMC8079081,33969211,MED,Y,Y,Y,,https://www.ebi.ac.uk/europepmc/webservices/rest/article/PMC8079081/fullTextXML,pmc_xml
https://openalex.org/W1980718296,10.1371/journal.pone.0037473,Population Structure and Gene Flow of the Yellow Anaconda (Eunectes notaeus) in Northern Argentina,2012,article,true,gold,https://journals.plos.org/plosone/article/file?id=10.1371/journal.pone.0037473&type=printable,cc-by,PMC3360049,22675425,MED,Y,Y,Y,,https://www.ebi.ac.uk/europepmc/webservices/rest/article/PMC3360049/fullTextXML,pmc_xml
https://openalex.org/W2086462112,10.1016/j.ympev.2012.10.002,Phylogeny and character evolution in the bee-assassins (Insecta: Heteroptera: Reduviidae),2012,article,false,closed,,,,23079616,MED,N,N,N,,,paywalled
https://openalex.org/W2472018382,10.1094/phyto-11-15-0302-r,Multilocus Sequence Typing of Strains of Bacterial Spot of Lettuce Collected in the United States,2016,article,true,bronze,https://apsjournals.apsnet.org/doi/pdf/10.1094/PHYTO-11-15-0302-R,,,27359264,MED,N,N,N,,,oa_pdf
https://openalex.org/W2575479899,10.1111/syen.12206,Hitchhikers at the dinner table: a revisionary study of a group of ant parasitoids ( <scp>H</scp> ymenoptera: <scp>E</scp> ucharitidae) specializing in the use of extrafloral nectaries for host access,2017,article,false,closed,,,,,AGR,N,N,N,,,paywalled
https://openalex.org/W2624574214,10.1071/is16089,"Mitochondrial and chemical profiles reveal a new genus and species of Neotropical termite with snapping soldiers, Palmitermes impostor (Termitidae : Termitinae)",2017,article,true,green,https://dipot.ulb.ac.be/dspace/bitstream/2013/258519/3/Hellemans_et_al_2017_Mitochondrial_chemical_profiles.pdf,,,,,,,,,,oa_pdf
https://openalex.org/W2806271207,10.1007/s10482-018-1110-0,"A new Rhizobium species isolated from the water of a crater lake, description of Rhizobium aquaticum sp. nov.",2018,article,false,closed,,,,29881978,MED,N,N,N,,,paywalled
https://openalex.org/W2810567285,10.1016/j.ijbiomac.2018.06.191,Invasion of the assassin bug Agriosphodrus dohrni (Hemiptera: Reduviidae) to Japan: Source estimation inferred from mitochondrial and nuclear gene sequences,2018,article,false,closed,,,,29981333,MED,N,N,N,,,paywalled
https://openalex.org/W2886927614,10.1071/is17063,The role of progenesis in the diversification of the interstitial annelid lineage Psammodrilidae,2018,article,false,closed,,,,,,,,,,,paywalled
https://openalex.org/W2888959371,10.12705/674.3,<i>Sulettaria:</i> A new ginger genus disjunct from <i>Elettaria cardamomum</i>,2018,article,false,closed,,,,,,,,,,,paywalled
https://openalex.org/W2891696635,10.1016/j.protis.2018.08.005,"Phylogenetic Analysis Reveals that the ‘Radial Centric’ Diatom Orthoseira Thwaites (Orthoseiraceae, Bacillariophyta) is a Member of a ‘Multipolar’ Diatom Lineage",2018,article,false,closed,,,,30448592,MED,N,N,N,,,paywalled
https://openalex.org/W2893617811,10.1016/j.ppees.2018.09.004,Patterns of chromosomal evolution in the florally diverse Andean clade Iochrominae (Solanaceae),2018,article,true,green,http://hdl.handle.net/11336/87912,,,,,,,,,,oa_pdf
https://openalex.org/W2921185631,10.1093/zoolinnean/zlz002,A molecular phylogeny for the Pacific monitor lizards (Varanus subgenus Euprepiosaurus) reveals a recent and rapid radiation with high levels of cryptic diversity,2019,article,false,closed,,,,,,,,,,,paywalled
https://openalex.org/W2964368678,10.1002/ece3.5474,"Global genetic diversity, lineage distribution, and <i>Wolbachia</i> infection of the alfalfa weevil <i>Hypera postica</i> (Coleoptera: Curculionidae)",2019,article,true,gold,https://onlinelibrary.wiley.com/doi/pdfdirect/10.1002/ece3.5474,cc-by,PMC6745856,31534674,MED,Y,Y,Y,,https://www.ebi.ac.uk/europepmc/webservices/rest/article/PMC6745856/fullTextXML,pmc_xml
https://openalex.org/W2965473793,10.1071/is18068,DNA-based approaches uncover cryptic diversity in the European Lepidocyrtus lanuginosus species group (Collembola: Entomobryidae),2019,article,true,green,https://resolver.sub.uni-goettingen.de/purl?gro-2/134344,,,,,,,,,,oa_pdf
https://openalex.org/W3007058455,10.1094/pdis-07-19-1457-re,Characterization of <i>Pyrenophora</i> Species Causing Brown Leaf Spot on Italian Ryegrass (<i>Lolium multiflorum</i>) in Southwestern China,2020,article,true,bronze,https://apsjournals.apsnet.org/doi/pdf/10.1094/PDIS-07-19-1457-RE,,,32396459,MED,N,N,N,,,oa_pdf
https://openalex.org/W3028988156,10.1007/s13314-019-0371-4,Colletotrichum truncatum causing anthracnose on papaya fruit (Carica papaya) in Brazil,2019,article,true,bronze,https://link.springer.com/content/pdf/10.1007/s13314-019-0371-4.pdf,,,,,,,,,,oa_pdf
https://openalex.org/W3087174815,10.1080/00275514.2020.1801303,A phylogeny for the plant pathogen <i>Piptoporellus baudonii</i> using a multigene data set,2020,article,true,hybrid,https://www.tandfonline.com/doi/pdf/10.1080/00275514.2020.1801303?needAccess=true,cc-by,,32946365,MED,N,N,N,,,oa_pdf
https://openalex.org/W3095965852,10.1016/j.ympev.2020.107004,Miocene geologic dynamics of the Australian Sahul Shelf determined the biogeographic patterns of freshwater planorbid snails (Miratestinae) in the Indo-Australian Archipelago,2020,article,false,closed,,,,33157207,MED,N,N,N,,,paywalled
https://openalex.org/W3215372098,10.1093/botlinnean/boab065,Evolutionary diversification in the hyper-diverse montane forests of the tropical Andes: radiation of<i>Macrocarpaea</i>(Gentianaceae) and the possible role of range expansion,2021,article,true,bronze,https://academic.oup.com/botlinnean/article-pdf/199/1/53/43404064/boab065.pdf,,,,,,,,,,oa_pdf
https://openalex.org/W4200540964,10.1093/gbe/evab281,Comprehensive Transcriptome Sequencing of Tanaidacea with Proteomic Evidences for Their Silk,2021,article,true,gold,https://academic.oup.com/gbe/article-pdf/13/12/evab281/41965530/evab281.pdf,cc-by,PMC8715525,34904645,MED,Y,Y,Y,,https://www.ebi.ac.uk/europepmc/webservices/rest/article/PMC8715525/fullTextXML,pmc_xml
https://openalex.org/W4283781880,10.1007/s13127-022-00563-x,Molecular footprint of parasite co-introduction with Nile tilapia in the Congo Basin,2022,article,false,closed,,,,,,,,,,,paywalled
https://openalex.org/W2586472313,10.1371/journal.pone.0170286,Evaluation of DNA barcodes in Codonopsis (Campanulaceae) and in some large angiosperm plant genera,2017,article,true,gold,https://journals.plos.org/plosone/article/file?id=10.1371/journal.pone.0170286&type=printable,cc-by,PMC5300163,28182623,MED,Y,Y,Y,,https://www.ebi.ac.uk/europepmc/webservices/rest/article/PMC5300163/fullTextXML,pmc_xml
https://openalex.org/W2768108285,10.5091/plecevo.2017.1262,"Molecular systematics of targeted flat sedges (Cyperus, Cyperaceae) of the Americas",2017,article,true,diamond,https://plecevo.eu/article/30855/download/pdf/,cc-by,,,,,,,,,oa_pdf
https://openalex.org/W2783097637,10.1002/ece3.3815,"You stay, but I Hop: Host shifting near and far co‐dominated the evolution of <i>Enchenopa</i> treehoppers",2018,article,true,gold,https://onlinelibrary.wiley.com/doi/pdfdirect/10.1002/ece3.3815,cc-by,PMC5817127,29468015,MED,Y,Y,Y,,https://www.ebi.ac.uk/europepmc/webservices/rest/article/PMC5817127/fullTextXML,pmc_xml
https://openalex.org/W2801538393,10.1080/21501203.2018.1461142,Phylogenetic position and taxonomy of <i>Kusaghiporia usambarensis</i> gen. et sp. nov. (Polyporales),2018,article,true,gold,https://www.tandfonline.com/doi/pdf/10.1080/21501203.2018.1461142?needAccess=true,cc-by,PMC6059158,30123669,MED,Y,Y,Y,,https://www.ebi.ac.uk/europepmc/webservices/rest/article/PMC6059158/fullTextXML,pmc_xml
https://openalex.org/W2804451166,10.1016/j.ympev.2018.05.008,Rapid diversification and hybridization have shaped the dynamic history of the genus Elaenia,2018,article,false,closed,,,,29758274,MED,N,N,N,,,paywalled
https://openalex.org/W2917385378,10.1111/aab.12493,Prevalent weeds collected from cucurbit fields in Northeastern Brazil reveal new species diversity in the genus <i>Monosporascus</i>,2019,article,true,bronze,https://onlinelibrary.wiley.com/doi/pdfdirect/10.1111/aab.12493,,,,,,,,,,oa_pdf
https://openalex.org/W2921013944,10.3897/mycokeys.49.31904,Two new endophytic Colletotrichum species from Nothapodytes pittosporoides in China,2019,article,true,gold,https://doi.org/10.3897/mycokeys.49.31904,cc-by,PMC6422929,30914842,MED,Y,Y,Y,,https://www.ebi.ac.uk/europepmc/webservices/rest/article/PMC6422929/fullTextXML,pmc_xml
https://openalex.org/W2942611851,10.1086/703353,Phylogeny of Anthospermeae of the Coffee Family Inferred Using Clock and Nonclock Models,2019,article,false,closed,,,,,,,,,,,paywalled
https://openalex.org/W2968025243,10.1111/zsc.12371,"Diversification of mitogenomes in three sympatric <i>Altica</i> flea beetles (Insecta, Chrysomelidae)",2019,article,false,closed,,,,,,,,,,,paywalled
https://openalex.org/W2999273657,10.3390/v12010096,"Origin of Bluetongue Virus Serotype 8 Outbreak in Cyprus, September 2016",2020,article,true,gold,https://www.mdpi.com/1999-4915/12/1/96/pdf?version=1579610400,cc-by,PMC7019704,31947695,MED,Y,Y,Y,,https://www.ebi.ac.uk/europepmc/webservices/rest/article/PMC7019704/fullTextXML,pmc_xml
https://openalex.org/W3027117272,10.1186/s12862-020-01623-6,MtOrt: an empirical mitochondrial amino acid substitution model for evolutionary studies of Orthoptera insects,2020,article,true,gold,https://bmcecolevol.biomedcentral.com/track/pdf/10.1186/s12862-020-01623-6,cc-by,PMC7236349,32429841,MED,Y,Y,Y,,https://www.ebi.ac.uk/europepmc/webservices/rest/article/PMC7236349/fullTextXML,pmc_xml
https://openalex.org/W3094025671,10.1016/j.ympev.2020.106995,"Molecular phylogeny and trait evolution in an ancient terrestrial arthropod lineage: Systematic revision and implications for ecological divergence (Collembola, Tomocerinae)",2020,article,false,closed,,,,33164871,MED,N,N,N,,,paywalled
https://openalex.org/W3096114580,10.1016/j.jcz.2020.10.008,A phantom on the trees: Integrative taxonomy supports a reappraisal of rear-fanged snakes classification (Dipsadidae: Philodryadini),2020,article,false,closed,,,,,,,,,,,paywalled
https://openalex.org/W3105818979,10.1111/syen.12459,"Phylogenetics, historical biogeography and molecular species delimitation of <i>Gnaptorina</i> Reitter (Coleoptera: Tenebrionidae: Blaptini)",2020,article,false,closed,,,,,AGR,N,N,N,,,paywalled
https://openalex.org/W3107893311,10.1038/s41598-020-77279-5,"Genetic origins and diversity of bushpigs from Madagascar (Potamochoerus larvatus, family Suidae)",2020,article,true,gold,https://www.nature.com/articles/s41598-020-77279-5.pdf,cc-by,PMC7693328,33244111,MED,Y,Y,Y,,https://www.ebi.ac.uk/europepmc/webservices/rest/article/PMC7693328/fullTextXML,pmc_xml
https://openalex.org/W3169909792,10.1655/herpetologica-d-20-00031,Notes on the Hyperossified Pumpkin Toadlets of the Genus Brachycephalus (Anura: Brachycephalidae) with the Description of a New Species,2021,article,true,green,http://hdl.handle.net/11449/228974,,,,,,,,,,oa_pdf
https://openalex.org/W3186088326,10.1099/ijsem.0.004888,"‘Candidatus Xiphinematincola pachtaicus' gen. nov., sp. nov., an endosymbiotic bacterium associated with nematode species of the genus Xiphinema (Nematoda, Longidoridae)",2021,article,true,hybrid,https://doi.org/10.1099/ijsem.0.004888,cc-by,PMC8489844,34287117,MED,Y,Y,Y,,https://www.ebi.ac.uk/europepmc/webservices/rest/article/PMC8489844/fullTextXML,pmc_xml
https://openalex.org/W3197430258,10.1111/eva.13295,Phylogenetic diversity and conservation of crop wild relatives in Colombia,2021,article,true,gold,https://doi.org/10.1111/eva.13295,cc-by,PMC8591330,34815742,MED,Y,Y,Y,,https://www.ebi.ac.uk/europepmc/webservices/rest/article/PMC8591330/fullTextXML,pmc_xml
https://openalex.org/W3201224534,10.1111/ddi.13405,Historical biogeography of the Gondwanan freshwater genus <i>Boeckella</i> (Crustacea): Timing and modes of speciation in the Southern Hemisphere,2021,article,true,gold,https://onlinelibrary.wiley.com/doi/pdfdirect/10.1111/ddi.13405,cc-by,,,,,,,,,oa_pdf
https://openalex.org/W3212394965,10.3897/mycokeys.84.71905,Two novel species and two new records of Distoseptispora from freshwater habitats in China and Thailand,2021,article,true,gold,https://doi.org/10.3897/mycokeys.84.71905,cc-by,PMC8592981,34790026,MED,Y,Y,Y,,https://www.ebi.ac.uk/europepmc/webservices/rest/article/PMC8592981/fullTextXML,pmc_xml
https://openalex.org/W3214261897,10.3390/jof7110940,Insights on Lulworthiales Inhabiting the Mediterranean Sea and Description of Three Novel Species of the Genus Paralulworthia,2021,article,true,gold,https://www.mdpi.com/2309-608X/7/11/940/pdf?version=1636200196,cc-by,PMC8623521,34829227,MED,Y,Y,Y,,https://www.ebi.ac.uk/europepmc/webservices/rest/article/PMC8623521/fullTextXML,pmc_xml
https://openalex.org/W4224244502,10.1016/j.ympev.2022.107484,Evolution of andrenine bees reveals a long and complex history of faunal interchanges through the Americas during the Mesozoic and Cenozoic,2022,article,false,closed,,,,35452842,MED,N,N,N,,,paywalled
https://openalex.org/W4241475666,10.3114/fuse.2019.03.10,Revisiting <i>Salisapiliaceae</i>,2019,article,true,green,https://www.ncbi.nlm.nih.gov/pmc/articles/7252517,,PMC7252517,32478314,MED,Y,Y,Y,,https://www.ebi.ac.uk/europepmc/webservices/rest/article/PMC7252517/fullTextXML,pmc_xml
https://openalex.org/W4293758582,10.3390/jof8090905,Diversity of Ascomycota in Jilin: Introducing Novel Woody Litter Taxa in Cucurbitariaceae,2022,article,true,gold,https://www.mdpi.com/2309-608X/8/9/905/pdf?version=1661494507,cc-by,PMC9501381,36135630,MED,Y,Y,Y,,https://www.ebi.ac.uk/europepmc/webservices/rest/article/PMC9501381/fullTextXML,pmc_xml
https://openalex.org/W4301398120,10.3389/fmicb.2022.950773,"Multigene phylogeny, phylogenetic network, and morphological characterizations reveal four new arthropod-associated Simplicillium species and their evolutional relationship",2022,article,true,gold,https://doi.org/10.3389/fmicb.2022.950773,cc-by,PMC9578668,36267186,MED,Y,Y,Y,,https://www.ebi.ac.uk/europepmc/webservices/rest/article/PMC9578668/fullTextXML,pmc_xml
https://openalex.org/W2610984711,10.1186/s12862-017-0954-7,Phenotypic disparity in Iberian short-horned grasshoppers (Acrididae): the role of ecology and phylogeny,2017,article,true,gold,https://bmcevolbiol.biomedcentral.com/track/pdf/10.1186/s12862-017-0954-7,cc-by,PMC5418863,28472922,MED,Y,Y,Y,,https://www.ebi.ac.uk/europepmc/webservices/rest/article/PMC5418863/fullTextXML,pmc_xml
https://openalex.org/W2765675267,10.1371/journal.pone.0187104,"Plastid and mitochondrial genomes of Coccophora langsdorfii (Fucales, Phaeophyceae) and the utility of molecular markers",2017,article,true,gold,https://journals.plos.org/plosone/article/file?id=10.1371/journal.pone.0187104&type=printable,cc-by,PMC5695614,29095864,MED,Y,Y,Y,,https://www.ebi.ac.uk/europepmc/webservices/rest/article/PMC5695614/fullTextXML,pmc_xml
https://openalex.org/W2911839360,10.1093/biolinnean/bly183,"Endemic, endangered and evolutionarily significant: cryptic lineages in Seychelles’ frogs (Anura: Sooglossidae)",2018,article,true,green,https://kar.kent.ac.uk/71727/1/Labisko_et_al_Cryptic_diversity_in_the_Sooglossidae_BJLS_2018_FINAL_SUBMITTED_VERSION.pdf,,,,,,,,,,oa_pdf
https://openalex.org/W2938040319,10.1002/ece3.5120,Protoconch enlargement in Western Atlantic turritelline gastropod species following the closure of the Central American Seaway,2019,article,true,gold,https://onlinelibrary.wiley.com/doi/pdfdirect/10.1002/ece3.5120,cc-by,PMC6509377,31110681,MED,Y,Y,Y,,https://www.ebi.ac.uk/europepmc/webservices/rest/article/PMC6509377/fullTextXML,pmc_xml
https://openalex.org/W2938642075,10.3897/zookeys.839.28312,"Multilocus genetic and morphological phylogenetic analysis reveals a radiation of shiny South Asian jumping spiders (Araneae, Salticidae)",2019,article,true,gold,https://doi.org/10.3897/zookeys.839.28312,cc-by,PMC6482596,31065224,MED,Y,Y,Y,,https://www.ebi.ac.uk/europepmc/webservices/rest/article/PMC6482596/fullTextXML,pmc_xml
https://openalex.org/W2953746748,10.1007/s10658-019-01787-y,"Peronospora aquilegiicola sp. nov., the downy mildew affecting columbines in the UK is an invasive species from East Asia",2019,article,false,closed,,,,,AGR,N,N,N,,,paywalled
https://openalex.org/W2964943708,10.1002/tax.12061,"Island biogeography of the Macaronesian <i>Gesnouinia</i> and Mediterranean <i>Soleirolia</i> (Parietarieae, Urticaceae) with implications for the evolution of insular woodiness",2019,article,false,closed,,,,,,,,,,,paywalled
https://openalex.org/W2968780321,10.1016/j.ibmb.2019.103208,Description of soybean aphid (Aphis glycines Matsumura) mitochondrial genome and comparative mitogenomics of Aphididae (Hemiptera: Sternorrhyncha),2019,article,false,closed,,,,31422150,MED,N,N,N,,,paywalled
https://openalex.org/W2978943574,10.7717/peerj.7853,"Complete mitochondrial genome sequence of <i>Labriocimbex sinicus</i> , a new genus and new species of Cimbicidae (Hymenoptera) from China",2019,article,true,gold,https://doi.org/10.7717/peerj.7853,cc-by,PMC6786251,31608181,MED,Y,Y,Y,,https://www.ebi.ac.uk/europepmc/webservices/rest/article/PMC6786251/fullTextXML,pmc_xml
https://openalex.org/W2979297488,10.1007/s10592-019-01227-8,"Molecular and morphological evidence for hybrid origin and matroclinal inheritance of an endangered wild rose, Rosa  × pseudobanksiae (Rosaceae) from China",2019,article,false,closed,,,,,AGR,N,N,N,,,paywalled
https://openalex.org/W3017354603,10.1371/journal.pone.0207833,"Phylogeny, host use, and diversification in the moth family Momphidae (Lepidoptera: Gelechioidea)",2019,article,true,gold,https://doi.org/10.1371/journal.pone.0207833,cc-by,PMC6553701,31170152,MED,Y,Y,Y,,https://www.ebi.ac.uk/europepmc/webservices/rest/article/PMC6553701/fullTextXML,pmc_xml
https://openalex.org/W3028617002,10.3897/zse.96.50821,"Small is beautiful: the first phylogenetic analysis of Bryodelphax Thulin, 1928 (Heterotardigrada, Echiniscidae)",2020,article,true,gold,https://zse.pensoft.net/article/50821/download/pdf/,cc-by,,,,,,,,,oa_pdf
https://openalex.org/W3033040875,10.1038/s41598-020-66287-0,Can Mitogenomes of the Northern Wheatear (Oenanthe oenanthe) Reconstruct Its Phylogeography and Reveal the Origin of Migrant Birds?,2020,article,true,gold,https://www.nature.com/articles/s41598-020-66287-0.pdf,cc-by,PMC7283232,32518318,MED,Y,Y,Y,,https://www.ebi.ac.uk/europepmc/webservices/rest/article/PMC7283232/fullTextXML,pmc_xml
https://openalex.org/W3087399544,10.1016/j.dsr.2020.103401,Molecular phylogenetic and morphological analyses of the ‘monospecific’ Hesiolyra (Annelida: Hesionidae) reveal two new species,2020,article,false,closed,,,,,,,,,,,paywalled
https://openalex.org/W3111879297,10.3389/fmicb.2020.591453,"The 287,403 bp Mitochondrial Genome of Ectomycorrhizal Fungus Tuber calosporum Reveals Intron Expansion, tRNA Loss, and Gene Rearrangement",2020,article,true,gold,https://www.frontiersin.org/articles/10.3389/fmicb.2020.591453/pdf,cc-by,PMC7756005,33362740,MED,Y,Y,Y,,https://www.ebi.ac.uk/europepmc/webservices/rest/article/PMC7756005/fullTextXML,pmc_xml
https://openalex.org/W3133983318,10.1111/jzs.12453,Systematic review of the polychromatic ground snakes<i>Atractus snethlageae</i>complex reveals four new species from threatened environments,2021,article,false,closed,,,,,,,,,,,paywalled
https://openalex.org/W3135157289,10.1111/jpy.13161,"DNA sequencing of type material and newly collected specimens reveals two heterotypic synonyms for <i>Harveylithon munitum</i> (Metagoniolithoideae, Corallinales, Rhodophyta) and three new species",2021,article,false,closed,,,,33660865,MED,N,N,N,,,paywalled
https://openalex.org/W3158521510,10.3897/mycokeys.79.66302,A new clitocyboid genus Spodocybe and a new subfamily Cuphophylloideae in the family Hygrophoraceae (Agaricales),2021,article,true,gold,https://doi.org/10.3897/mycokeys.79.66302,cc-by,PMC8093184,33958952,MED,Y,Y,Y,,https://www.ebi.ac.uk/europepmc/webservices/rest/article/PMC8093184/fullTextXML,pmc_xml
https://openalex.org/W3173704350,10.1094/pdis-02-21-0289-re,Diversity of Botryosphaeriaceae Species Associated with Chinese Hickory Tree (<i>Carya cathayensis</i>) Trunk Cankers,2021,article,false,closed,,,,34213972,MED,N,N,N,,,paywalled
https://openalex.org/W3202165430,10.7717/peerj.11682,"Phylogenetic relationships of the genus <i>Mischonyx</i> Bertkau, 1880, with taxonomic changes and three new species description (Opiliones: Gonyleptidae)",2021,article,true,gold,https://doi.org/10.7717/peerj.11682,cc-by,PMC8485841,34692238,MED,Y,Y,Y,,https://www.ebi.ac.uk/europepmc/webservices/rest/article/PMC8485841/fullTextXML,pmc_xml
https://openalex.org/W4362520794,10.6620/zs.2022.61-85,An Integrative Description of Two New <i>Mesobiotus</i> Species (Tardigrada: Eutardigrada: Macrobiotidae) with Updated Genus Phylogeny.,2022,article,true,green,https://pmc.ncbi.nlm.nih.gov/articles/PMC10061300/pdf/zoolstud-61-085.pdf,,PMC10061300,37007812,MED,Y,N,Y,,,oa_pdf
https://openalex.org/W2052713879,10.1080/14772000.2014.992378,"Morphological and molecular evidence supports recognition of<i>Danaus petilia</i>(Stoll, 1790) (Lepidoptera: Nymphalidae) as a species distinct from<i>D. chrysippus</i>(Linnaeus, 1758)",2015,article,false,closed,,,,,,,,,,,paywalled
https://openalex.org/W2160742354,10.1111/ddi.12364,Using molecular tools to guide management of invasive alien species: assessing the genetic impact of a recently introduced island bird population,2015,article,true,hybrid,https://onlinelibrary.wiley.com/doi/pdfdirect/10.1111/ddi.12364,cc-by-nc-nd,,,,,,,,,oa_pdf
https://openalex.org/W2511846616,10.1080/23802359.2016.1219638,"The status of <i>Bactrocera invadens</i> Drew, Tsuruta &amp; White (Diptera: tephritidae) inferred from complete mitochondrial genome analysis",2016,article,true,diamond,https://www.tandfonline.com/doi/pdf/10.1080/23802359.2016.1219638?needAccess=true,cc-by,PMC7800549,33473596,MED,Y,Y,Y,,https://www.ebi.ac.uk/europepmc/webservices/rest/article/PMC7800549/fullTextXML,pmc_xml
https://openalex.org/W2745593383,10.1371/journal.pone.0181413,Sexual reproduction in plagiogrammacean diatoms: First insights into the early pennates,2017,article,true,gold,https://journals.plos.org/plosone/article/file?id=10.1371/journal.pone.0181413&type=printable,cc-by,PMC5558960,28813426,MED,Y,Y,Y,,https://www.ebi.ac.uk/europepmc/webservices/rest/article/PMC5558960/fullTextXML,pmc_xml
https://openalex.org/W2884016234,10.1111/zsc.12291,"Phylogeny and morphological evolution of the so‐called bougainvilliids (Hydrozoa, Hydroidolina)",2018,article,true,green,https://repository.library.noaa.gov/view/noaa/54077/noaa_54077_DS1.pdf,,,,,,,,,,oa_pdf
https://openalex.org/W2888816233,10.5598/imafungus.2018.09.02.03,"A revision of Salispina, its placement in a new family, Salispinaceae (Rhipidiales), and description of a fourth species, S. hoi sp. nov",2018,article,true,gold,https://imafungus.biomedcentral.com/track/pdf/10.5598/imafungus.2018.09.02.03,cc-by,PMC6317584,30622882,MED,Y,Y,Y,,https://www.ebi.ac.uk/europepmc/webservices/rest/article/PMC6317584/fullTextXML,pmc_xml
https://openalex.org/W2914386429,10.1111/jzs.12262,"Higher‐level phylogenetic affinities of the Neotropical genus<i>Mastigodryas</i>Amaral, 1934 (Serpentes: Colubridae), species‐group definition and description of a new genus for<i>Mastigodryas bifossatus</i>",2019,article,false,closed,,,,,,,,,,,paywalled
https://openalex.org/W2951102854,10.1016/j.ympev.2018.12.012,Enlarged and highly repetitive plastome of Lagarostrobos and plastid phylogenomics of Podocarpaceae,2018,article,false,closed,,,,30553879,MED,N,N,N,,,paywalled
https://openalex.org/W2955587068,10.3390/f10070528,Complete Chloroplast Genome of Fokienia hodginsii (Dunn) Henry et Thomas: Insights into Repeat Regions Variation and Phylogenetic Relationships in Cupressophyta,2019,article,true,gold,https://www.mdpi.com/1999-4907/10/7/528/pdf?version=1561537193,cc-by,,,,,,,,,oa_pdf
https://openalex.org/W2960430047,10.11646/phytotaxa.409.4.5,"Akanthomyces araneicola, a new araneogenous species from Southwest China",2019,article,false,closed,,,,,,,,,,,paywalled
https://openalex.org/W2966130706,10.1111/efp.12542,<i>Fusarium</i> species in declining wild apple forests on the northern slope of the Tian Shan Mountains in north‐western China,2019,article,false,closed,,,,,,,,,,,paywalled
https://openalex.org/W2968808810,10.1016/j.ijbiomac.2019.08.076,The first two complete mitochondrial genome of Dacus bivittatus and Dacus ciliatus (Diptera: Tephritidae) by next-generation sequencing and implications for the higher phylogeny of Tephritidae,2019,article,false,closed,,,,31404599,MED,N,N,N,,,paywalled
https://openalex.org/W2970973003,10.1111/syen.12288,"Molecular phylogeny of moth flies ( <scp>D</scp> iptera, <scp>P</scp> sychodidae, <scp>P</scp> sychodinae) revisited, with a revised tribal classification",2018,article,false,closed,,,,,AGR,N,N,N,,,paywalled
https://openalex.org/W2980305143,10.7717/peerj.7869,"A new frog of the <i>Leptodactylus fuscus</i> species group (Anura: Leptodactylidae), endemic from the South American Gran Chaco",2019,article,true,gold,https://doi.org/10.7717/peerj.7869,cc-by,PMC6791353,31616603,MED,Y,Y,Y,,https://www.ebi.ac.uk/europepmc/webservices/rest/article/PMC6791353/fullTextXML,pmc_xml
https://openalex.org/W3006962485,10.1098/rspb.2019.3005,Extensive <i>in situ</i> radiation of feather lice on tinamous,2020,article,true,green,https://www.ncbi.nlm.nih.gov/pmc/articles/7062024,,PMC7062024,32070251,MED,Y,N,Y,,,oa_pdf
https://openalex.org/W3030931479,10.1111/syen.12435,A phylogenomic tree inferred with an inexpensive <scp>PCR</scp> ‐generated probe kit resolves higher‐level relationships among <i>Neptis</i> butterflies (Nymphalidae: Limenitidinae),2020,article,false,closed,,,,,,,,,,,paywalled
https://openalex.org/W3042004373,10.1111/avsc.12514,Environmental filtering and spatial processes shape the beta diversity of liana communities in a valley savanna in southwest China,2020,article,false,closed,,,,,AGR,N,N,N,,,paywalled
https://openalex.org/W3081156052,10.1111/syen.12452,Origin and spatio‐temporal diversification of a fishfly lineage endemic to the islands of East Asia (Megaloptera: Corydalidae),2020,article,false,closed,,,,,AGR,N,N,N,,,paywalled
https://openalex.org/W3092312771,10.3390/plants9101332,"Chloroplast Genome Analysis of Two Medicinal Coelogyne spp. (Orchidaceae) Shed Light on the Genetic Information, Comparative Genomics, and Species Identification",2020,article,true,gold,https://www.mdpi.com/2223-7747/9/10/1332/pdf?version=1602482385,cc-by,PMC7601144,33050285,MED,Y,Y,Y,,https://www.ebi.ac.uk/europepmc/webservices/rest/article/PMC7601144/fullTextXML,pmc_xml
https://openalex.org/W3095004510,10.1111/cla.12431,"Phylogeny of Lithobiidae Newport, 1844, with emphasis on the megadiverse genus <i>Lithobius</i> Leach, 1814 (Myriapoda, Chilopoda)",2020,article,true,hybrid,https://onlinelibrary.wiley.com/doi/pdfdirect/10.1111/cla.12431,cc-by-nc-nd,,34478186,MED,N,N,N,,,oa_pdf
https://openalex.org/W3100215452,10.1093/zoolinnean/zlaa100,Morphological and molecular phylogeny of<i>Epiperipatus</i>(Onychophora: Peripatidae): a combined approach,2020,article,false,closed,,,,,,,,,,,paywalled
https://openalex.org/W3109367316,10.1016/j.foodcont.2020.107807,First molecular detection of the parasites Molicola uncinatus and Hepatoxylon trichiuri (Cestoda: Trypanorhyncha) infecting the silver scabbardfish Lepidopus caudatus from the Central Mediterranean Sea: Implications for the seafood quality and safety,2020,article,true,green,https://hdl.handle.net/11250/2730288,,,,,,,,,,oa_pdf
https://openalex.org/W3155752892,10.1080/00222933.2020.1869335,Phylogenetic relationships and systematics of the jumping spider genus<i>Colopsus</i>with the description of eight new species from Sri Lanka (Araneae: Salticidae),2020,article,true,green,https://zenodo.org/record/5405241,,,,,,,,,,oa_pdf
https://openalex.org/W3156517348,10.3390/microorganisms9040812,A Novel Marine Pathogen Isolated from Wild Cunners (Tautogolabrus adspersus): Comparative Genomics and Transcriptome Profiling of Pseudomonas sp. Strain J380,2021,article,true,gold,https://www.mdpi.com/2076-2607/9/4/812/pdf?version=1618804709,cc-by,PMC8069873,33921528,MED,Y,Y,Y,,https://www.ebi.ac.uk/europepmc/webservices/rest/article/PMC8069873/fullTextXML,pmc_xml
https://openalex.org/W3164178697,10.3389/fmars.2021.669918,Out of the Pacific: A New Alvinellid Worm (Annelida: Terebellida) From the Northern Indian Ocean Hydrothermal Vents,2021,article,true,gold,https://doi.org/10.3389/fmars.2021.669918,cc-by,,,,,,,,,oa_pdf
https://openalex.org/W3170569194,10.3390/app11125452,Corollospora mediterranea: A Novel Species Complex in the Mediterranean Sea,2021,article,true,gold,https://www.mdpi.com/2076-3417/11/12/5452/pdf?version=1623735994,cc-by,,,,,,,,,oa_pdf
https://openalex.org/W3208033254,10.1016/j.csbj.2021.11.002,Mitogenome-wide comparison and phylogeny reveal group I intron dynamics and intraspecific diversification within the phytopathogen <i>Corynespora cassiicola</i>,2021,article,true,gold,https://doi.org/10.1016/j.csbj.2021.11.002,cc-by-nc-nd,PMC8598970,34849203,MED,Y,Y,Y,,https://www.ebi.ac.uk/europepmc/webservices/rest/article/PMC8598970/fullTextXML,pmc_xml
https://openalex.org/W4288042126,10.3897/mycokeys.91.87841,Cladosporium spp. (Cladosporiaceae) isolated from Eucommia ulmoides in China,2022,article,true,gold,https://doi.org/10.3897/mycokeys.91.87841,cc-by,PMC9849062,36760889,MED,Y,Y,Y,,https://www.ebi.ac.uk/europepmc/webservices/rest/article/PMC9849062/fullTextXML,pmc_xml
https://openalex.org/W2152341533,10.11646/zootaxa.3916.1.1,A revision of the New World species of Cremnops Förster (Hymenoptera: Braconidae: Agathidinae),2015,article,true,green,https://zenodo.org/record/15482,,,25662357,MED,N,N,N,,,oa_pdf
https://openalex.org/W2578134767,10.3897/bdj.5.e10824,"Salix transect of Europe: structured genetic variation and isolation-by-distance in the nettle psyllid, Trioza urticae (Psylloidea, Hemiptera), from Greece to Arctic Norway",2017,article,true,gold,https://bdj.pensoft.net/article/10824/download/pdf/,cc-by,PMC5345029,28325977,MED,Y,Y,Y,,https://www.ebi.ac.uk/europepmc/webservices/rest/article/PMC5345029/fullTextXML,pmc_xml
https://openalex.org/W2591626690,10.1371/journal.pone.0172352,"Phylogeny and chromosomal diversification in the Dichroplus elongatus species group (Orthoptera, Melanoplinae)",2017,article,true,gold,https://journals.plos.org/plosone/article/file?id=10.1371/journal.pone.0172352&type=printable,cc-by,PMC5330476,28245223,MED,Y,Y,Y,,https://www.ebi.ac.uk/europepmc/webservices/rest/article/PMC5330476/fullTextXML,pmc_xml
https://openalex.org/W2615741401,10.1093/jpe/rtx034,Discovery of androecium color polymorphism in Epimedium pubescens with habitat preference of anther/pollen color in the genus,2017,article,true,bronze,https://academic.oup.com/jpe/article-pdf/11/4/533/24595462/rtx034.pdf,,,,,,,,,,oa_pdf
https://openalex.org/W2752898155,10.1094/pdis-06-17-0842-re,"A Destructive Leaf Spot and Blight Caused by<i>Alternaria kareliniae</i>sp. nov. on a Sand-Stabilizing Plant, Caspian Sea Karelinia",2017,article,true,bronze,https://apsjournals.apsnet.org/doi/pdf/10.1094/PDIS-06-17-0842-RE,,,30673470,MED,N,N,N,,,oa_pdf
https://openalex.org/W2805177471,10.1111/syen.12287,Evolutionary history of the complex polymorphic dobsonfly genus <i>Neoneuromus</i> (Megaloptera: Corydalidae),2018,article,false,closed,,,,,AGR,N,N,N,,,paywalled
https://openalex.org/W2885344518,10.1111/zsc.12311,"Molecular phylogeny and historical biogeography of genera<i>Eristicophis</i>and<i>Pseudocerastes</i>(Ophidia, Viperidae)",2018,article,false,closed,,,,,,,,,,,paywalled
https://openalex.org/W2927273192,10.1163/18759866-20191355,"The stoloniferous octocoral, Hanabira yukibana, gen. nov., sp. nov., of the southern Ryukyus has morphological and symbiont variation",2019,article,true,gold,https://brill.com/downloadpdf/journals/ctoz/88/1/article-p54_54.pdf,cc-by,,,,,,,,,oa_pdf
https://openalex.org/W2929985036,10.3390/insects10040091,Effects of Different Pretreatments of DNA Extraction from Dried Specimens of Ladybird Beetles (Coleoptera: Coccinellidae),2019,article,true,gold,https://www.mdpi.com/2075-4450/10/4/91/pdf?version=1553856127,cc-by,PMC6523959,30934910,MED,Y,Y,Y,,https://www.ebi.ac.uk/europepmc/webservices/rest/article/PMC6523959/fullTextXML,pmc_xml
https://openalex.org/W2952105066,10.1016/j.ympev.2019.106537,On the origin of the New World Pyrgomorphidae (Insecta: Orthoptera),2019,article,false,closed,,,,31212082,MED,N,N,N,,,paywalled
https://openalex.org/W2971778672,10.1093/isd/ixz012,A Tale of Two Setae: How Morphology and ITS2 Help Delimit a Cryptic Species Complex in Eulophidae (Hymenoptera: Chalcidoidea),2019,article,true,green,https://zenodo.org/record/7168232,,,,,,,,,,oa_pdf
https://openalex.org/W2987773092,10.1093/isd/ixz020,Deep Instability in the Phylogenetic Backbone of Heteroptera is Only Partly Overcome by Transcriptome-Based Phylogenomics,2019,article,true,green,https://zenodo.org/record/7168130,,,,,,,,,,oa_pdf
https://openalex.org/W3025849211,10.1007/s10531-020-01986-8,Species IUCN threat status level increases with elevation: a phylogenetic approach for Neotropical tree frog conservation,2020,article,false,closed,,,,,AGR,N,N,N,,,paywalled
https://openalex.org/W3027907173,10.1007/s11557-020-01585-5,"Sarocladium graminicola, a new endophytic species from tropical grasses",2020,article,false,closed,,,,,,,,,,,paywalled
https://openalex.org/W3081227739,10.7717/peerj.9515,A new genus <i>Vittaliana</i> belonging to the tribe Opsiini (Hemiptera: Cicadellidae) from India and its molecular phylogeny,2020,article,true,gold,https://doi.org/10.7717/peerj.9515,cc-by,PMC7456527,32913670,MED,Y,Y,Y,,https://www.ebi.ac.uk/europepmc/webservices/rest/article/PMC7456527/fullTextXML,pmc_xml
https://openalex.org/W3113428808,10.1080/00275514.2020.1816781,"<i>Phlebopus roseus</i>, a new edible bolete from China, is associated with insects and plants",2020,article,true,green,https://figshare.com/articles/dataset/_i_Phlebopus_roseus_i_a_new_edible_bolete_from_China_is_associated_with_insects_and_plants/13420718,,,33337985,MED,N,N,N,,,oa_pdf
https://openalex.org/W3116934421,10.1111/cla.12447,Total evidence and sensitivity phylogenetic analyses of egg‐brooding frogs (Anura: Hemiphractidae),2020,article,true,green,https://hdl.handle.net/10923/20516,,,34478194,MED,N,N,N,,,oa_pdf
https://openalex.org/W4220794171,10.1016/j.ympev.2022.107464,Gone with Gondwana: Amphipod diversification in freshwaters followed the breakup of the supercontinent,2022,article,false,closed,,,,35358695,MED,N,N,N,,,paywalled
https://openalex.org/W4220985169,10.1111/ppa.13552,Prevalence of <i>Berkeleyomyces basicola</i> infections in black rot‐affected carrot determined using the <i>MCM7</i> gene region,2022,article,false,closed,,,,,,,,,,,paywalled
https://openalex.org/W4223435806,10.1093/femsec/fiac043,Phylogenetically diverse<i>Bradyrhizobium</i>genospecies nodulate Bambara groundnut (<i>Vigna subterranea</i>L. Verdc) and soybean (<i>Glycine max</i>L. Merril) in the northern savanna zones of Ghana,2022,article,true,hybrid,https://academic.oup.com/femsec/article-pdf/98/5/fiac043/45171354/fiac043.pdf,cc-by,PMC9329091,35404419,MED,Y,Y,Y,,https://www.ebi.ac.uk/europepmc/webservices/rest/article/PMC9329091/fullTextXML,pmc_xml
https://openalex.org/W4295269655,10.3897/bdj.10.e89982,The first complete mitochondrial genome in the family Attevidae (Atteva aurea) of the order Lepidoptera,2022,article,true,gold,https://bdj.pensoft.net/article/89982/download/pdf/,cc-by,PMC9848453,36761539,MED,Y,Y,Y,,https://www.ebi.ac.uk/europepmc/webservices/rest/article/PMC9848453/fullTextXML,pmc_xml
https://openalex.org/W4378527983,10.3390/biology12060780,Searching for a Home Port in a Polyvectic World: Molecular Analysis and Global Biogeography of the Marine Worm Polydora hoplura (Annelida: Spionidae),2023,article,true,gold,https://www.mdpi.com/2079-7737/12/6/780/pdf?version=1685188293,cc-by,PMC10295102,37372065,MED,Y,Y,Y,,https://www.ebi.ac.uk/europepmc/webservices/rest/article/PMC10295102/fullTextXML,pmc_xml
https://openalex.org/W153282506,10.33585/cmy.65106,"Multigene sequence-based identification of <i>Colletotrichum cymbidiicola</i>, <i>C. karstii</i> and <i>C. phyllanthi</i> from India.",2013,article,false,closed,,,,,,,,,,,paywalled
https://openalex.org/W2889789021,10.1071/is18018,"Phylogeny, evolution and systematic revision of the mite harvestman family Neogoveidae (Opiliones Cyphophthalmi)",2019,article,false,closed,,,,,,,,,,,paywalled
https://openalex.org/W2912433502,10.1111/jzs.12270,Ecological and phenotypic divergence in Iberian shrews (Soricidae),2019,article,false,closed,,,,,,,,,,,paywalled
https://openalex.org/W2921989993,10.3390/insects10030072,Morphological and Molecular Analysis of Australian Earwigs (Dermaptera) Points to Unique Species and Regional Endemism in the Anisolabididae Family,2019,article,true,gold,https://www.mdpi.com/2075-4450/10/3/72/pdf?version=1552565439,cc-by,PMC6468374,30875825,MED,Y,Y,Y,,https://www.ebi.ac.uk/europepmc/webservices/rest/article/PMC6468374/fullTextXML,pmc_xml
https://openalex.org/W2944164749,10.1016/j.ympev.2019.05.004,Historical biogeography of the fern genus Polystichum (Dryopteridaceae) in Austral South America,2019,article,true,green,http://hdl.handle.net/11336/118487,,,31077789,MED,N,N,N,,,oa_pdf
https://openalex.org/W2955591768,10.1016/j.ympev.2019.106545,Molecular phylogeny and historical biogeography of Parnara butterflies (Lepidoptera: Hesperiidae),2019,article,false,closed,,,,31254614,MED,N,N,N,,,paywalled
https://openalex.org/W2964738462,10.1186/s12862-019-1477-1,Phylogeographic analysis of the genus Platycephalus along the coastline of the northwestern Pacific inferred by mitochondrial DNA,2019,article,true,gold,https://bmcecolevol.biomedcentral.com/counter/pdf/10.1186/s12862-019-1477-1,cc-by,PMC6670200,31366328,MED,Y,Y,Y,,https://www.ebi.ac.uk/europepmc/webservices/rest/article/PMC6670200/fullTextXML,pmc_xml
https://openalex.org/W3006512869,10.1099/ijsem.0.004055,"Pseudomonas kirkiae sp. nov., a novel species isolated from oak in the United Kingdom, and phylogenetic considerations of the genera Pseudomonas, Azotobacter and Azomonas",2020,article,false,closed,,,,32068524,MED,N,N,N,,,paywalled
https://openalex.org/W3009195870,10.1080/11263504.2020.1739162,"Phylogenetic relationships, biogeography and taxonomic delimitation of <i>Astragalus</i> sect. <i>Acanthophace</i> (Fabaceae) using cpDNA and nrDNA ITS sequences analyses",2020,article,false,closed,,,,,,,,,,,paywalled
https://openalex.org/W3025142115,10.1098/rsos.200092,Taxonomy of Micronesian monitors (Reptilia: Squamata: <i>Varanus</i> ): endemic status of new species argues for caution in pursuing eradication plans,2020,article,true,gold,https://doi.org/10.1098/rsos.200092,cc-by,PMC7277287,32537217,MED,Y,Y,Y,,https://www.ebi.ac.uk/europepmc/webservices/rest/article/PMC7277287/fullTextXML,pmc_xml
https://openalex.org/W3028357642,10.1111/syen.12434,"Molecular systematics reveals the origins of subsociality in tortoise beetles (Coleoptera, Chrysomelidae, Cassidinae)",2020,article,false,closed,,,,,AGR,N,N,N,,,paywalled
https://openalex.org/W3126314950,10.1080/00275514.2020.1852808,Four new species of <i>Agaricus</i> subgenus <i>Spissicaules</i> from China,2021,article,false,closed,,,,33566752,MED,N,N,N,,,paywalled
https://openalex.org/W3136039135,10.1071/is20061,"Evaluation of the taxonomic position of the genus Carinina (Nemertea : Palaeonemertea), with descriptions of two new species",2021,article,false,closed,,,,,,,,,,,paywalled
https://openalex.org/W3157239214,10.3389/fmicb.2021.654380,Biogeography and Ecology of Magnaporthales: A Case Study,2021,article,true,gold,https://doi.org/10.3389/fmicb.2021.654380,cc-by,PMC8134742,34025609,MED,Y,Y,Y,,https://www.ebi.ac.uk/europepmc/webservices/rest/article/PMC8134742/fullTextXML,pmc_xml
https://openalex.org/W3157497879,10.3897/mycokeys.80.66794,"Multi-gene phylogenetic evidence indicates that Pleurodesmospora belongs in Cordycipitaceae (Hypocreales, Hypocreomycetidae) and Pleurodesmospora lepidopterorum sp. nov. on pupa from China",2021,article,true,gold,https://doi.org/10.3897/mycokeys.80.66794,cc-by,PMC8124063,34035655,MED,Y,Y,Y,,https://www.ebi.ac.uk/europepmc/webservices/rest/article/PMC8124063/fullTextXML,pmc_xml
https://openalex.org/W3167460132,10.7717/peerj.11435,Molecular characterization and phylogenetic analyses of <i>Lophodermella</i> needle pathogens (Rhytismataceae) on <i>Pinus</i> species in the USA and Europe,2021,article,true,gold,https://doi.org/10.7717/peerj.11435,cc-by,PMC8199922,34178437,MED,Y,N,Y,,,oa_pdf
https://openalex.org/W3191703986,10.3897/mycokeys.81.68485,"Two new toxic yellow Inocybe species from China: morphological characteristics, phylogenetic analyses and toxin detection",2021,article,true,gold,https://doi.org/10.3897/mycokeys.81.68485,cc-by,PMC8355026,34385885,MED,Y,Y,Y,,https://www.ebi.ac.uk/europepmc/webservices/rest/article/PMC8355026/fullTextXML,pmc_xml
https://openalex.org/W3201991106,10.1080/14772000.2021.1946618,The Atlantic connection: coastal habitat favoured long distance dispersal and colonization of Azores and Madeira by <i>Dysdera</i> spiders (Araneae: Dysderidae),2021,article,false,closed,,,,,,,,,,,paywalled
https://openalex.org/W4200282608,10.3897/zookeys.1075.67459,"Bringing order to a complex system: phenotypic and genotypic evidence contribute to the taxonomy of Tityus (Scorpiones, Buthidae) and support the description of a new species",2021,article,true,gold,https://doi.org/10.3897/zookeys.1075.67459,cc-by,PMC8671714,35046751,MED,Y,Y,Y,,https://www.ebi.ac.uk/europepmc/webservices/rest/article/PMC8671714/fullTextXML,pmc_xml
https://openalex.org/W4221129873,10.1007/s10528-022-10213-8,Comparative Mitogenome Analysis of Gerbils and the Mitogenome Phylogeny of Gerbillinae (Rodentia: Muridae),2022,article,true,green,http://ir.lzu.edu.cn/handle/262010/476183,,,35314913,MED,N,N,N,,,oa_pdf
https://openalex.org/W4225884808,10.1007/s11557-022-01784-2,"Saprolegnia atlantica sp. nov. (Oomycota, Saprolegniaceae) from Brazil, and new synonymizations and epitypifications in the genus Saprolegnia",2022,article,false,closed,,,,,,,,,,,paywalled
https://openalex.org/W4296112580,10.1111/jbi.14476,Phylogeographical breaks and limited connectivity among multiple refugia in a <scp>pan‐Antarctic</scp> moss species,2022,article,false,closed,,,,,,,,,,,paywalled
https://openalex.org/W4306652548,10.3390/genes13101881,"Complete Mitochondrial Genomes and Phylogenetic Positions of Two Longicorn Beetles, Anoplophora glabripennis and Demonax pseudonotabilis (Coleoptera: Cerambycidae)",2022,article,true,gold,https://www.mdpi.com/2073-4425/13/10/1881/pdf?version=1666000192,cc-by,PMC9601424,36292766,MED,Y,Y,Y,,https://www.ebi.ac.uk/europepmc/webservices/rest/article/PMC9601424/fullTextXML,pmc_xml
https://openalex.org/W4313427496,10.3390/ijms24010694,Revisiting the Phylogenetic Relationship and Evolution of Gargarini with Mitochondrial Genome (Hemiptera: Membracidae: Centrotinae),2022,article,true,gold,https://www.mdpi.com/1422-0067/24/1/694/pdf?version=1672805074,cc-by,PMC9821036,36614137,MED,Y,Y,Y,,https://www.ebi.ac.uk/europepmc/webservices/rest/article/PMC9821036/fullTextXML,pmc_xml
https://openalex.org/W4318477697,10.3390/genes14020342,Characterizing the Complete Mitochondrial Genomes of Three Bugs (Hemiptera: Heteroptera) Harming Bamboo,2023,article,true,gold,https://www.mdpi.com/2073-4425/14/2/342/pdf?version=1674909179,cc-by,PMC9956975,36833269,MED,Y,Y,Y,,https://www.ebi.ac.uk/europepmc/webservices/rest/article/PMC9956975/fullTextXML,pmc_xml
https://openalex.org/W2883045635,10.1371/journal.pone.0200372,Phylogenetic approaches resolve taxonomical confusion in Pedicularis (Orobanchaceae): Reinstatement of Pedicularis delavayi and discovering a new species Pedicularis milliana,2018,article,true,gold,https://journals.plos.org/plosone/article/file?id=10.1371/journal.pone.0200372&type=printable,cc-by,PMC6059426,30044806,MED,Y,Y,Y,,https://www.ebi.ac.uk/europepmc/webservices/rest/article/PMC6059426/fullTextXML,pmc_xml
https://openalex.org/W2894628379,10.1093/isd/ixy007,"Molecular Phylogeny of the Ant-Decapitating Flies, Genus Apocephalus Coquillett (Diptera: Phoridae)",2018,article,true,bronze,https://academic.oup.com/isd/article-pdf/2/4/2/25122243/ixy007.pdf,,,,,,,,,,oa_pdf
https://openalex.org/W2910529404,10.1080/01647954.2018.1539121,The complete mitochondrial genome of<i>Blattisocius keegani</i>Fox (Acari: Mesostigmata) and the related phylogenetic analyses,2019,article,false,closed,,,,,,,,,,,paywalled
https://openalex.org/W2926666427,10.1080/23802359.2019.1591192,Complete plastid genome of<i>Apostasia shenzhenica</i>(Orchidaceae),2019,article,true,diamond,https://www.tandfonline.com/doi/pdf/10.1080/23802359.2019.1591192?needAccess=true,cc-by,,,,,,,,,oa_pdf
https://openalex.org/W2972300422,10.1093/mollus/eyz020,Systematics of the subfamily Aclyvolvinae (Caenogastropoda: Ovulidae) based on molecular and morphometric analyses,2019,article,true,hybrid,https://academic.oup.com/mollus/article-pdf/85/3/336/30340916/eyz020.pdf,cc-by,,,,,,,,,oa_pdf
https://openalex.org/W3114629021,10.3897/jhr.80.59466,"The great greenbriers gall mystery resolved? New species of Aprostocetus Westwood (Hymenoptera, Eulophidae) gall inducer and two new parasitoids (Hymenoptera, Eurytomidae) associated with Smilax L. in southern Florida, USA",2020,article,true,gold,https://doi.org/10.3897/jhr.80.59466,cc-by,,,,,,,,,oa_pdf
https://openalex.org/W3201389574,10.1007/s10658-021-02383-9,Lasiodiplodia species diversity associated with coconut leaf blight and stem-end rot in Northeastern Brazil,2021,article,true,green,https://repository.lsu.edu/plantcrop_pubs/161,,,,AGR,N,N,N,,,oa_pdf
https://openalex.org/W3206107775,10.3390/jof7100880,Morphological and Phylogenetic Appraisal of Novel and Extant Taxa of Stictidaceae from Northern Thailand,2021,article,true,gold,https://www.mdpi.com/2309-608X/7/10/880/pdf?version=1634712189,cc-by,PMC8537192,34682300,MED,Y,Y,Y,,https://www.ebi.ac.uk/europepmc/webservices/rest/article/PMC8537192/fullTextXML,pmc_xml
https://openalex.org/W3210090554,10.3390/jof7110935,Antarctolichenia onofrii gen. nov. sp. nov. from Antarctic Endolithic Communities Untangles the Evolution of Rock-Inhabiting and Lichenized Fungi in Arthoniomycetes,2021,article,true,gold,https://www.mdpi.com/2309-608X/7/11/935/pdf?version=1635941380,cc-by,PMC8621061,34829222,MED,Y,Y,Y,,https://www.ebi.ac.uk/europepmc/webservices/rest/article/PMC8621061/fullTextXML,pmc_xml
https://openalex.org/W4200435507,10.1093/jisesa/ieab100,Structural Features and Phylogenetic Implications of Three New Mitochondrial Genomes of Blister Beetles (Coleoptera: Meloidae),2021,article,true,gold,https://academic.oup.com/jinsectscience/article-pdf/21/6/19/41758284/ieab100.pdf,cc-by-nc,PMC8670627,34905604,MED,Y,Y,Y,,https://www.ebi.ac.uk/europepmc/webservices/rest/article/PMC8670627/fullTextXML,pmc_xml
https://openalex.org/W4284709445,10.1163/1876312x-bja10033,Phylogeography of Pholidopterini: Revising molecular clock calibration by Mid-Aegean Trench,2022,article,false,closed,,,,,,,,,,,paywalled
https://openalex.org/W4308352539,10.3390/ani12213004,Next-Generation Sequencing of Four Mitochondrial Genomes of Dolichovespula (Hymenoptera: Vespidae) with a Phylogenetic Analysis and Divergence Time Estimation of Vespidae,2022,article,true,gold,https://www.mdpi.com/2076-2615/12/21/3004/pdf?version=1668052088,cc-by,PMC9657509,36359128,MED,Y,Y,Y,,https://www.ebi.ac.uk/europepmc/webservices/rest/article/PMC9657509/fullTextXML,pmc_xml
https://openalex.org/W4311316023,10.3389/fmars.2022.1050386,Species diversity and distribution of genus Pampus (Pelagiaria: Stromateidae) based on global mitochondrial data,2022,article,true,gold,https://www.frontiersin.org/articles/10.3389/fmars.2022.1050386/pdf,cc-by,,,,,,,,,oa_pdf
https://openalex.org/W4313282127,10.3390/d14121124,"Diversity of Endophytic Fungi in Annual Shoots of Prunus mandshurica (Rosaceae) in the South of Amur Region, Russia",2022,article,true,gold,https://www.mdpi.com/1424-2818/14/12/1124/pdf?version=1671103051,cc-by,,,,,,,,,oa_pdf
https://openalex.org/W4313597399,10.1016/j.ijbiomac.2023.123153,Mitochondrial characteristics of the powdery mildew genus Erysiphe revealed an extraordinary evolution in protein-coding genes,2023,article,false,closed,,,,36610569,MED,N,N,N,,,paywalled
https://openalex.org/W4319596237,10.3390/plants12040738,Morphology and Phylogeny Reveal Three Montagnula Species from China and Thailand,2023,article,true,gold,https://www.mdpi.com/2223-7747/12/4/738/pdf?version=1675905799,cc-by,PMC9961173,36840086,MED,Y,Y,Y,,https://www.ebi.ac.uk/europepmc/webservices/rest/article/PMC9961173/fullTextXML,pmc_xml
https://openalex.org/W4376484924,10.55730/1300-0179.3127,"Molecular phylogenetics of Aedes aegypti (L., 1762) (Diptera: Culicidae) in Eastern Black Sea area of Turkey and possible relations with the Caucasian invasion",2023,article,true,bronze,https://journals.tubitak.gov.tr/cgi/viewcontent.cgi?article=3127&context=zoology,,,,,,,,,,oa_pdf
https://openalex.org/W4380434067,10.1007/s11557-023-01899-0,Shedding light on the darkness: a new genus and four new species in the family Chaetomiaceae from Brazilian neotropical caves revealed by multi-gene phylogenetic analyses,2023,article,false,closed,,,,,,,,,,,paywalled
https://openalex.org/W2442969646,10.4172/2329-9002.1000166,"Continuous Miocene, Pliocene and Pleistocene Influences on Mitochondrial Diversification of the Capybara (Hydrochoerus Hydrochoeris; Hydrochoeridae, Rodentia): Incapacity to Determine Exclusive Hypotheses on the Origins of the Amazon and Orinoco Diversity for This Species",2016,article,false,closed,,,,,,,,,,,paywalled
https://openalex.org/W2505272313,10.1111/lam.12626,Characterization of European <i>Yersinia enterocolitica</i> 1A strains using restriction fragment length polymorphism and multilocus sequence analysis,2016,article,false,closed,,,,27473388,MED,N,N,N,,,paywalled
https://openalex.org/W2811184702,10.1139/gen-2017-0208,Horizontal transfers of LTR retrotransposons in seven species of Rosales,2018,article,false,closed,,,,29958091,MED,N,N,N,,,paywalled
https://openalex.org/W2891277873,10.4490/algae.2018.33.6.25,"Taxonomic notes on the genus Alsidium C. Agardh, including the merging of Bryothamnion Kützing (Rhodomelaceae)",2018,article,true,diamond,http://www.e-algae.org/upload/pdf/algae-2018-33-6-25.pdf,cc-by-nc,,,,,,,,,oa_pdf
https://openalex.org/W3014500426,10.1080/13235818.2020.1735984,"Phylogenetic relationships of Asian freshwater Mytiloidea (Bivalvia): a morphological and genetic comparison of<i>Sinomytilus harmandi, Limnoperna fortunei</i>and<i>Septifer bilocularis</i>",2020,article,false,closed,,,,,,,,,,,paywalled
https://openalex.org/W3035312422,10.1093/ve/veaa045,Epidemiological and evolutionary dynamics of influenza B virus in coastal Kenya as revealed by genomic analysis of strains sampled over a single season,2020,article,true,gold,https://academic.oup.com/ve/article-pdf/6/2/veaa045/33654847/veaa045.pdf,cc-by,PMC7959010,33747542,MED,Y,Y,Y,,https://www.ebi.ac.uk/europepmc/webservices/rest/article/PMC7959010/fullTextXML,pmc_xml
https://openalex.org/W3035431836,10.1007/s12686-020-01159-3,Identification of hybrid green peafowl using mitochondrial and nuclear markers,2020,article,false,closed,,,,,,,,,,,paywalled
https://openalex.org/W3156742006,10.5852/ejt.2021.744.1309,"Unravelling the Potamonautes lirrangensis (Rathbun, 1904) species complex (Potamoidea: Potamonautidae), with the description of two new species",2021,article,true,diamond,https://europeanjournaloftaxonomy.eu/index.php/ejt/article/download/1309/3975,cc-by,,,,,,,,,oa_pdf
https://openalex.org/W3209144203,10.3390/jof7110924,Bioexploration and Phylogenetic Placement of Entomopathogenic Fungi of the Genus Beauveria in Soils of Lebanon Cedar Forests,2021,article,true,gold,https://www.mdpi.com/2309-608X/7/11/924/pdf?version=1635845982,cc-by,PMC8622946,34829214,MED,Y,Y,Y,,https://www.ebi.ac.uk/europepmc/webservices/rest/article/PMC8622946/fullTextXML,pmc_xml
https://openalex.org/W3216486735,10.3390/toxins13110816,Initial Phylotranscriptomic Confirmation of Homoplastic Evolution of the Conspicuous Coloration and Bufoniform Morphology of Pumpkin-Toadlets in the Genus Brachycephalus,2021,article,true,gold,https://www.mdpi.com/2072-6651/13/11/816/pdf?version=1637716539,cc-by,PMC8620806,34822600,MED,Y,Y,Y,,https://www.ebi.ac.uk/europepmc/webservices/rest/article/PMC8620806/fullTextXML,pmc_xml
https://openalex.org/W4206259217,10.1038/s41598-022-04907-7,Complete mitogenome of the endangered and endemic Nicobar treeshrew (Tupaia nicobarica) and comparison with other Scandentians,2022,article,true,gold,https://www.nature.com/articles/s41598-022-04907-7.pdf,cc-by,PMC8766473,35042947,MED,Y,Y,Y,,https://www.ebi.ac.uk/europepmc/webservices/rest/article/PMC8766473/fullTextXML,pmc_xml
https://openalex.org/W4212982689,10.1007/s41348-022-00582-y,New report of Biscogniauxia rosacearum as a pathogen on almond trees in Iran,2022,article,true,bronze,https://link.springer.com/content/pdf/10.1007/s41348-022-00582-y.pdf,,,,,,,,,,oa_pdf
https://openalex.org/W4213253601,10.1093/mollus/eyab034,"New observations on the corallivorous nudibranch<i>Phestilla melanobrachia</i>: morphology, dietary spectrum and early development",2021,article,false,closed,,,,,,,,,,,paywalled
https://openalex.org/W4213269879,10.1093/zoolinnean/zlab087,"Neotropical jewels in the moss: biodiversity, distribution and evolution of the genus <i>Barbaria</i> (Heterotardigrada: Echiniscidae)",2021,article,true,hybrid,https://academic.oup.com/zoolinnean/advance-article-pdf/doi/10.1093/zoolinnean/zlab087/42273866/zlab087.pdf,cc-by,,,,,,,,,oa_pdf
https://openalex.org/W4312204427,10.3390/genes14010072,Spatio-Temporal Evolutionary Patterns of the Pieridae Butterflies (Lepidoptera: Papilionoidea) Inferred from Mitogenomic Data,2022,article,true,gold,https://www.mdpi.com/2073-4425/14/1/72/pdf?version=1672138666,cc-by,PMC9858963,36672814,MED,Y,Y,Y,,https://www.ebi.ac.uk/europepmc/webservices/rest/article/PMC9858963/fullTextXML,pmc_xml
https://openalex.org/W4312211405,10.6620/zs.2022.61-45,"Three New Species of the Sun Coral Genus <i>Tubastraea</i> (Scleractinia: Dendrophylliidae) from Hong Kong, China.",2022,article,true,green,https://www.ncbi.nlm.nih.gov/pmc/articles/9745568,,PMC9745568,36568806,MED,Y,N,Y,,,oa_pdf
https://openalex.org/W4317987899,10.1371/journal.pone.0280113,"Cryptic diversity in Zoraptera: Latinozoros barberi (Gurney, 1938) is a complex of at least three species (Zoraptera: Spiralizoridae)",2023,article,true,gold,https://journals.plos.org/plosone/article/file?id=10.1371/journal.pone.0280113&type=printable,cc-by,PMC9876274,36696450,MED,Y,Y,Y,,https://www.ebi.ac.uk/europepmc/webservices/rest/article/PMC9876274/fullTextXML,pmc_xml
https://openalex.org/W4366829604,10.1111/zsc.12598,Mitogenomic phylogeny of Muricidae (Gastropoda: Neogastropoda),2023,article,false,closed,,,,,,,,,,,paywalled
https://openalex.org/W4367626582,10.3390/genes14051018,Mitogenomes of Eight Nymphalidae Butterfly Species and Reconstructed Phylogeny of Nymphalidae (Nymphalidae: Lepidoptera),2023,article,true,gold,https://www.mdpi.com/2073-4425/14/5/1018/pdf?version=1683256810,cc-by,PMC10217878,37239378,MED,Y,Y,Y,,https://www.ebi.ac.uk/europepmc/webservices/rest/article/PMC10217878/fullTextXML,pmc_xml
https://openalex.org/W4380840107,10.3390/genes14061266,"Morphological and Genetics Support for a Hitherto Undescribed Spotted Cat Species (Genus Leopardus; Felidae, Carnivora) from the Southern Colombian Andes",2023,article,true,gold,https://www.mdpi.com/2073-4425/14/6/1266/pdf?version=1686808071,cc-by,PMC10298493,37372446,MED,Y,Y,Y,,https://www.ebi.ac.uk/europepmc/webservices/rest/article/PMC10298493/fullTextXML,pmc_xml
https://openalex.org/W4380883160,10.1016/j.ympev.2023.107860,Species richness disparity in tropical terrestrial herbaceous floras: Evolutionary insight from Collabieae (Orchidaceae),2023,article,false,closed,,,,37329932,MED,N,N,N,,,paywalled
https://openalex.org/W4385408980,10.1093/zoolinnean/zlad029,Hiding in the Arctic and in mountains: a (dis)entangled classification of <i>Claxtonia</i> (Heterotardigrada: Echiniscidae),2023,article,true,hybrid,https://academic.oup.com/zoolinnean/advance-article-pdf/doi/10.1093/zoolinnean/zlad029/51013373/zlad029.pdf,cc-by,,,,,,,,,oa_pdf
https://openalex.org/W4385898280,10.1080/00275514.2023.2230114,"Five new species of <i>Gloeandromyces</i> (Fungi, Laboulbeniales) from tropical American bat flies (Diptera, Streblidae), revealed by morphology and phylogenetic reconstruction",2023,article,false,closed,,,,37589548,MED,N,N,N,,,paywalled
https://openalex.org/W4389399426,10.3897/mycokeys.100.113141,"Morphophylogenetic evidence reveals four new fungal species within Tetraplosphaeriaceae (Pleosporales, Ascomycota) from tropical and subtropical forest in China",2023,article,true,gold,https://mycokeys.pensoft.net/article/113141/download/pdf/,cc-by,PMC10719940,38098977,MED,Y,Y,Y,,https://www.ebi.ac.uk/europepmc/webservices/rest/article/PMC10719940/fullTextXML,pmc_xml
https://openalex.org/W4391403149,10.3897/mycokeys.101.115209,"Two novel freshwater hyphomycetes, in Acrogenospora (Minutisphaerales, Dothideomycetes) and Conioscypha (Conioscyphales, Sordariomycetes) from Southwestern China",2024,article,true,gold,https://mycokeys.pensoft.net/article/115209/download/pdf/,cc-by,PMC10851161,38333552,MED,Y,Y,Y,,https://www.ebi.ac.uk/europepmc/webservices/rest/article/PMC10851161/fullTextXML,pmc_xml
https://openalex.org/W4395694389,10.1016/j.ympev.2024.108083,Diversity and biogeography of South American mud turtles elucidated by multilocus DNA sequencing (Testudines: Kinosternidae),2024,article,true,hybrid,https://doi.org/10.1016/j.ympev.2024.108083,cc-by-nc-nd,,38679303,MED,N,N,N,,,oa_pdf
https://openalex.org/W2210543314,10.3109/19401736.2015.1111363,Complete mitochondrial genome of <i>Spiniphilus spinicornis</i> (Coleoptera: Vesperidae: Philinae) and phylogenetic analysis among Cerambycoidea,2015,article,false,closed,,,,26709875,MED,N,N,N,,,paywalled
https://openalex.org/W2757499011,10.17520/biods.2016360,Gesneriaceae on Hainan Island: distribution patterns and phylogenetic relationships,2017,article,true,bronze,http://www.biodiversity-science.net/CN/article/downloadArticleFile.do?attachType=PDF&id=8699,,,,,,,,,,oa_pdf
https://openalex.org/W2987456441,10.1016/j.ympev.2019.106666,"“Unicorn from Hades”, a new genus of Mysidae (Malacostraca: Mysida) from the Mariana Trench, with a systematic analysis of the deep-sea mysids",2019,article,false,closed,,,,31669817,MED,N,N,N,,,paywalled
https://openalex.org/W3010764972,10.7717/peerj.8762,"The complete mitochondrial genome of<i>Flavoperla biocellata</i>Chu, 1929 (Plecoptera: Perlidae) and the phylogenetic analyses of Plecoptera",2020,article,true,gold,https://doi.org/10.7717/peerj.8762,cc-by,PMC7081787,32211236,MED,Y,Y,Y,,https://www.ebi.ac.uk/europepmc/webservices/rest/article/PMC7081787/fullTextXML,pmc_xml
https://openalex.org/W3013249461,10.1371/journal.pone.0230014,Identifying genetic relationships among tarsier populations in the islands of Bunaken National Park and mainland Sulawesi,2020,article,true,gold,https://journals.plos.org/plosone/article/file?id=10.1371/journal.pone.0230014&type=printable,cc-by,PMC7098592,32214331,MED,Y,Y,Y,,https://www.ebi.ac.uk/europepmc/webservices/rest/article/PMC7098592/fullTextXML,pmc_xml
https://openalex.org/W3093449093,10.1038/s41598-020-74404-2,Retraction Note: Molecular Phylogeny and Revision of Copepod Orders (Crustacea: Copepoda),2020,retraction,true,gold,https://www.nature.com/articles/s41598-020-74404-2.pdf,cc-by,PMC7560885,33057148,MED,Y,Y,Y,,https://www.ebi.ac.uk/europepmc/webservices/rest/article/PMC7560885/fullTextXML,pmc_xml
https://openalex.org/W3173930092,10.3390/microorganisms9071409,Distribution and Diversity of Beauveria in Boreal Forests of Northern European Russia,2021,article,true,gold,https://www.mdpi.com/2076-2607/9/7/1409/pdf?version=1625118818,cc-by,PMC8308049,34210043,MED,Y,Y,Y,,https://www.ebi.ac.uk/europepmc/webservices/rest/article/PMC8308049/fullTextXML,pmc_xml
https://openalex.org/W4200296229,10.1080/00275514.2021.1987102,"<i>Fusarium chaquense</i>, sp. nov, a novel type A trichothecene–producing species from native grasses in a wetland ecosystem in Argentina",2021,article,false,closed,,,,34871141,MED,N,N,N,,,paywalled
https://openalex.org/W4226204581,10.7324/jabb.2022.100304,Assessing DNA barcodes species discriminating ability and phylogenetic relation within Embelia species,2022,article,true,diamond,https://jabonline.in/admin/php/uploads/769_pdf.pdf,cc-by-nc-sa,,,,,,,,,oa_pdf
https://openalex.org/W4226213603,10.1093/zoolinnean/zlac031,<i>Xenostrobus</i>or<i>Vignadula</i>(Bivalvia: Mytilidae)? A taxonomic re-evaluation of small black mussels inhabiting the upper intertidal zone of the estuaries of Southeast Asia,2022,article,false,closed,,,,,,,,,,,paywalled
https://openalex.org/W4226213923,10.3354/esr01188,Phylogeography of Panthera tigris in the mangrove forest of the Sundarbans,2022,article,true,gold,https://www.int-res.com/articles/esr2022/48/n048p087.pdf,cc-by,,,,,,,,,oa_pdf
https://openalex.org/W4226307287,10.22201/fc.25942158e.2022.1.330,HOW MANY SPECIES OF RATTLESNAKES ARE THERE IN THE Crotalus durissus SPECIES GROUP (SERPENTES: CROTALIDAE)?,2022,article,true,diamond,https://herpetologia.fciencias.unam.mx/index.php/revista/article/download/330/200,cc-by-sa,,,,,,,,,oa_pdf
https://openalex.org/W4285746847,10.6620/zs.2021.60-70,High Mountain Echiniscid (Heterotardigrada) Fauna of Taiwan.,2021,article,true,green,http://ruj.uj.edu.pl/bitstreams/da2fe52a-1a58-4110-a543-51c85cecf180/download,,PMC9169119,35774252,MED,Y,N,Y,,,oa_pdf
https://openalex.org/W4288871130,10.47371/mycosci.2022.05.003,&lt;i&gt;Lamproderma vietnamense&lt;/i&gt;: a new species of myxomycetes with reticulate spores from Phia Oắc - Phia Đén National Park (northern Vietnam) supported by molecular phylogeny and morphological analysis,2022,article,true,diamond,https://www.jstage.jst.go.jp/article/mycosci/63/4/63_MYC577/_pdf,cc-by-nc-nd,PMC10043568,37090470,MED,Y,Y,Y,,https://www.ebi.ac.uk/europepmc/webservices/rest/article/PMC10043568/fullTextXML,pmc_xml
https://openalex.org/W4296190199,10.3390/plants11182373,Characterization of Colletotrichum Isolates from Strawberry and Other Hosts with Reference to Cross-Inoculation Potential,2022,article,true,gold,https://www.mdpi.com/2223-7747/11/18/2373/pdf?version=1663312473,cc-by,PMC9500779,36145774,MED,Y,Y,Y,,https://www.ebi.ac.uk/europepmc/webservices/rest/article/PMC9500779/fullTextXML,pmc_xml
https://openalex.org/W4309508220,10.1128/spectrum.02794-22,Symbiotic Microorganisms and Their Different Association Types in Aquatic and Semiaquatic Bugs,2022,article,true,gold,https://doi.org/10.1128/spectrum.02794-22,cc-by,PMC9769989,36409137,MED,Y,Y,Y,,https://www.ebi.ac.uk/europepmc/webservices/rest/article/PMC9769989/fullTextXML,pmc_xml
https://openalex.org/W4319225481,10.1038/s41598-023-28241-8,"Molecular phylogeny reveals distinct evolutionary lineages of the banded krait, Bungarus fasciatus (Squamata, Elapidae) in Asia",2023,review,true,gold,https://www.nature.com/articles/s41598-023-28241-8.pdf,cc-by,PMC9899266,36739450,MED,Y,Y,Y,,https://www.ebi.ac.uk/europepmc/webservices/rest/article/PMC9899266/fullTextXML,pmc_xml
https://openalex.org/W4321020058,10.1016/j.gene.2023.147287,"Seven newly sequenced chloroplast genomes from the order Watanabeales (Trebouxiophyceae, Chlorophyta): Phylogenetic and comparative analysis",2023,article,false,closed,,,,36804852,MED,N,N,N,,,paywalled
https://openalex.org/W4377824505,10.1007/s11557-023-01888-3,"Groenewaldia (Lentitheciaceae), a new corticolous fungal genus from India",2023,article,true,green,https://pure.knaw.nl/portal/en/publications/a0c05a19-08d9-41c6-8d77-9cd42c1c76fc,,,,,,,,,,oa_pdf
https://openalex.org/W4385349462,10.3897/mycokeys.98.106415,"Study on species diversity of Akanthomyces (Cordycipitaceae, Hypocreales) in the Jinyun Mountains, Chongqing, China",2023,article,true,gold,https://mycokeys.pensoft.net/article/106415/download/pdf/,cc-by,PMC10403762,37547126,MED,Y,Y,Y,,https://www.ebi.ac.uk/europepmc/webservices/rest/article/PMC10403762/fullTextXML,pmc_xml
https://openalex.org/W4387880122,10.3897/mycokeys.99.110043,"Four new endophytic species of Diaporthe (Diaporthaceae, Diaporthales) isolated from Cameroon",2023,article,true,gold,https://mycokeys.pensoft.net/article/110043/download/pdf/,cc-by,PMC10616871,37915461,MED,Y,Y,Y,,https://www.ebi.ac.uk/europepmc/webservices/rest/article/PMC10616871/fullTextXML,pmc_xml
https://openalex.org/W4388636659,10.3389/fmicb.2023.1286501,Cytological studies reveal high variation in ascospore number and shape and conidia produced directly from ascospores in Morchella galilaea,2023,article,true,gold,https://www.frontiersin.org/articles/10.3389/fmicb.2023.1286501/pdf?isPublishedV2=False,cc-by,PMC10690605,38045031,MED,Y,Y,Y,,https://www.ebi.ac.uk/europepmc/webservices/rest/article/PMC10690605/fullTextXML,pmc_xml
https://openalex.org/W4391445797,10.1002/ajb2.16276,Young evolutionary origins of dioecy in the genus <i>Asparagus</i>,2024,article,true,bronze,https://onlinelibrary.wiley.com/doi/pdfdirect/10.1002/ajb2.16276,,,38297448,MED,N,N,N,,,oa_pdf
https://openalex.org/W4393313173,10.5852/ejt.2024.930.2481,Integrative taxonomy supports two new species of Macrobiotus (Tardigrada: Eutardigrada: Macrobiotidae) allowing further discussion on the genus phylogeny,2024,article,true,diamond,https://europeanjournaloftaxonomy.eu/index.php/ejt/article/download/2481/11065,cc-by,,,,,,,,,oa_pdf
https://openalex.org/W4393357106,10.3390/genes15040444,Intraspecific and Intrageneric Genomic Variation across Three Sedum Species (Crassulaceae): A Plastomic Perspective,2024,article,true,gold,https://www.mdpi.com/2073-4425/15/4/444/pdf?version=1711861178,cc-by,PMC11049395,38674379,MED,Y,Y,Y,,https://www.ebi.ac.uk/europepmc/webservices/rest/article/PMC11049395/fullTextXML,pmc_xml
https://openalex.org/W4399817408,10.1002/aps3.11597,Developing Asparagaceae1726: An Asparagaceae‐specific probe set targeting 1726 loci for Hyb‐Seq and phylogenomics in the family,2024,article,true,gold,https://onlinelibrary.wiley.com/doi/pdfdirect/10.1002/aps3.11597,cc-by-nc,PMC11443443,39360194,MED,Y,Y,Y,,https://www.ebi.ac.uk/europepmc/webservices/rest/article/PMC11443443/fullTextXML,pmc_xml
https://openalex.org/W2341156415,10.1371/journal.pone.0128181,Efficient Detection of Novel Nuclear Markers for Brassicaceae by Transcriptome Sequencing,2015,article,true,gold,https://journals.plos.org/plosone/article/file?id=10.1371/journal.pone.0128181&type=printable,cc-by,PMC4465667,26061739,MED,Y,Y,Y,,https://www.ebi.ac.uk/europepmc/webservices/rest/article/PMC4465667/fullTextXML,pmc_xml
https://openalex.org/W2605230141,10.1093/zoolinnean/zlw026,"New insights into Plutonium, one of the largest and least known European centipedes (Chilopoda): distribution, evolution and morphology",2017,article,true,green,http://hdl.handle.net/11577/3223761,,,,,,,,,,oa_pdf
https://openalex.org/W2951951451,10.3897/mycokeys.55.35522,"Elbamycella rosea gen. et sp. nov. (Juncigenaceae, Torpedosporales) isolated from the Mediterranean Sea",2019,article,true,gold,https://mycokeys.pensoft.net/article/35522/download/pdf/,cc-by,PMC6595004,31274984,MED,Y,Y,Y,,https://www.ebi.ac.uk/europepmc/webservices/rest/article/PMC6595004/fullTextXML,pmc_xml
https://openalex.org/W2954476207,10.1093/biolinnean/blz045,"Freshwater-to-marine transitions may explain the evolution of herbivory in the subgenus Mollienesia (genus Poecilia, mollies and guppies)",2019,article,false,closed,,,,,,,,,,,paywalled
https://openalex.org/W3013732346,10.1111/ivb.12284,"Cryptic speciation in the ectocommensal <i>Bdelloura candida</i> (Platyhelminthes, Tricladida, Maricola) follows habitat specialization of the American horseshoe crab, <i>Limulus polyphemus</i>",2020,article,false,closed,,,,,,,,,,,paywalled
https://openalex.org/W3081759554,10.1111/syen.12448,Scuttling towards monophyly: phylogeny of the mega‐diverse genus <i>Megaselia</i> (Diptera: Phoridae),2020,article,true,hybrid,https://onlinelibrary.wiley.com/doi/pdfdirect/10.1111/syen.12448,cc-by,,,AGR,N,N,N,,,oa_pdf
https://openalex.org/W3108123225,10.1111/jzs.12440,Mitogenomics of <i>Didelphis</i> (Mammalia; Didelphimorphia; Didelphidae) and insights into character evolution in the genus,2020,article,false,closed,,,,,,,,,,,paywalled
https://openalex.org/W3206769653,10.1111/ppa.13492,"Molecular phylogenetic, morphological, and pathogenic analyses reveal a single clonal population of <i>Septoria lycopersici</i> with a narrower host range in Brazil",2021,article,false,closed,,,,,AGR,N,N,N,,,paywalled
https://openalex.org/W3210063027,10.11646/phytotaxa.524.2.2,"Paracremonium lepidopterorum, a new insect-associated fungus",2021,article,true,bronze,https://www.biotaxa.org/Phytotaxa/article/download/phytotaxa.524.2.2/69117,,,,,,,,,,oa_pdf
https://openalex.org/W4200032924,10.3897/phytokeys.187.75346,"A new combination in Pseudolappula (Boraginaceae, Rochelieae) based on morphological, molecular and palynological evidence",2021,article,true,gold,https://doi.org/10.3897/phytokeys.187.75346,cc-by,PMC8702537,35068969,MED,Y,Y,Y,,https://www.ebi.ac.uk/europepmc/webservices/rest/article/PMC8702537/fullTextXML,pmc_xml
https://openalex.org/W4226080460,10.1371/journal.pone.0250808,Development and comparison of loop-mediated isothermal amplification with quantitative PCR for the specific detection of Saprolegnia spp.,2021,article,true,gold,https://doi.org/10.1371/journal.pone.0250808,cc-by,PMC8668100,34898622,MED,Y,Y,Y,,https://www.ebi.ac.uk/europepmc/webservices/rest/article/PMC8668100/fullTextXML,pmc_xml
https://openalex.org/W4283818248,10.1007/s10482-022-01753-5,Global regulatory factor VeA upregulates the production of antitumor substances in endophytic Fusarium solani,2022,article,false,closed,,,,35789442,MED,N,N,N,,,paywalled
https://openalex.org/W4296658319,10.1155/2022/4184326,New Genetic Variants of Leptospira spp Characterized by MLST from Peruvian Isolates,2022,article,true,gold,https://downloads.hindawi.com/journals/jtm/2022/4184326.pdf,cc-by,PMC9553527,36249734,MED,Y,Y,Y,,https://www.ebi.ac.uk/europepmc/webservices/rest/article/PMC9553527/fullTextXML,pmc_xml
https://openalex.org/W4296778039,10.1093/jisesa/ieac055,"Molecular Studies of Relationships and Identifications Among Insects of the Subfamily Panchaetothripinae (Thysanoptera, Thripidae)",2022,article,true,gold,https://doi.org/10.1093/jisesa/ieac055,,PMC9486593,36124863,MED,Y,Y,Y,,https://www.ebi.ac.uk/europepmc/webservices/rest/article/PMC9486593/fullTextXML,pmc_xml
https://openalex.org/W4297539686,10.3390/d14100805,The Mitogenome Structure of Righteye Flounders (Pleuronectidae): Molecular Phylogeny and Systematics of the Family in East Asia,2022,article,true,gold,https://www.mdpi.com/1424-2818/14/10/805/pdf?version=1664355489,cc-by,,,,,,,,,oa_pdf
https://openalex.org/W4322153994,10.1016/j.ympev.2023.107747,Diversification of the African legless skinks in the subfamily Acontinae (Family Scincidae),2023,article,false,closed,,,,36849095,MED,N,N,N,,,paywalled
https://openalex.org/W4323669990,10.1016/j.jcz.2023.02.004,"Eventually tested: Phylogenetic position of “Testechiniscus” meridionalis (Murray, 1906) (Heterotardigrada) revealed",2023,article,true,hybrid,https://doi.org/10.1016/j.jcz.2023.02.004,cc-by,,,,,,,,,oa_pdf
https://openalex.org/W4386096110,10.5852/ejt.2023.890.2249,"Integrative description of Paramacrobiotus bengalensis sp. nov. (Tardigrada: Eutardigrada: Macrobiotidae), a new limno-terrestrial tardigrade species from the state of West Bengal, India",2023,article,true,diamond,https://europeanjournaloftaxonomy.eu/index.php/ejt/article/download/2249/9649,cc-by,,,,,,,,,oa_pdf
https://openalex.org/W4386284735,10.3897/bdj.11.e109477,"Morphology and multi-gene phylogeny reveal a novel Torula (Pleosporales, Torulaceae) species from the plateau lakes in Yunnan, China",2023,article,true,gold,https://bdj.pensoft.net/article/109477/download/pdf/,cc-by,PMC10483277,37693696,MED,Y,Y,Y,,https://www.ebi.ac.uk/europepmc/webservices/rest/article/PMC10483277/fullTextXML,pmc_xml
https://openalex.org/W4387663080,10.1093/zoolinnean/zlad132,"Convergent evolution of dark, ultraviolet-absorbing cuticular pigmentation in a new Afro-Oriental <i>Echiniscus brunus</i> species complex (Heterotardigrada: Echiniscidae)",2023,article,true,hybrid,https://academic.oup.com/zoolinnean/advance-article-pdf/doi/10.1093/zoolinnean/zlad132/52185506/zlad132.pdf,cc-by,,,,,,,,,oa_pdf
https://openalex.org/W4390988723,10.3767/persoonia.2023.48.05,"Species diversity, phylogeny, endemism and geography of the truffle genus <i>Tuber</i> in China based on morphological and molecular data.",2022,article,true,green,https://www.ncbi.nlm.nih.gov/pmc/articles/10792285,,PMC10792285,38234690,MED,Y,Y,N,,https://www.ebi.ac.uk/europepmc/webservices/rest/article/PMC10792285/fullTextXML,pmc_xml
https://openalex.org/W4391311092,10.1016/j.cropro.2024.106606,Lasiodiplodia hormozganensis causing leaf blight on Aloe vera in Brazil,2024,article,false,closed,,,,,,,,,,,paywalled
https://openalex.org/W4391681905,10.3897/mycokeys.102.115452,"Identification of two new species and a new host record of Distoseptispora (Distoseptisporaceae, Distoseptisporales, Sordariomycetes) from terrestrial and freshwater habitats in Southern China",2024,article,true,gold,https://mycokeys.pensoft.net/article/115452/download/pdf/,cc-by,PMC10873807,38370857,MED,Y,Y,Y,,https://www.ebi.ac.uk/europepmc/webservices/rest/article/PMC10873807/fullTextXML,pmc_xml
https://openalex.org/W4391810046,10.3897/mycokeys.102.112565,"Additional four species of Tatraea (Leotiomycetes, Helotiales) in Yunnan Province, China",2024,article,true,gold,https://mycokeys.pensoft.net/article/112565/download/pdf/,cc-by,PMC10882549,38390559,MED,Y,Y,Y,,https://www.ebi.ac.uk/europepmc/webservices/rest/article/PMC10882549/fullTextXML,pmc_xml
https://openalex.org/W4391814253,10.5852/ejt.2024.921.2429,"Integrating museum collections and molecules reveals genus-level synonymy and new species in red devil spiders (Araneae, Dysderidae) from the Middle East and Central Asia",2024,article,true,diamond,https://europeanjournaloftaxonomy.eu/index.php/ejt/article/download/2429/10759,cc-by,,,,,,,,,oa_pdf
https://openalex.org/W4392021433,10.1093/jisesa/ieae009,First report of the complete mitochondrial genome of 3 beetles (Coleoptera: Scarabaeidae) harming <i>Gastrodia elata</i> (Asparagales: Orchidaceae),2024,article,true,gold,https://academic.oup.com/jinsectscience/article-pdf/24/1/12/56743546/ieae009.pdf,cc-by-nc,PMC10883712,38387434,MED,Y,Y,Y,,https://www.ebi.ac.uk/europepmc/webservices/rest/article/PMC10883712/fullTextXML,pmc_xml
https://openalex.org/W4394990350,10.1016/j.ijfoodmicro.2024.110715,"Molecular assessment of oat head blight fungus, including a new genus and species in a family of Nectriaceae",2024,article,false,closed,,,,38657420,MED,N,N,N,,,paywalled
https://openalex.org/W4398640609,10.1016/j.dsr2.2024.105390,"A description of two new deep-sea nemerteans from North Pacific with reconsideration of the genus Oerstedia (Hoplonemertea, Oerstediidae)",2024,article,false,closed,,,,,,,,,,,paywalled
https://openalex.org/W4402555246,10.1002/ajb2.16404,The phylogeny of the Triticeae: Resolution and phylogenetic conflict based on genomewide nuclear loci,2024,article,true,hybrid,https://onlinelibrary.wiley.com/doi/pdfdirect/10.1002/ajb2.16404,cc-by,,39279223,MED,N,N,N,,,oa_pdf
https://openalex.org/W4410836524,10.1080/21501203.2025.2493072,"Taxonomic contributions to Pleosporales and Kirschsteiniotheliales from the Xizang Autonomous Region, China",2025,article,true,gold,https://doi.org/10.1080/21501203.2025.2493072,cc-by,PMC13007439,41878510,MED,Y,Y,Y,,https://www.ebi.ac.uk/europepmc/webservices/rest/article/PMC13007439/fullTextXML,pmc_xml
https://openalex.org/W2790979156,10.1007/s13127-018-0361-y,Heads up: evolution of exaggerated head length in the minute litter bug genus Nannocoris Reuter (Hemiptera: Schizopteridae),2018,article,true,green,http://table.plazi.org/id/DF666617FFF5FF8DE4B3C488AFAEFE17,,,,,,,,,,oa_pdf
https://openalex.org/W3045531918,10.1080/23802359.2020.1797563,"Characterization of the mitochondrial genome of <i>Eutomostethus vegetus</i> Konow, 1898 (Hymenoptera: Tenthredinidae) and phylogenetic analysis",2020,article,true,diamond,https://www.tandfonline.com/doi/pdf/10.1080/23802359.2020.1797563?needAccess=true,cc-by,PMC7783146,33458046,MED,Y,Y,Y,,https://www.ebi.ac.uk/europepmc/webservices/rest/article/PMC7783146/fullTextXML,pmc_xml
https://openalex.org/W3163610657,10.1080/23802359.2021.1914522,Mitochondrial genome of <i>Monolepta hieroglyphica</i> (Coleoptera: Chrysomeloidea: Chrysomelidae) and phylogenetic analysis,2021,article,true,diamond,https://www.tandfonline.com/doi/pdf/10.1080/23802359.2021.1914522?needAccess=true,cc-by,PMC8079056,33969213,MED,Y,Y,Y,,https://www.ebi.ac.uk/europepmc/webservices/rest/article/PMC8079056/fullTextXML,pmc_xml
https://openalex.org/W3210871587,10.11646/phytotaxa.524.1.1,"Hedysarum sunhangii (Fabaceae, Hedysareae), a new species from Pamir-Alay (Babatag Ridge - Uzbekistan)",2021,article,true,green,https://zenodo.org/record/5606547,,,,,,,,,,oa_pdf
https://openalex.org/W4206913954,10.1094/pdis-10-21-2364-pdn,First Report of Anthracnose Leaf Spot Caused by <i>Colletotrichum americae-borealis</i> on Oat in China,2022,article,false,closed,,,,,,,,,,,paywalled
https://openalex.org/W4285726806,10.3389/fmars.2022.889022,"Stirring the Deep, Disentangling the Complexity: Report on the Third Species of Thermochiton (Mollusca: Polyplacophora) From Haima Cold Seeps",2022,article,true,gold,https://doi.org/10.3389/fmars.2022.889022,cc-by,,,,,,,,,oa_pdf
https://openalex.org/W4309012469,10.3389/fpls.2022.1005906,"Effects of trichothecene production by Trichoderma arundinaceum isolates from bean-field soils on the defense response, growth and development of bean plants (Phaseolus vulgaris)",2022,article,true,gold,https://doi.org/10.3389/fpls.2022.1005906,cc-by,PMC9702529,36452093,MED,Y,Y,Y,,https://www.ebi.ac.uk/europepmc/webservices/rest/article/PMC9702529/fullTextXML,pmc_xml
https://openalex.org/W4311609092,10.1080/00318884.2022.2140548,"<i>Gonyaulax geomunensis sp. nov</i>. and two allied species (Gonyaulacales, Dinophyceae) from Korean coastal waters and East China Sea: morphology, phylogeny and growth response to changes in temperature and salinity",2022,article,true,green,https://archimer.ifremer.fr/doc/00813/92502/99072.pdf,,,,,,,,,,oa_pdf
https://openalex.org/W4317869959,10.1080/00275514.2022.2153006,"<i>Villoboletus persicinus</i>, gen. et sp. nov. (Boletaceae), a bolete with flocculent-covered stipe from northern China",2023,article,false,closed,,,,36692901,MED,N,N,N,,,paywalled
https://openalex.org/W4362653713,10.31111/nsnr/2023.57.1.27,Morphology and phylogeny of Diderma aurantiacum (Myxomycetes) — a new species for Russia from the Far East,2023,article,false,closed,,,,,,,,,,,paywalled
https://openalex.org/W4366351810,10.1093/jambio/lxad076,<i>Aspergillus flavus</i> from coffee in Cameroon: a non-aflatoxigenic endophytic isolate antagonistic to coffee leaf rust (<i>Hemileia vastatrix</i>),2023,article,false,closed,,,,37073118,MED,N,N,N,,,paywalled
https://openalex.org/W4382135279,10.3390/d15070800,Diversity of Botryosphaeriaceae Species Associated with Grapevine Trunk Diseases in the Czech Republic,2023,article,true,gold,https://www.mdpi.com/1424-2818/15/7/800/pdf?version=1687509764,cc-by,,,,,,,,,oa_pdf
https://openalex.org/W4385226820,10.3390/genes14071485,Two New Mitogenomes of Bibionidae and Their Comparison within the Infraorder Bibionomorpha (Diptera),2023,article,true,gold,https://www.mdpi.com/2073-4425/14/7/1485/pdf?version=1689927051,cc-by,PMC10378959,37510389,MED,Y,Y,Y,,https://www.ebi.ac.uk/europepmc/webservices/rest/article/PMC10378959/fullTextXML,pmc_xml
https://openalex.org/W4385446966,10.35535/pfsyst-2023-0004,"Pisolithus albus (Sclerodermataceae), a first record from Egypt",2023,article,true,diamond,https://pfsyst.botany.pl/pdf-163491-92778?filename=Pisolithus albus.pdf,cc-by,,,,,,,,,oa_pdf
https://openalex.org/W4385705281,10.3897/neobiota.87.105941,Comparative mitogenomics of native European and alien Ponto-Caspian amphipods,2023,article,true,gold,https://neobiota.pensoft.net/article/105941/download/pdf/,cc-by,,,,,,,,,oa_pdf
https://openalex.org/W4386032860,10.3390/taxonomy3030024,"Systematic Assessment of Hebius beddomei (Günther, 1864) (Serpentes: Colubridae: Natricinae) with Description of a New Genus and a New Allied Species from the Western Ghats, India",2023,article,true,gold,https://www.mdpi.com/2673-6500/3/3/24/pdf?version=1692610745,cc-by,,,,,,,,,oa_pdf
https://openalex.org/W4386264256,10.21685/1680-0826-2023-17-2-2,Reassessing the phylogenetic position of the genus Kelleromyxa (Myxomycetes = Myxogastrea) using genome skimming data,2023,article,true,diamond,https://doi.org/10.21685/1680-0826-2023-17-2-2,,,,,,,,,,oa_pdf
https://openalex.org/W4388942785,10.3390/jof9121129,Insights into Some Onygenalean Fungi from Freshwater Sediments in Spain and Description of Novel Taxa,2023,article,true,gold,https://www.mdpi.com/2309-608X/9/12/1129/pdf?version=1700670906,cc-by,PMC10744713,38132730,MED,Y,Y,Y,,https://www.ebi.ac.uk/europepmc/webservices/rest/article/PMC10744713/fullTextXML,pmc_xml
https://openalex.org/W4389078558,10.3390/jof9121151,Additions to Diatrypaceae (Xylariales): Novel Taxa and New Host Associations,2023,article,true,gold,https://www.mdpi.com/2309-608X/9/12/1151/pdf?version=1701184782,cc-by,PMC10744582,38132752,MED,Y,Y,Y,,https://www.ebi.ac.uk/europepmc/webservices/rest/article/PMC10744582/fullTextXML,pmc_xml
https://openalex.org/W4389658367,10.1093/jcbiol/ruad073,"A new species of stygobitic <i>Hyalella</i> Smith, 1874 (Amphipoda: Hyalellidae) from Ash Meadows National Wildlife Refuge, Nevada, USA, with discussion of the unique presence of the species in the Nearctic groundwater fauna",2023,article,false,closed,,,,,,,,,,,paywalled
https://openalex.org/W4391304662,10.1111/syen.12622,"Museomics, molecular phylogeny and systematic revision of the <scp>Eurepini</scp> crickets ( <scp>Orthoptera: Gryllidae: Eneopterinae</scp> ), with description of two new genera",2024,article,true,hybrid,https://onlinelibrary.wiley.com/doi/pdfdirect/10.1111/syen.12622,cc-by,,,,,,,,,oa_pdf
https://openalex.org/W4392195874,10.1016/j.gene.2024.148315,The complete mitochondrial genome of Penicillium expansum: Insights into the fungal evolution and phylogeny,2024,article,false,closed,,,,38417689,MED,N,N,N,,,paywalled
https://openalex.org/W4393362057,10.5943/ajom/6/1/9,A new species of Stephanonectria (Bionectriaceae) from southwestern China,2023,article,true,diamond,https://doi.org/10.5943/ajom/6/1/9,,,,,,,,,,oa_pdf
https://openalex.org/W4393987890,10.3897/arphapreprints.e124629,"Spatial decoupling of taxon richness, phylogenetic diversity, and threat status in the megagenus Erica",2024,preprint,true,gold,https://preprints.arphahub.com/article/124629/download/pdf/,cc-by,,,PPR,N,N,N,,,oa_pdf
https://openalex.org/W4393992880,10.1007/s12526-024-01433-9,"Antholoba fabiani sp. nov. (Actiniaria, Metridioidea, Antholobidae fam. nov.), a new species and family of sea anemone of the southwestern Atlantic, Brazil",2024,article,true,green,https://hdl.handle.net/11449/305002,,,,,,,,,,oa_pdf
https://openalex.org/W4394575324,10.1071/is24006,A new genus of scutigerid centipede from southern South America with the description of two new species and an updated molecular phylogeny of the myriapod order Scutigeromorpha (Myriapoda: Chilopoda),2024,article,false,closed,,,,38744498,MED,N,N,N,,,paywalled
https://openalex.org/W4394795401,10.1016/j.funbio.2024.04.002,Endophytic species of Colletotrichum associated with cashew tree in northeastern Brazil,2024,article,false,closed,,,,38796262,MED,N,N,N,,,paywalled
https://openalex.org/W4399443559,10.1111/zsc.12664,"Dissecting natural hybridisation in longhorned beetles through an integrative approach: Further proof of reticulate evolution in Dorcadionini (Cerambycidae, Lamiinae)",2024,article,true,bronze,https://onlinelibrary.wiley.com/doi/pdfdirect/10.1111/zsc.12664,,,,,,,,,,oa_pdf
https://openalex.org/W4400030671,10.1002/ece3.11520,Comparative mitogenome research revealed the phylogenetics and evolution of the superfamily Tenebrionoidea (Coleoptera: Polyphage),2024,article,true,gold,https://doi.org/10.1002/ece3.11520,cc-by,PMC11199344,38932962,MED,Y,Y,Y,,https://www.ebi.ac.uk/europepmc/webservices/rest/article/PMC11199344/fullTextXML,pmc_xml
https://openalex.org/W4400642569,10.3390/jof10070484,Phylogenetic and Pathogenic Evidence Reveals Novel Host–Pathogen Interactions between Species of Lasiodiplodia and Citrus latifolia Dieback Disease in Southern Mexico,2024,article,true,gold,https://www.mdpi.com/2309-608X/10/7/484/pdf?version=1721293801,cc-by,PMC11278223,39057369,MED,Y,Y,Y,,https://www.ebi.ac.uk/europepmc/webservices/rest/article/PMC11278223/fullTextXML,pmc_xml
https://openalex.org/W4402277207,10.3390/d16090551,"Morphology and Multi-Gene Phylogeny Reveal a New Species of Family Torulaceae from Yunnan Province, China",2024,article,true,gold,https://www.mdpi.com/1424-2818/16/9/551/pdf?version=1725609628,cc-by,,,,,,,,,oa_pdf
https://openalex.org/W4404074494,10.1080/00275514.2024.2413343,A new species of <i>Diacheopsis</i> (Myxomycetes) and a new habitat for myxomycetes,2024,article,false,closed,,,,39499826,MED,N,N,N,,,paywalled
https://openalex.org/W4404094971,10.1016/j.ijpara.2024.10.006,A footworm in the door: revising Onchocerca phylogeny with previously unknown cryptic species in wild North American ungulates,2024,article,true,hybrid,https://doi.org/10.1016/j.ijpara.2024.10.006,cc-by-nc-nd,,39515656,MED,N,N,N,,,oa_pdf
https://openalex.org/W4406738089,10.3897/mycokeys.112.141615,"Morpho-phylogenetic analyses of two novel edible mushrooms from China and a mini review of Lyophyllum (Agaricales, Lyophyllaceae) cultivation and bioactivities",2025,review,true,gold,https://mycokeys.pensoft.net/article/141615/download/pdf/,cc-by,PMC11783088,39897124,MED,Y,Y,Y,,https://www.ebi.ac.uk/europepmc/webservices/rest/article/PMC11783088/fullTextXML,pmc_xml
https://openalex.org/W4406758938,10.3897/mycokeys.112.140799,"Four new araneogenous species and a new genus in Hypocreales (Clavicipitaceae, Cordycipitaceae) from the karst region of China",2025,article,true,gold,https://mycokeys.pensoft.net/article/140799/download/pdf/,cc-by,PMC11783087,39897122,MED,Y,Y,Y,,https://www.ebi.ac.uk/europepmc/webservices/rest/article/PMC11783087/fullTextXML,pmc_xml
https://openalex.org/W4407858652,10.1111/jbi.15107,Around the World in 26 Million Years: Diversification and Biogeography of Pantropical Grass‐Yellow <i>Eurema</i> Butterflies (Pieridae: Coliadinae),2025,article,true,hybrid,https://onlinelibrary.wiley.com/doi/pdfdirect/10.1111/jbi.15107,cc-by,,,,,,,,,oa_pdf
https://openalex.org/W3037213014,10.1093/zoolinnean/zlaa062,Warning signals promote morphological diversification in fossorial uropeltid snakes (Squamata: Uropeltidae),2020,article,true,bronze,https://academic.oup.com/zoolinnean/article-pdf/191/2/468/35581434/zlaa062.pdf,,,,,,,,,,oa_pdf
https://openalex.org/W3117572387,10.1640/0002-8444-110.4.151,Speciation and Reticulation in the Polystichum Allotetraploids of the Costa Rican Cordillera Talamanca,2020,article,false,closed,,,,,,,,,,,paywalled
https://openalex.org/W3117760575,10.1643/ch-19-329,A New Forest-Dwelling Frog Species of the Genus Adenomera (Leptodactylidae) from Northwestern Brazilian Amazonia,2020,article,true,green,http://hdl.handle.net/11449/207086,,,,,,,,,,oa_pdf
https://openalex.org/W4200574145,10.1016/j.jcz.2021.11.004,The delusion of stripes: A century-old mystery of five-lined sun skinks (Reptilia: Scincidae: Eutropis) of Peninsular India elucidated,2021,article,false,closed,,,,,,,,,,,paywalled
https://openalex.org/W4292265692,10.1080/23802359.2022.2107447,Characterization and phylogenetic analysis of the mitochondrial genome of <i>xanthabraxas hemionata</i> (lepidoptera: Geometridae),2022,article,true,diamond,https://doi.org/10.1080/23802359.2022.2107447,cc-by,PMC9387340,35989875,MED,Y,Y,Y,,https://www.ebi.ac.uk/europepmc/webservices/rest/article/PMC9387340/fullTextXML,pmc_xml
https://openalex.org/W4292883312,10.1093/zoolinnean/zlac057,A tale of two bellies: systematics of the oval frogs (Anura: Microhylidae: <i>Elachistocleis</i> ),2022,article,true,green,http://doi.org/10.1093/zoolinnean/zlac057,,,,,,,,,,oa_pdf
https://openalex.org/W4308630756,10.3390/biology11111611,Molecular Diversity and Evolutionary Relatedness of Paulownia Witches’-Broom Phytoplasma in Different Geographical Distributions in China,2022,article,true,gold,https://www.mdpi.com/2079-7737/11/11/1611/pdf?version=1668176182,cc-by,PMC9687790,36358312,MED,Y,Y,Y,,https://www.ebi.ac.uk/europepmc/webservices/rest/article/PMC9687790/fullTextXML,pmc_xml
https://openalex.org/W4313400587,10.1007/s13127-022-00598-0,"Species delimitation in Ceratozamia (Zamiaceae) from Southwestern Mexico, in light of reproductive and climatic diversification",2022,article,false,closed,,,,,,,,,,,paywalled
https://openalex.org/W4317500315,10.1007/s10658-023-02639-6,"Pseudomonas spp. associated with tomato pith necrosis in the Salto area, Northwest Uruguay",2023,article,false,closed,,,,,,,,,,,paywalled
https://openalex.org/W4317714475,10.3897/asp.81.e85755,"Total evidence analysis elucidates the tangled systematic scenario within Fidicinini (Hemiptera: Auchenorrhyncha, Cicadidae)",2023,article,true,diamond,https://arthropod-systematics.arphahub.com/article/85755/download/pdf/,cc-by,,,,,,,,,oa_pdf
https://openalex.org/W4361249221,10.1086/725164,Phylogeography of Icelandic <i>Agrostis</i> (Poaceae) Reveals a New Geothermal Lineage,2023,article,true,hybrid,https://doi.org/10.1086/725164,cc-by-nc,,,,,,,,,oa_pdf
https://openalex.org/W4366828304,10.3390/genes14050965,The First Complete Mitochondrial Genome of Genus Isocapnia (Plecoptera: Capniidae) and Phylogenetic Assignment of Superfamily Nemouroidea,2023,article,true,gold,https://www.mdpi.com/2073-4425/14/5/965/pdf?version=1682330413,cc-by,PMC10217884,37239326,MED,Y,Y,Y,,https://www.ebi.ac.uk/europepmc/webservices/rest/article/PMC10217884/fullTextXML,pmc_xml
https://openalex.org/W4375945993,10.1016/j.ympev.2023.107811,A transcriptome-based phylogeny for Polynoidae (Annelida: Aphroditiformia),2023,article,true,green,https://researchprofiles.ku.dk/da/publications/7f0bbc2a-e0aa-4efb-b6fb-b43fb9ed5aa7,,,37169231,MED,N,N,N,,,oa_pdf
https://openalex.org/W4378226600,10.3390/v15061240,"Genetic Evolution and Variation of Human Adenovirus Serotype 31 Epidemic Strains in Beijing, China, during 2010–2022",2023,article,true,gold,https://www.mdpi.com/1999-4915/15/6/1240/pdf?version=1684998031,cc-by,PMC10305296,37376540,MED,Y,Y,Y,,https://www.ebi.ac.uk/europepmc/webservices/rest/article/PMC10305296/fullTextXML,pmc_xml
https://openalex.org/W4378714624,10.3897/mycokeys.98.103484,"Morphological and molecular analyses reveal two new species of Microcera (Nectriaceae, Hypocreales) associated with scale insects on walnut in China",2023,article,true,gold,https://mycokeys.pensoft.net/article/103484/download/pdf/,cc-by,PMC10242524,37287767,MED,Y,Y,Y,,https://www.ebi.ac.uk/europepmc/webservices/rest/article/PMC10242524/fullTextXML,pmc_xml
https://openalex.org/W4385634180,10.5852/ejt.2023.888.2205,"Redescription of Adenomera diptyx (Boettger, 1885) (Anura, Leptodactylidae) and description of a closely related new species",2023,article,true,diamond,https://europeanjournaloftaxonomy.eu/index.php/ejt/article/download/2205/9487,cc-by,,,,,,,,,oa_pdf
https://openalex.org/W4387048329,10.3390/jof9100969,Characterization of Complete Mitochondrial Genomes of the Five Peltigera and Comparative Analysis with Relative Species,2023,article,true,gold,https://www.mdpi.com/2309-608X/9/10/969/pdf?version=1695724962,cc-by,PMC10607270,37888225,MED,Y,Y,Y,,https://www.ebi.ac.uk/europepmc/webservices/rest/article/PMC10607270/fullTextXML,pmc_xml
https://openalex.org/W4388556769,10.1093/zoolinnean/zlad138,A highly polymorphic South American collared lizard (Tropiduridae: <i>Tropidurus</i> ) reveals that open–dry refugia from South-western Amazonia staged allopatric speciation,2023,article,false,closed,,,,,,,,,,,paywalled
https://openalex.org/W4390916781,10.1007/s13127-023-00628-5,Novel integrative data for Indomalayan echiniscids (Heterotardigrada): new species and old problems,2024,article,true,hybrid,https://link.springer.com/content/pdf/10.1007/s13127-023-00628-5.pdf,cc-by,,,,,,,,,oa_pdf
https://openalex.org/W4391648140,10.3389/fmicb.2024.1338231,"Diversity of Wickerhamomyces (Wickerhamomycetaceae, Saccharomycetales) in China with the description of four new species",2024,article,true,gold,https://www.frontiersin.org/journals/microbiology/articles/10.3389/fmicb.2024.1338231/pdf,cc-by,PMC10881795,38389540,MED,Y,Y,Y,,https://www.ebi.ac.uk/europepmc/webservices/rest/article/PMC10881795/fullTextXML,pmc_xml
https://openalex.org/W4391884717,10.3897/zse.100.114016,"Integrative description of a new species of Dugesia (Platyhelminthes, Tricladida, Dugesiidae) from southern China, with its complete mitogenome and a biogeographic evaluation",2024,article,true,gold,https://zse.pensoft.net/article/114016/download/pdf/,cc-by,,,,,,,,,oa_pdf
https://openalex.org/W4393276733,10.1007/s13313-024-00973-9,Characterization of Colletotrichum species causing new pre-harvest anthracnose symptoms on mango in Eastern India,2024,article,false,closed,,,,,,,,,,,paywalled
https://openalex.org/W4393951593,10.61733/jconch/4510,"Systematics and biogeography of the genera Pseudiberus Ancey, 1887 and Platypetasus Pilsbry, 1895 (Stylommatophora: Camaenidae), with the description of Pseudiberus shanheicus n. sp.",2024,article,true,bronze,https://doi.org/10.61733/jconch/4510,,,,,,,,,,oa_pdf
https://openalex.org/W4395082324,10.3390/horticulturae10050434,"Olive Anthracnose in Portugal Is Still Mostly Caused by Colletotrichum nymphaeae, but C. acutatum Is Spreading and C. alienum and C. cigarro Are Reported for the First Time",2024,article,true,gold,https://www.mdpi.com/2311-7524/10/5/434/pdf?version=1713948637,cc-by,,,,,,,,,oa_pdf
https://openalex.org/W4395447750,10.1111/ppa.13914,"Characterization and pathogenicity of <i>Alternaria</i> species associated with leaf spot on <i>Plantago lanceolata</i> in Sichuan Province, China",2024,article,true,bronze,https://onlinelibrary.wiley.com/doi/pdfdirect/10.1111/ppa.13914,,,,,,,,,,oa_pdf
https://openalex.org/W4399143390,10.1016/j.funbio.2024.05.004,"Cordyceps cateniannulata: An endophyte of coffee, a parasite of coffee leaf rust and a pathogen of coffee pests",2024,article,false,closed,,,,39059847,MED,N,N,N,,,paywalled
https://openalex.org/W4400697861,10.1007/s10265-024-01558-9,"Molecular phylogenetic reconstruction improves the taxonomic understanding of Indian Dipcadi (Asparagaceae) and reveals a new species from the bank of Hiranyakeshi River, Maharashtra, India",2024,article,false,closed,,,,39009902,MED,N,N,N,,,paywalled
https://openalex.org/W4401701925,10.1007/s11557-024-01984-y,Peronospora species on Myosotis – a showcase for the uncharted diversity of a highly diverse and specialised downy mildew genus,2024,article,true,hybrid,https://link.springer.com/content/pdf/10.1007/s11557-024-01984-y.pdf,cc-by,,,,,,,,,oa_pdf
https://openalex.org/W4402552185,10.1111/zsc.12695,"A non‐monophyly of ‘crowned’ <i>Daphnia</i> (<i>Ctenodaphnia</i>) Dybowski et Grochowski, 1895 (Cladocera: Daphniidae): From genomes to morphology",2024,article,false,closed,,,,,,,,,,,paywalled
https://openalex.org/W4403066582,10.3897/mycokeys.109.128060,Chlorocillium sinense sp. nov. (Clavicipitaceae) and Calcarisporium guizhouense sp. nov. (Calcarisporiaceae) in Hypocreales from China,2024,article,true,gold,https://mycokeys.pensoft.net/article/128060/download/pdf/,cc-by,PMC11464903,39391867,MED,Y,Y,Y,,https://www.ebi.ac.uk/europepmc/webservices/rest/article/PMC11464903/fullTextXML,pmc_xml
https://openalex.org/W4403118627,10.3114/sim.2024.109.07,"Examination of mycoparasites reveals a new type of host-parasite interface and rearranges the taxonomy of <i>Occultifur</i> and <i>Microsporomyces</i> ( <i>Cystobasidiomycetes</i> , <i>Basidiomycota</i> )",2024,article,true,green,https://pmc.ncbi.nlm.nih.gov/articles/PMC11663426/,,PMC11663426,40881650,MED,Y,N,N,,,oa_pdf
https://openalex.org/W4404425942,10.1186/s12864-024-10858-2,Analyses of Xenorhabdus griffiniae genomes reveal two distinct sub-species that display intra-species variation due to prophages,2024,article,true,gold,https://bmcgenomics.biomedcentral.com/counter/pdf/10.1186/s12864-024-10858-2,cc-by,PMC11566119,39548374,MED,Y,Y,Y,,https://www.ebi.ac.uk/europepmc/webservices/rest/article/PMC11566119/fullTextXML,pmc_xml
https://openalex.org/W4407388374,10.1111/1744-7917.13501,Unraveling the cryptic <i>Bemisia tabaci</i> species complex: Global phylogenomic analysis reveals evolutionary relationships and biogeographic patterns,2025,article,true,green,https://hdl.handle.net/11449/305049,,,39930607,MED,N,N,N,,,oa_pdf
https://openalex.org/W4407711369,10.1080/21501203.2025.2457330,Ten new species of <i>Leucoagaricus</i> and <i>Leucocoprinus</i> from Beijing: Revealing rich diversity in temperate regions,2025,article,true,gold,https://doi.org/10.1080/21501203.2025.2457330,,PMC12667348,41334514,MED,Y,Y,Y,,https://www.ebi.ac.uk/europepmc/webservices/rest/article/PMC12667348/fullTextXML,pmc_xml
https://openalex.org/W4410735015,10.1071/is25003,Addressing taxonomic shortfalls in Neotropical gastrotrichs: a new genus and species of freshwater Gastrotricha (Chaetonotida: Paucitubulatina) from Brazil,2025,article,false,closed,,,,40424476,MED,N,N,N,,,paywalled
https://openalex.org/W3127867651,10.1111/1758-2229.12928,Comparative evaluation of <i>Vibrio</i> delineation methodologies in post‐genomic era,2021,article,false,closed,,,,33533180,MED,N,N,N,,,paywalled
https://openalex.org/W3138345404,10.1080/23802359.2021.1886019,"The first mitochondrial genome of a fern sawfly, <i>Strongylogaster xanthocera</i> Stephens, 1835 (Hymenoptera: Tenthredinidae)",2021,article,true,diamond,https://www.tandfonline.com/doi/pdf/10.1080/23802359.2021.1886019?needAccess=true,cc-by,PMC7971261,33796674,MED,Y,Y,Y,,https://www.ebi.ac.uk/europepmc/webservices/rest/article/PMC7971261/fullTextXML,pmc_xml
https://openalex.org/W3196667185,10.1016/j.vetpar.2021.109575,First mitogenome of moniezia sichuanensis from forest musk deer with comparative analyses within cyclophyllidea,2021,article,false,closed,,,,34521041,MED,N,N,N,,,paywalled
https://openalex.org/W4206693319,10.5943/sif/6/1/29,"Talaromyces peaticola (Aspergillaceae, Eurotiales), a new species from the Zoige wetlands, China",2021,article,true,diamond,https://doi.org/10.5943/sif/6/1/29,cc-by,,,,,,,,,oa_pdf
https://openalex.org/W4220995781,10.1007/s11557-022-01791-3,"Phytochytrium and Sparrowiella, two new polycentric genera in Cladochytriales",2022,article,false,closed,,,,,,,,,,,paywalled
https://openalex.org/W4300484475,10.3390/d14080677,"Morphology, Palynology and Molecular Phylogeny of Barleria cristata L. (Acanthaceae) Morphotypes from India",2022,article,true,gold,https://www.mdpi.com/1424-2818/14/8/677/pdf?version=1661423101,cc-by,,,,,,,,,oa_pdf
https://openalex.org/W4311849722,10.3389/fbinf.2022.1074802,"SPLACE: A tool to automatically SPLit, Align, and ConcatenatE genes for phylogenomic inference of several organisms",2022,article,true,gold,https://doi.org/10.3389/fbinf.2022.1074802,cc-by,PMC9772462,36568700,MED,Y,Y,Y,,https://www.ebi.ac.uk/europepmc/webservices/rest/article/PMC9772462/fullTextXML,pmc_xml
https://openalex.org/W4313528336,10.1080/23802359.2022.2155491,Characterization of the complete chloroplast genome of <i>Trailliaedoxa gracilis</i> (Rubiaceae),2023,article,true,diamond,https://www.tandfonline.com/doi/pdf/10.1080/23802359.2022.2155491?download=true,cc-by,PMC9817128,36620313,MED,Y,Y,Y,,https://www.ebi.ac.uk/europepmc/webservices/rest/article/PMC9817128/fullTextXML,pmc_xml
https://openalex.org/W4382786801,10.5943/mycosphere/si/1f/7,"Evolutionary relationships and allied species of Pyronemataceae, with segregation of the novel family Pyropyxidaceae",2023,article,true,diamond,https://doi.org/10.5943/mycosphere/si/1f/7,cc-by-nc-sa,,,,,,,,,oa_pdf
https://openalex.org/W4386118386,10.1007/s40858-023-00602-8,Citrus postbloom fruit drop in commercial orchards in the Brazilian Amazonas state,2023,article,false,closed,,,,,,,,,,,paywalled
https://openalex.org/W4386331022,10.3389/fmars.2023.1219437,Highly rearranged gene orders and rapid evolutionary rates in the mitochondrial genomes of Apodida (Echinodermata: Holothuroidea),2023,article,true,gold,https://www.frontiersin.org/articles/10.3389/fmars.2023.1219437/pdf,cc-by,,,,,,,,,oa_pdf
https://openalex.org/W4388837043,10.1080/14772019.2023.2261457,New odonatans (Odonata: Gomphaeschnidae; Synlestidae) from the Paleocene Paskapoo Formation: systematic and biogeographical implications,2023,article,true,green,https://insu.hal.science/insu-04337315/document,,,,,,,,,,oa_pdf
https://openalex.org/W4390788799,10.3897/mycokeys.101.113040,"Morphological characteristics and phylogenetic evidence reveal two new species and the first report of Comoclathris (Pleosporaceae, Pleosporales) on dicotyledonous plants from China",2024,article,true,gold,https://mycokeys.pensoft.net/article/113040/download/pdf/,cc-by,PMC10799302,38250088,MED,Y,Y,Y,,https://www.ebi.ac.uk/europepmc/webservices/rest/article/PMC10799302/fullTextXML,pmc_xml
https://openalex.org/W4392971343,10.3390/ani14060943,Sequencing and Analysis of the Complete Mitochondrial Genome of Lentipes ikeae,2024,article,true,gold,https://www.mdpi.com/2076-2615/14/6/943/pdf?version=1710837991,cc-by,PMC10967545,38540041,MED,Y,Y,Y,,https://www.ebi.ac.uk/europepmc/webservices/rest/article/PMC10967545/fullTextXML,pmc_xml
https://openalex.org/W4398202615,10.3390/jof10060371,"Identification and Pathogenicity of Pestalotioid Species on Alpinia oxyphylla in Hainan Province, China",2024,article,true,gold,https://www.mdpi.com/2309-608X/10/6/371/pdf?version=1716380330,cc-by,PMC11204877,38921358,MED,Y,Y,Y,,https://www.ebi.ac.uk/europepmc/webservices/rest/article/PMC11204877/fullTextXML,pmc_xml
https://openalex.org/W4398206655,10.3897/mycokeys.105.117871,Unveiling species diversity within the family Conidiobolaceae (Entomophthorales) in China: Descriptions of two new species and reassessment of the taxonomic position of Conidiobolus polyspermus,2024,article,true,gold,https://mycokeys.pensoft.net/article/117871/download/pdf/,cc-by,PMC11137373,38818111,MED,Y,Y,Y,,https://www.ebi.ac.uk/europepmc/webservices/rest/article/PMC11137373/fullTextXML,pmc_xml
https://openalex.org/W4399368108,10.1016/j.ympev.2024.108119,Molecular phylogeny of Hesperiidae (Lepidoptera) with an emphasis on Asian and African genera,2024,article,true,hybrid,https://doi.org/10.1016/j.ympev.2024.108119,cc-by-nc,,38849065,MED,N,N,N,,,oa_pdf
https://openalex.org/W4402130044,10.1007/s12526-024-01464-2,A new species of Anthopleura (Cnidaria: Anthozoa: Actiniaria) from the Mexican Pacific,2024,article,true,hybrid,https://link.springer.com/content/pdf/10.1007/s12526-024-01464-2.pdf,cc-by,,,,,,,,,oa_pdf
https://openalex.org/W4402817718,10.3897/mycokeys.108.126994,"Three new taxa of the lichen genus Lobothallia (Megasporaceae, Ascomycota) from China",2024,article,true,gold,https://doi.org/10.3897/mycokeys.108.126994,cc-by,PMC11420544,39318423,MED,Y,Y,Y,,https://www.ebi.ac.uk/europepmc/webservices/rest/article/PMC11420544/fullTextXML,pmc_xml
https://openalex.org/W4402840742,10.1093/zoolinnean/zlae108,Molecular phylogenetic analyses reveal a radiation of freshwater <i>Gammarus</i> (Amphipoda: Gammaridae) in the northern Chihuahuan Desert,2024,article,true,green,http://publication.plazi.org/id/FF81FF99FFA42A1C81261D313039C24F,,,,,,,,,,oa_pdf
https://openalex.org/W4403301213,10.3897/mycokeys.109.134136,"Two new species of Parastagonospora and a new species of Phaeoseptoriella (Phaeosphaeriaceae, Pleosporales) from grasslands in Yunnan Province, China",2024,article,true,gold,https://mycokeys.pensoft.net/article/134136/download/pdf/,cc-by,PMC11487144,39430415,MED,Y,Y,Y,,https://www.ebi.ac.uk/europepmc/webservices/rest/article/PMC11487144/fullTextXML,pmc_xml
https://openalex.org/W4404008578,10.1038/s41598-024-78192-x,"The complete mitochondrial genome of Dimorphopterus japonicus (Hidaka, 1959) (Hemiptera, Lygaeoidea) and phylogenetic relationships within the Lygaeoidea superfamily",2024,article,true,gold,https://doi.org/10.1038/s41598-024-78192-x,cc-by-nc-nd,PMC11530563,39487309,MED,Y,Y,Y,,https://www.ebi.ac.uk/europepmc/webservices/rest/article/PMC11530563/fullTextXML,pmc_xml
https://openalex.org/W4405879545,10.48130/sif-0024-0020,"&lt;i&gt;Phlyctema yunnanensis&lt;/i&gt; (&lt;i&gt;Dermateaceae&lt;/i&gt;, &lt;i&gt;Helotiales&lt;/i&gt;), a novel species from herbaceous plants in grassland ecosystems of Yunnan, China",2024,article,true,diamond,https://www.maxapress.com/data/article/opr/preview/pdf/sif-0024-0020.pdf,cc-by,,,,,,,,,oa_pdf
https://openalex.org/W4407867089,10.1016/j.cropro.2025.107168,Four new fungal pathogens causing avocado dieback in Brazil,2025,article,false,closed,,,,,,,,,,,paywalled
https://openalex.org/W4408673650,10.1080/00218839.2025.2477412,The mitochondrial genome of <i>Melipona fasciculata</i> and <i>Melipona quadrifasciata</i> : molecular evolution dynamics in stingless bees (Hymenoptera: Meliponini) mitogenomes,2025,article,false,closed,,,,,,,,,,,paywalled
https://openalex.org/W4409744581,10.1186/s12870-025-06570-2,Deciphering the evolutionary imprints of Camellia oleifera Abel.: delineating its distinct phylogeographic structure and demographic history through microsatellite and plastid fragment,2025,article,true,gold,https://bmcplantbiol.biomedcentral.com/counter/pdf/10.1186/s12870-025-06570-2,cc-by-nc-nd,PMC12023482,40275177,MED,Y,Y,Y,,https://www.ebi.ac.uk/europepmc/webservices/rest/article/PMC12023482/fullTextXML,pmc_xml
https://openalex.org/W4409942275,10.3390/pathogens14050428,"Kalmusia variispora (Didymosphaeriaceae, Dothideomycetes) Associated with the Grapevine Trunk Disease Complex in Cyprus",2025,article,true,gold,https://www.mdpi.com/2076-0817/14/5/428/pdf?version=1745830842,cc-by,PMC12113838,40430749,MED,Y,Y,Y,,https://www.ebi.ac.uk/europepmc/webservices/rest/article/PMC12113838/fullTextXML,pmc_xml
https://openalex.org/W4308023827,10.1093/biolinnean/blac097,"Biogeographical events, not cospeciation, might be the main drivers in the historical association between <i>Noctiliostrebla</i> species (Streblidae) and their bulldog bat hosts",2022,article,false,closed,,,,,,,,,,,paywalled
https://openalex.org/W4313442963,10.1016/j.cropro.2022.106171,First report of Nigrospora vesicularifera causing foot rot on sweet potato in Brazil,2023,article,false,closed,,,,,,,,,,,paywalled
https://openalex.org/W4387441896,10.1016/j.cropro.2023.106449,Colletotrichum truncatum causing anthracnose of Catharanhthus roseus in Brazil,2023,article,false,closed,,,,,,,,,,,paywalled
https://openalex.org/W4388621466,10.11646/phytotaxa.625.3.1,The third opinion on fern phylogenetics with novel insights into their mitogenome evolution,2023,article,true,bronze,https://phytotaxa.mapress.com/pt/article/download/phytotaxa.625.3.1/51282,,,,,,,,,,oa_pdf
https://openalex.org/W4391034966,10.3897/bdj.12.e115044,"Modicella guangxiensis (Mortierellomycota, Mortierellaceae), a new species from south-western karst areas of China",2024,article,true,gold,https://bdj.pensoft.net/article/115044/download/pdf/,cc-by,PMC10819624,38283140,MED,Y,Y,Y,,https://www.ebi.ac.uk/europepmc/webservices/rest/article/PMC10819624/fullTextXML,pmc_xml
https://openalex.org/W4391311621,10.1134/s1063074023080060,"Molecular Identity of Laonice cirrata (Sars, 1851) (Annelida, Spionidae) and Description of a New Laonice species from the Northwest Pacific",2023,article,false,closed,,,,,,,,,,,paywalled
https://openalex.org/W4391486096,10.3390/ani14030495,Comprehensive Analysis of Phylogenetic Relationship and Optimal Codons in Mitochondrial Genomes of the Genus Pseudogastromyzon,2024,article,true,gold,https://www.mdpi.com/2076-2615/14/3/495/pdf?version=1706859217,cc-by,PMC10854560,38338138,MED,Y,Y,Y,,https://www.ebi.ac.uk/europepmc/webservices/rest/article/PMC10854560/fullTextXML,pmc_xml
https://openalex.org/W4392505294,10.1007/s11033-024-09330-x,Characterization of the complete mitochondrial genome of Paecilomyces variotii and comparative evolutionary mitochondriomics of 36 fungi,2024,article,false,closed,,,,38446255,MED,N,N,N,,,paywalled
https://openalex.org/W4392509862,10.3390/f15030490,Colletotrichum Species Causing Cyclocarya paliurus Anthracnose in Southern China,2024,article,true,gold,https://www.mdpi.com/1999-4907/15/3/490/pdf?version=1709712822,cc-by,,,,,,,,,oa_pdf
https://openalex.org/W4392553397,10.3390/horticulturae10030253,Microsatellite Sequence Polymorphisms Reveals Substantial Diversity in Caribbean Breadfruit [Artocarpus altilis (Parkinson) Fosberg] Germplasm,2024,article,true,gold,https://www.mdpi.com/2311-7524/10/3/253/pdf?version=1709782749,cc-by,,,,,,,,,oa_pdf
https://openalex.org/W4396536608,10.47371/mycosci.2024.02.001,"&lt;i&gt;Coltricia raigadensis&lt;/i&gt; (&lt;i&gt;Hymenochaetaceae, Basidiomycota&lt;/i&gt;), a new species from India",2024,article,true,diamond,https://www.jstage.jst.go.jp/article/mycosci/advpub/0/advpub_MYC624/_pdf,cc-by-nc-nd,PMC11369302,39233755,MED,Y,Y,Y,,https://www.ebi.ac.uk/europepmc/webservices/rest/article/PMC11369302/fullTextXML,pmc_xml
https://openalex.org/W4401610432,10.3390/horticulturae10080865,"Biological Control of Streptomyces Species Causing Common Scabs in Potato Tubers in the Yaqui Valley, Mexico",2024,article,true,gold,https://www.mdpi.com/2311-7524/10/8/865/pdf?version=1723719288,cc-by,,,,,,,,,oa_pdf
https://openalex.org/W4402456725,10.1111/zsc.12693,"Description of a new genus and species of deep‐sea mysids (Malacostraca, Peracarida, Mysida) from the Caroline Ridge, Northwest Pacific, with a systematic analysis of the order",2024,article,false,closed,,,,,,,,,,,paywalled
https://openalex.org/W4403217618,10.1155/2024/9886076,"Morphology, Phylogeny, and Evolution of the Rarely Known Genus <i>Admetella</i> McIntosh, 1885 (Annelida, Polynoidae) with Recognition of Four New Species from Western Pacific Seamounts",2024,article,true,diamond,https://onlinelibrary.wiley.com/doi/pdfdirect/10.1155/2024/9886076,cc-by,,,,,,,,,oa_pdf
https://openalex.org/W4404139770,10.3897/mycokeys.110.135724,"Two new Cordyceps-like species, Perennicordyceps zongqii sp. nov. (Polycephalomycetaceae) and Purpureocillium zongqii sp. nov. (Ophiocordycipitaceae), in Hypocreales from karst region of China",2024,article,true,gold,https://doi.org/10.3897/mycokeys.110.135724,cc-by,PMC11565184,39552615,MED,Y,Y,Y,,https://www.ebi.ac.uk/europepmc/webservices/rest/article/PMC11565184/fullTextXML,pmc_xml
https://openalex.org/W4405230304,10.3389/fcimb.2024.1476066,"Five new species, two new sexual morph reports, and one new geographical record of Apiospora (Amphisphaeriales, Sordariomycetes) isolated from bamboo in Yunnan, China",2024,article,true,gold,https://doi.org/10.3389/fcimb.2024.1476066,cc-by,PMC11668347,39720793,MED,Y,Y,Y,,https://www.ebi.ac.uk/europepmc/webservices/rest/article/PMC11668347/fullTextXML,pmc_xml
https://openalex.org/W4405279342,10.1111/ppa.14046,Alternaria brown spot: An emerging problem on annonaceous orchards in northeast Brazil,2024,article,false,closed,,,,,,,,,,,paywalled
https://openalex.org/W4405471681,10.1093/beheco/arae104,Life expectancy in ants explains variation in helpfulness regardless of phylogenetic relatedness,2024,article,true,hybrid,https://academic.oup.com/beheco/advance-article-pdf/doi/10.1093/beheco/arae104/61213499/arae104.pdf,cc-by,PMC11932148,40134390,MED,Y,Y,Y,,https://www.ebi.ac.uk/europepmc/webservices/rest/article/PMC11932148/fullTextXML,pmc_xml
https://openalex.org/W4406651405,10.47371/mycosci.2024.11.003,"New species of &lt;i&gt;Hymenagaricus&lt;/i&gt; and &lt;i&gt;Xanthagaricus&lt;/i&gt; (&lt;i&gt;Agaricaceae&lt;/i&gt;), from Maharashtra, India",2025,article,true,diamond,https://doi.org/10.47371/mycosci.2024.11.003,cc-by-nc-nd,PMC13062906,41970500,MED,Y,Y,Y,,https://www.ebi.ac.uk/europepmc/webservices/rest/article/PMC13062906/fullTextXML,pmc_xml
https://openalex.org/W4406780233,10.1111/syen.12671,Revision of subfamily Calonecrinae (Coleoptera: Cucujoidea: Nitidulidae) systematics and natural history of a mysterious group,2025,article,true,bronze,https://onlinelibrary.wiley.com/doi/pdfdirect/10.1111/syen.12671,,,,,,,,,,oa_pdf
https://openalex.org/W4406873081,10.1016/j.ympev.2025.108292,Genome skimming for improved phylogenetics of Taiwanese phasmids (Insecta: Phasmatodea),2025,article,false,closed,,,,39864640,MED,N,N,N,,,paywalled
https://openalex.org/W4407405582,10.3897/mycokeys.113.139934,"Three novel species and a new record of Pleosporales (Didymellaceae, Roussoellaceae) from China",2025,article,true,gold,https://mycokeys.pensoft.net/article/139934/download/pdf/,cc-by,PMC11840433,39980720,MED,Y,Y,Y,,https://www.ebi.ac.uk/europepmc/webservices/rest/article/PMC11840433/fullTextXML,pmc_xml
https://openalex.org/W4407705949,10.1007/s13127-025-00671-4,An integrative description of a new species of the genus Mesobiotus (Tardigrada: Eutardigrada: Macrobiotidae) from Poland,2025,article,false,closed,,,,,,,,,,,paywalled
https://openalex.org/W4408928167,10.3897/mycokeys.115.144137,"Additions to the genus Mycena (Mycenaceae, Agaricales): Descriptions of five new taxa in Hunan Province, China",2025,article,true,gold,https://mycokeys.pensoft.net/article/144137/download/pdf/,cc-by,PMC11971645,40191282,MED,Y,Y,Y,,https://www.ebi.ac.uk/europepmc/webservices/rest/article/PMC11971645/fullTextXML,pmc_xml
https://openalex.org/W4410041205,10.3897/mycokeys.117.145587,"Morpho-molecular analyses reveal two novel species and two new records of Dictyosporiaceae (Pleosporales) from Dulongjiang River in northwestern Yunnan Province, China",2025,article,true,gold,https://mycokeys.pensoft.net/article/145587/download/pdf/,cc-by,PMC12059576,40351352,MED,Y,Y,Y,,https://www.ebi.ac.uk/europepmc/webservices/rest/article/PMC12059576/fullTextXML,pmc_xml
https://openalex.org/W4410358515,10.1080/00275514.2025.2491954,Multigene-based establishment of a novel Pleosporales family (Leandriaceae) and neotypification of <i>Leandria momordicae</i> Rangel,2025,article,false,closed,,,,40367105,MED,N,N,N,,,paywalled
https://openalex.org/W4410785190,10.1186/s12866-025-04057-6,"Characterization of Setophoma henanensis sp. Nov., causing root rot on peanut",2025,article,true,gold,https://bmcmicrobiol.biomedcentral.com/counter/pdf/10.1186/s12866-025-04057-6,cc-by-nc-nd,PMC12107722,40426048,MED,Y,Y,Y,,https://www.ebi.ac.uk/europepmc/webservices/rest/article/PMC12107722/fullTextXML,pmc_xml
https://openalex.org/W4411147771,10.1080/00275514.2025.2497588,"<i>Didymellaceae</i> species associated with <i>Convolvulaceae</i> plants, with description of three new species",2025,article,false,closed,,,,40489212,MED,N,N,N,,,paywalled
https://openalex.org/W4412419445,10.1093/jisesa/ieaf064,How reliable is mitochondrial DNA for recovering the phylogeny of Chironomidae (Culicomorpha: Diptera)?,2025,article,true,gold,https://academic.oup.com/jinsectscience/article-pdf/25/4/1/63761647/ieaf064.pdf,cc-by-nc,PMC12260381,40662267,MED,Y,Y,Y,,https://www.ebi.ac.uk/europepmc/webservices/rest/article/PMC12260381/fullTextXML,pmc_xml
https://openalex.org/W4412582334,10.3389/fgene.2025.1602048,The chloroplast genome of the Peltigera elisabethae photobiont Chloroidium sp. W5 and its phylogenetic implications,2025,article,true,gold,https://www.frontiersin.org/journals/genetics/articles/10.3389/fgene.2025.1602048/pdf,cc-by,PMC12325071,40772276,MED,Y,Y,Y,,https://www.ebi.ac.uk/europepmc/webservices/rest/article/PMC12325071/fullTextXML,pmc_xml
https://openalex.org/W4412834780,10.1080/03235408.2025.2530794,Botryosphaeriaceae species implicated with cherry gummosis disease (CGD) in cherry orchards in Pakistan,2025,article,false,closed,,,,,,,,,,,paywalled
https://openalex.org/W4413970621,10.1016/j.ijbiomac.2025.147063,"Large-scale comparative analysis of blowfly mitogenomes, with an emphasis on Calliphorinae (Diptera: Calliphoridae), provides evolutionary insights into mitochondrial DNA structure, gene rearrangements, and inter- and intra-subfamilial relationships among blowflies",2025,article,true,hybrid,https://doi.org/10.1016/j.ijbiomac.2025.147063,cc-by,,40850422,MED,N,N,N,,,oa_pdf
https://openalex.org/W3215866409,10.2108/zs200103,A New Species and New Record of Freshwater Turbellarians of the Genus Gieysztoria (Platyhelminthes: Rhabdocoela) from China,2021,article,false,closed,,,,35380192,MED,N,N,N,,,paywalled
https://openalex.org/W4225296603,10.1080/23802359.2022.2068984,"The complete mitochondrial genome of small wax moth, <i>Achroia grisella</i> (Pyralidae: Galleriinae)",2022,article,true,diamond,https://www.tandfonline.com/doi/pdf/10.1080/23802359.2022.2068984?needAccess=true,cc-by,PMC9090344,35558182,MED,Y,Y,Y,,https://www.ebi.ac.uk/europepmc/webservices/rest/article/PMC9090344/fullTextXML,pmc_xml
https://openalex.org/W4386031730,10.3897/zookeys.1175.90920,"Phylogenetic placement of eight poorly known spiders of Microdipoena (Araneae, Mysmenidae), with descriptions of five new species",2023,article,true,gold,https://zookeys.pensoft.net/article/90920/download/pdf/,cc-by,PMC10463272,37649579,MED,Y,Y,Y,,https://www.ebi.ac.uk/europepmc/webservices/rest/article/PMC10463272/fullTextXML,pmc_xml
https://openalex.org/W4391558755,10.11646/phytotaxa.636.2.2,"Additions to Crassiparies and Neobrevicollum (Neohendersoniaceae, Pleosporales) associated with woody hosts in Southwest China",2024,article,true,bronze,https://phytotaxa.mapress.com/pt/article/download/phytotaxa.636.2.2/51508,,,,,,,,,,oa_pdf
https://openalex.org/W4391760381,10.36253/phyto-14632,Cercospora beticola causes leaf and stem spots of New Zealand spinach (Tetragonia tetragonoides) in Brazil,2023,article,true,gold,https://oajournals.fupress.net/index.php/pm/article/download/14632/13590,cc-by,,,,,,,,,oa_pdf
https://openalex.org/W4392624135,10.1111/syen.12628,Phylogeny and historical biogeography of the leafhopper subfamily <scp>Coelidiinae (Hemiptera: Cicadellidae)</scp> based on morphological and molecular data,2024,article,true,bronze,https://onlinelibrary.wiley.com/doi/pdfdirect/10.1111/syen.12628,,,,,,,,,,oa_pdf
https://openalex.org/W4395695254,10.1093/aob/mcae058,Evolutionary trends of reproductive phenotype in Cycadales: an analysis of morphological evolution in <i>Ceratozamia</i>,2024,article,true,hybrid,https://academic.oup.com/aob/article-pdf/134/4/631/60241591/mcae058.pdf,cc-by,PMC11523635,38676472,MED,Y,Y,Y,,https://www.ebi.ac.uk/europepmc/webservices/rest/article/PMC11523635/fullTextXML,pmc_xml
https://openalex.org/W4399389279,10.3897/zookeys.1204.121088,"A new species of the genus Yoldiella (Bivalvia, Protobranchia, Yoldiidae) from Haima Cold Seep, South China Sea, China",2024,article,true,gold,https://zookeys.pensoft.net/article/121088/download/pdf/,cc-by,PMC11176815,38882561,MED,Y,Y,Y,,https://www.ebi.ac.uk/europepmc/webservices/rest/article/PMC11176815/fullTextXML,pmc_xml
https://openalex.org/W4399940402,10.1111/jph.13346,Insights into the identity and infectivity of the fungi causing Cercospora leaf spots on two ornamental aroids in Brazil,2024,article,false,closed,,,,,,,,,,,paywalled
https://openalex.org/W4403682073,10.1111/zsc.12698,"Reconstructing host plant repertoire and timing of evolution of phyline plant bugs (Hemiptera, Miridae)",2024,article,true,hybrid,https://onlinelibrary.wiley.com/doi/pdfdirect/10.1111/zsc.12698,cc-by-nc-nd,,,,,,,,,oa_pdf
https://openalex.org/W4403870670,10.1080/07060661.2024.2413956,"Characterization of <i>Trichoderma</i> spp. and their antagonistic activity against soilborne fungi associated with chickpea wilt in Sinaloa, Mexico",2024,article,false,closed,,,,,,,,,,,paywalled
https://openalex.org/W4404850570,10.1016/j.ympev.2024.108252,"Endogean habits drove cryptic diversification in Appalachian Lathrobium Gravenhorst (Coleoptera, Staphylinidae)",2024,article,false,closed,,,,39617090,MED,N,N,N,,,paywalled
https://openalex.org/W4405236790,10.1093/aob/mcae207,Diversity on a small scale: phylogeography of the locally endemic dwarf succulent genus <i>Oophytum</i> (Aizoaceae) in the Knersvlakte of South Africa,2024,article,true,hybrid,https://academic.oup.com/aob/advance-article-pdf/doi/10.1093/aob/mcae207/60950021/mcae207.pdf,cc-by,PMC11904907,39656776,MED,Y,Y,Y,,https://www.ebi.ac.uk/europepmc/webservices/rest/article/PMC11904907/fullTextXML,pmc_xml
https://openalex.org/W4406233652,10.1111/jbi.15081,Oligocene Odyssey: Molecular Phylogenetic Analyses Describe the Origin and Diversification of Freshwater <i>Gammarus</i> in Eastern North America,2025,article,true,hybrid,https://onlinelibrary.wiley.com/doi/pdfdirect/10.1111/jbi.15081,cc-by-nc-nd,,,,,,,,,oa_pdf
https://openalex.org/W4406779938,10.1080/15627020.2024.2426456,"Review of Arctic and Pacific <i>Marenzelleria</i> (Annelida: Spionidae), with new records and comments on <i>Spio gorbunovi</i> Averincev, 1990",2025,article,false,closed,,,,,,,,,,,paywalled
https://openalex.org/W4406799603,10.3897/mycokeys.113.140031,Additions to the saprobic fungi (Ascomycota) associated with macadamia trees from the Greater Mekong Subregion,2025,article,true,gold,https://doi.org/10.3897/mycokeys.113.140031,cc-by,PMC11786193,39897715,MED,Y,Y,Y,,https://www.ebi.ac.uk/europepmc/webservices/rest/article/PMC11786193/fullTextXML,pmc_xml
https://openalex.org/W4407029908,10.3897/mycokeys.113.142643,Morpho-phylogenetic evidence reveals Pseudolomaantha thailandica gen. et sp. nov. and Submultiguttulispora multiseptata gen. et sp. nov. in Chaetosphaeriaceae,2025,article,true,gold,https://doi.org/10.3897/mycokeys.113.142643,cc-by,PMC11806344,39925748,MED,Y,Y,Y,,https://www.ebi.ac.uk/europepmc/webservices/rest/article/PMC11806344/fullTextXML,pmc_xml
https://openalex.org/W4407264926,10.3897/mycokeys.113.140684,"Freshwater fungi in the karst plateau wetlands from Guizhou Province, China: taxonomic novelties in Melanommataceae (Pleosporales)",2025,article,true,gold,https://mycokeys.pensoft.net/article/140684/download/pdf/,cc-by,PMC11829198,39959309,MED,Y,Y,Y,,https://www.ebi.ac.uk/europepmc/webservices/rest/article/PMC11829198/fullTextXML,pmc_xml
https://openalex.org/W4407594457,10.1007/s13127-025-00670-5,Molecular phylogeny of the hadrotarsine genera from East Asia provides new insights for their affinities and positions within cobweb spiders (Araneae: Theridiidae: Hadrotarsinae),2025,article,false,closed,,,,,,,,,,,paywalled
https://openalex.org/W4408652576,10.3390/genes16030355,The First Complete Mitochondrial Genomes for the Genus Dianema (Siluriformes: Callichthyidae): Dianema longibarbis and D. urostriatum,2025,article,true,gold,https://www.mdpi.com/2073-4425/16/3/355/pdf?version=1742475057,cc-by,PMC11941792,40149506,MED,Y,Y,Y,,https://www.ebi.ac.uk/europepmc/webservices/rest/article/PMC11941792/fullTextXML,pmc_xml
https://openalex.org/W4408973869,10.1002/aqc.70109,Estimating Species Distributions of Sphaeriid Clams in the Western United States: Implications for Conservation,2025,article,true,hybrid,https://onlinelibrary.wiley.com/doi/pdfdirect/10.1002/aqc.70109,cc-by,,,,,,,,,oa_pdf
https://openalex.org/W4409537040,10.1371/journal.pntd.0013040,New insights into the genomic information of an overlooked human pathogen: Bartonella rochalimae causative agent of Carrion’s disease,2025,article,true,gold,https://doi.org/10.1371/journal.pntd.0013040,cc-by,PMC12043232,40245044,MED,Y,Y,Y,,https://www.ebi.ac.uk/europepmc/webservices/rest/article/PMC12043232/fullTextXML,pmc_xml
https://openalex.org/W4409688965,10.3389/fmicb.2025.1566263,Additions to the family Junewangiaceae (Sordariomycetes): novel species and new records from freshwater habitats in Southwestern China,2025,article,true,gold,https://www.frontiersin.org/journals/microbiology/articles/10.3389/fmicb.2025.1566263/pdf,cc-by,PMC12053288,40330731,MED,Y,Y,Y,,https://www.ebi.ac.uk/europepmc/webservices/rest/article/PMC12053288/fullTextXML,pmc_xml
https://openalex.org/W4409698819,10.3897/mycokeys.116.142263,"Three new species of Apiospora (Apiosporaceae, Amphisphaeriales) associated with diseased bamboo in China",2025,article,true,gold,https://mycokeys.pensoft.net/article/142263/download/pdf/,cc-by,PMC12044342,40313692,MED,Y,Y,Y,,https://www.ebi.ac.uk/europepmc/webservices/rest/article/PMC12044342/fullTextXML,pmc_xml
https://openalex.org/W4410120673,10.1007/s12562-025-01879-1,The traditional local fishery of air-breathing sea slug genus Peronia in the Ryukyu Islands,2025,article,false,closed,,,,,,,,,,,paywalled
https://openalex.org/W4410586839,10.7717/peerj.19373,"Description of a novel <i>Ligia</i> species from Nihoa, a remote island in the Papahānaumokuākea Marine National Monument",2025,article,true,gold,https://peerj.com/articles/19373.pdf,cc-by,PMC12103841,40416627,MED,Y,Y,Y,,https://www.ebi.ac.uk/europepmc/webservices/rest/article/PMC12103841/fullTextXML,pmc_xml
https://openalex.org/W4410942826,10.1007/s40415-025-01090-7,On the ecological value of the pseudopetiole in Cyperaceae and its usefulness in Liliopsida,2025,article,false,closed,,,,,,,,,,,paywalled
https://openalex.org/W4411151306,10.3897/mycokeys.118.141080,"Morphology, multilocus phylogeny, and toxin analysis reveal two new species of Amanita section Amanita (Amanitaceae) from China",2025,article,true,gold,https://mycokeys.pensoft.net/article/141080/download/pdf/,cc-by,PMC12171729,40530239,MED,Y,Y,Y,,https://www.ebi.ac.uk/europepmc/webservices/rest/article/PMC12171729/fullTextXML,pmc_xml
https://openalex.org/W4411161943,10.1093/jcbiol/ruaf022,"Molecular phylogenetics of <i>Thor</i> Kingsley, 1878 and <i>Thinora</i> Bruce, 1997 (Decapoda: Caridea: Thoridae), with the relegation of <i>Thinora</i> to synonymy and the description of two new species of <i>Thor</i>, one cryptic",2025,article,false,closed,,,,,,,,,,,paywalled
https://openalex.org/W4411218457,10.3390/ijms26125569,Dating the Origin and Spread of Plastids and Chromatophores,2025,article,true,gold,https://www.mdpi.com/1422-0067/26/12/5569/pdf?version=1749612197,cc-by,PMC12193072,40565033,MED,Y,Y,Y,,https://www.ebi.ac.uk/europepmc/webservices/rest/article/PMC12193072/fullTextXML,pmc_xml
https://openalex.org/W4411507837,10.1016/j.algal.2025.104164,"Molecular phylogeny and character evolution of family Selenastraceae (Sphaeropelales, Chlorophyceae, Chlorophyta)",2025,article,false,closed,,,,,,,,,,,paywalled
https://openalex.org/W4411734727,10.1016/j.ttbdis.2025.102507,Comparative distribution and population genetics of bisexual and parthenogenetic Asian longhorned tick (Haemaphysalis longicornis) in the Republic of Korea,2025,article,true,gold,https://doi.org/10.1016/j.ttbdis.2025.102507,cc-by,,40580568,MED,N,N,N,,,oa_pdf
https://openalex.org/W4411873503,10.3897/mycokeys.119.145174,"Overview of hirsutella-like anamorphs in Ophiocordyceps (Sordariomycetes, Ophiocordycipitaceae): introducing two new species and one new record from China",2025,article,true,gold,https://mycokeys.pensoft.net/article/145174/download/pdf/,cc-by,PMC12239012,40641592,MED,Y,Y,Y,,https://www.ebi.ac.uk/europepmc/webservices/rest/article/PMC12239012/fullTextXML,pmc_xml
https://openalex.org/W4411960127,10.1093/zoolinnean/zlaf072,Miocene marine transgression and climate variation drove diversification of subtropical <i>Proceratophrys</i> frogs in the Araucaria Forest,2025,article,false,closed,,,,,,,,,,,paywalled
https://openalex.org/W4412717604,10.1016/j.jcz.2025.07.009,Seek and describe: An integrative description of a new species of Ornamentula (Gastrotricha: Paucitubulatina),2025,article,false,closed,,,,,,,,,,,paywalled
https://openalex.org/W4412994955,10.1002/ece3.71906,Mitochondrial Genome Comparison and Phylogenetic Analysis of Four Species of Dung Beetles (Coleoptera: Scarabaeidae: Scarabaeinae),2025,article,true,gold,https://onlinelibrary.wiley.com/doi/pdfdirect/10.1002/ece3.71906,cc-by,PMC12322740,40766164,MED,Y,Y,Y,,https://www.ebi.ac.uk/europepmc/webservices/rest/article/PMC12322740/fullTextXML,pmc_xml
https://openalex.org/W4413086955,10.2108/zs240111,"Luticola nematophagus gen. et sp. nov. (Platyhelminthes: Rhabdocoela), a Terrestrial Ascophorine Flatworm from China and Its Biological Characteristics",2025,article,false,closed,,,,40908937,MED,N,N,N,,,paywalled
https://openalex.org/W4414021390,10.1080/12298093.2025.2546687,Morphology and molecular phylogeny of <i>Cercospora dispori</i> from <i>Disporum smilacinum</i> and <i>Disporum viridescens</i>,2025,article,true,gold,https://doi.org/10.1080/12298093.2025.2546687,,PMC12416022,40926782,MED,Y,Y,Y,,https://www.ebi.ac.uk/europepmc/webservices/rest/article/PMC12416022/fullTextXML,pmc_xml
https://openalex.org/W4414556801,10.1186/s12864-025-12018-6,Genomic analyses of Purpureocillium lilacinum reveal unique DNA regions for developing isolate-specific molecular markers,2025,article,true,gold,https://bmcgenomics.biomedcentral.com/counter/pdf/10.1186/s12864-025-12018-6,cc-by-nc-nd,PMC12465793,41013178,MED,Y,Y,Y,,https://www.ebi.ac.uk/europepmc/webservices/rest/article/PMC12465793/fullTextXML,pmc_xml
https://openalex.org/W4414874547,10.1080/24750263.2025.2548265,"A new <i>Diaforobiotus</i> species (Tardigrada: eutardigrada: richtersiusidae) from the Mexican transition zone, described based on multiple lines of evidence",2025,article,true,gold,https://doi.org/10.1080/24750263.2025.2548265,,,,,,,,,,oa_pdf
https://openalex.org/W4415106121,10.3897/mycokeys.123.156526,"Three new species and two new records of the genus Laccaria (Agaricales, Basidiomycota) from subtropical China based on morphological and multi-locus phylogenetic evidence",2025,article,true,gold,https://mycokeys.pensoft.net/article/156526/download/pdf/,cc-by,PMC12538215,41127502,MED,Y,Y,Y,,https://www.ebi.ac.uk/europepmc/webservices/rest/article/PMC12538215/fullTextXML,pmc_xml
https://openalex.org/W4415161009,10.1111/jph.70181,"<i>Mycoleptodiscus polygonati</i> sp. nov., a New Fungal Species Causing Leaf Blight in <i>Polygonatum cyrtonema</i>",2025,article,false,closed,,,,,,,,,,,paywalled
https://openalex.org/W4415387585,10.1002/ece3.72321,"Comparative Mitogenomics of Andini (Hemiptera: Cixiidae) Reveals Rapid Radiation, Clarifies Relationships, and Supports Taxonomic Revision Within the Tribe",2025,article,true,gold,https://doi.org/10.1002/ece3.72321,cc-by,PMC12537841,41126815,MED,Y,Y,Y,,https://www.ebi.ac.uk/europepmc/webservices/rest/article/PMC12537841/fullTextXML,pmc_xml
https://openalex.org/W4415474091,10.3897/mycokeys.124.168933,"Two novel Helicosporium species (Tubeufiaceae, Tubeufiales) from southern China based on morphological and molecular evidence",2025,article,true,gold,https://mycokeys.pensoft.net/article/168933/download/pdf/,cc-by,PMC12576478,41179845,MED,Y,Y,Y,,https://www.ebi.ac.uk/europepmc/webservices/rest/article/PMC12576478/fullTextXML,pmc_xml
https://openalex.org/W4416505979,10.3897/vz.75.e167366,"Systematics of African rough-scaled lizards, with description of two new species from eastern Angola (Squamata: Lacertidae: Ichnotropis Peters, 1854)",2025,article,true,diamond,https://doi.org/10.3897/vz.75.e167366,cc-by,,,,,,,,,oa_pdf
https://openalex.org/W4416536977,10.1007/s12526-025-01585-2,"Revisiting Anthopleura cascaia (nomen nudum): Description of Anthopleura correae sp. nov. and the taxonomic challenges of a variable lineage (Anthozoa, Actiniaria)",2025,article,false,closed,,,,,,,,,,,paywalled
https://openalex.org/W4416713584,10.1016/j.jcz.2025.11.005,Limpets of the family Lepetidae (Patellogastropoda) from the continental shelf of the Northwestern Pacific – generic and specific composition,2025,article,false,closed,,,,,,,,,,,paywalled
https://openalex.org/W4417044215,10.3390/ijms262411785,Voltage-Gated Sodium Channel Substitutions Underlying Tetrodotoxin Resistance in Nemerteans: Ecological and Evolutionary Implications,2025,article,true,gold,https://www.mdpi.com/1422-0067/26/24/11785/pdf,cc-by,PMC12732450,41465217,MED,Y,Y,Y,,https://www.ebi.ac.uk/europepmc/webservices/rest/article/PMC12732450/fullTextXML,pmc_xml
https://openalex.org/W4417091456,10.1002/ps.70417,"Vegetal residue‐based formulation of <i>Trichoderma ossianense</i> , a new indigenous vineyard species adapted to alkaline <scp>pH</scp> with potential biocontrol ability against Black‐foot disease pathogens",2025,article,true,hybrid,https://onlinelibrary.wiley.com/doi/pdfdirect/10.1002/ps.70417,cc-by,PMC12976189,41351328,MED,Y,Y,Y,,https://www.ebi.ac.uk/europepmc/webservices/rest/article/PMC12976189/fullTextXML,pmc_xml
https://openalex.org/W4417465789,10.1016/j.jcz.2025.12.006,"Taxonomic revision of the Nannospalax ehrenbergi species complex (Rodentia: Spalacidae) in Anatolian Peninsula, with description of three new species",2025,article,false,closed,,,,,,,,,,,paywalled
https://openalex.org/W7117145788,10.3390/jof12010013,Diversity of Fungi Associated with Diseases of Cultivated Brassicaceae in Southern Italy,2025,article,true,gold,https://www.mdpi.com/2309-608X/12/1/13/pdf,cc-by,PMC12843184,41590425,MED,Y,Y,Y,,https://www.ebi.ac.uk/europepmc/webservices/rest/article/PMC12843184/fullTextXML,pmc_xml
https://openalex.org/W7118383040,10.3897/mycokeys.127.175758,"Two new saprobic species of Helicosporium and Dictyosporium and a new host record of Neohelicomyces guizhouensis isolated from Phellodendron amurense (Rutaceae, Tracheophyta) in China",2026,article,true,gold,https://mycokeys.pensoft.net/article/175758/download/pdf/,cc-by,PMC12809164,41550260,MED,Y,Y,Y,,https://www.ebi.ac.uk/europepmc/webservices/rest/article/PMC12809164/fullTextXML,pmc_xml
https://openalex.org/W7123579634,10.3389/fmicb.2025.1677230,Glutamate potentiates susceptibility of P. aeruginosa clinical isolates to gentamycin: a new adjuvant hope for an old antibiotic,2026,article,true,gold,https://doi.org/10.3389/fmicb.2025.1677230,cc-by,PMC12847261,41614127,MED,Y,Y,Y,,https://www.ebi.ac.uk/europepmc/webservices/rest/article/PMC12847261/fullTextXML,pmc_xml
https://openalex.org/W7133206625,10.3897/mycokeys.129.178173,"Two novel species of Neohelicomyces (Tubeufiaceae, Tubeufiales) from Guizhou Province, China",2026,article,true,gold,https://mycokeys.pensoft.net/article/178173/download/pdf/,cc-by,PMC12973048,41816261,MED,Y,Y,Y,,https://www.ebi.ac.uk/europepmc/webservices/rest/article/PMC12973048/fullTextXML,pmc_xml
https://openalex.org/W7133508878,10.1371/journal.pone.0340630,Structural and phylogenetic insights from complete chloroplast genomes of seven Vicia species,2026,article,true,gold,https://doi.org/10.1371/journal.pone.0340630,cc-by,PMC12959699,41779816,MED,Y,Y,Y,,https://www.ebi.ac.uk/europepmc/webservices/rest/article/PMC12959699/fullTextXML,pmc_xml
https://openalex.org/W2531491085,10.1111/ivb.12145,Phylogeographic analysis of invasive Asian earthworms (<i>Amynthas</i>) in the northeast United States,2016,article,true,hybrid,https://doi.org/10.1111/ivb.12145,cc-by-nc-nd,,,,,,,,,oa_pdf
https://openalex.org/W2041581960,10.3109/19401736.2014.1003821,"Seven complete mitochondrial genome sequences of bushtits (Passeriformes, Aegithalidae,<i>Aegithalos</i>): the evolution pattern in duplicated control regions",2015,article,false,closed,,,,25633179,MED,N,N,N,,,paywalled
https://openalex.org/W2092062816,10.1111/zsc.12030,"Phylogeny of eriphioid crabs (<scp>B</scp>rachyura, <scp>E</scp>riphioidea) inferred from molecular and morphological studies",2013,article,false,closed,,,,,,,,,,,paywalled
https://openalex.org/W2560335545,10.1016/j.aspen.2016.12.002,Estimation of a new molecular marker of the genus Stathmopoda (Lepidoptera: Stathmopodidae): Comparing EF1a and COI sequences,2016,article,false,closed,,,,,,,,,,,paywalled
https://openalex.org/W2727279364,10.12705/664.4,"Phylogeny, taxonomy and biogeography of Neotropical Quiinoideae (Ochnaceae s.l.)",2017,article,false,closed,,,,,,,,,,,paywalled
https://openalex.org/W2795258338,10.1111/mec.14573,Diversification of African tree frogs (genus <i>Leptopelis</i>) in the highlands of Ethiopia,2018,article,false,closed,,,,29603468,MED,N,N,N,,,paywalled
https://openalex.org/W2468082772,10.1128/aem.00620-16,Multilocus Sequence Analysis of Close Relatives Vibrio anguillarum and Vibrio ordalii,2016,article,true,bronze,https://aem.asm.org/content/aem/82/18/5496.full.pdf,,PMC5007779,27371582,MED,Y,N,Y,,,oa_pdf
https://openalex.org/W2006605735,10.1111/azo.12039,Gain of palps within a lineage of ancestrally burrowing annelids (<scp>S</scp>calibregmatidae),2013,article,false,closed,,,,,,,,,,,paywalled
https://openalex.org/W2127204599,10.1655/herpetologica-d-13-00029,A New Species of<i>Allophryne</i>(Anura: Allophrynidae) from the Atlantic Rain Forest Biome of Eastern Brazil,2013,article,true,bronze,https://bioone.org/journals/herpetologica/volume-69/issue-4/HERPETOLOGICA-D-13-00029/A-New-Species-of-Allophryne-Anura--Allophrynidae-from-the/10.1655/HERPETOLOGICA-D-13-00029.pdf,,,,,,,,,,oa_pdf
https://openalex.org/W2284680797,10.1016/j.meegid.2016.02.029,Whole genome characterization of human influenza A(H1N1)pdm09 viruses isolated from Kenya during the 2009 pandemic,2016,article,false,closed,,,,26921801,MED,N,N,N,,,paywalled
https://openalex.org/W2289202383,10.3852/15-097,The genus Hebeloma in the alpine belt of the Carpathians including two new species,2015,article,true,hybrid,https://doi.org/10.3852/15-097,cc-by,,26354807,MED,N,N,N,,,oa_pdf
https://openalex.org/W2572588414,10.1007/s10592-017-0925-y,The genetic characterization of an isolated remnant population of an endangered rodent (Cricetus cricetus L.) using comparative data: implications for conservation,2017,article,true,hybrid,https://link.springer.com/content/pdf/10.1007%2Fs10592-017-0925-y.pdf,cc-by,,,AGR,N,N,N,,,oa_pdf
https://openalex.org/W2767969303,10.5735/085.054.0603,"The Utility of Single-Copy Nuclear Genes for Phylogenetic Resolution of<i>Acer</i>and<i>Dipteronia</i>(Acereae, Sapindaceae)",2017,article,false,closed,,,,,,,,,,,paywalled
https://openalex.org/W2915649138,10.3897/mycokeys.47.30740,"Phylogeny and taxonomy of three new Ctenomyces (Arthrodermataceae, Onygenales) species from China",2019,article,true,gold,https://doi.org/10.3897/mycokeys.47.30740,cc-by,PMC6393398,30820164,MED,Y,Y,Y,,https://www.ebi.ac.uk/europepmc/webservices/rest/article/PMC6393398/fullTextXML,pmc_xml
https://openalex.org/W2960536818,10.5943/ajom/2/1/7,Fifteen fungicolous Ascomycetes on edible and medicinal mushrooms in China and Thailand,2019,article,true,diamond,https://doi.org/10.5943/ajom/2/1/7,,,,,,,,,,oa_pdf
https://openalex.org/W2557749795,10.2135/cropsci2016.05.0437,Molecular Identification and Multilocus Phylogeny of <i>Ophiosphaerella</i> Species Associated with Spring Dead Spot of Bermudagrass,2016,article,false,closed,,,,,AGR,N,N,N,,,paywalled
https://openalex.org/W2581994088,10.1016/j.ijfoodmicro.2017.01.012,Diversity and persistence of Listeria monocytogenes within the Gorgonzola PDO production chain and comparison with clinical isolates from the same area,2017,article,false,closed,,,,28153561,MED,N,N,N,,,paywalled
https://openalex.org/W2769067322,10.1038/s41598-017-16929-7,"The mitochondrial genome of the wolfberry fruit fly, Neoceratitis asiatica (Becker) (Diptera: Tephritidae) and the phylogeny of Neoceratitis Hendel genus",2017,article,true,gold,https://www.nature.com/articles/s41598-017-16929-7.pdf,cc-by,PMC5709374,29192255,MED,Y,Y,Y,,https://www.ebi.ac.uk/europepmc/webservices/rest/article/PMC5709374/fullTextXML,pmc_xml
https://openalex.org/W2802753686,10.1093/zoolinnean/zly021,The evolution of diapause in Rivulus (Laimosemion),2018,article,false,closed,,,,,,,,,,,paywalled
https://openalex.org/W3014158667,10.1071/is19032,"A morphological and combined phylogenetic analysis of pirate spiders (Araneae, Mimetidae): evolutionary relationships, taxonomy and character evolution",2020,article,false,closed,,,,,,,,,,,paywalled
https://openalex.org/W2580325672,10.17159/sajs.2017/20160215,"Antifungal actinomycetes associated with the pine bark beetle, Orthotomicus erosus, in South Africa",2017,article,true,diamond,https://www.sajs.co.za/article/download/3575/4530,cc-by,,,,,,,,,oa_pdf
https://openalex.org/W2581250925,10.1080/24701394.2016.1275602,Mitogenomics phylogenetic relationships of the current sloth’s genera and species (Bradypodidae and Megalonychidae),2017,article,false,closed,,,,28129732,MED,N,N,N,,,paywalled
https://openalex.org/W2767180103,10.1016/j.syapm.2017.08.002,Multilocus sequence analysis of homologous recombination and diversity in Arthrobacter sensu lato named species and glacier-inhabiting strains,2017,article,false,closed,,,,29129356,MED,N,N,N,,,paywalled
https://openalex.org/W2770487330,10.1080/24701394.2017.1404041,"Small spotted bodies with multiple specific mitochondrial DNAs: existence of diverse and differentiated tigrina lineages or species ( <i>Leopardus</i> spp: Felidae, Mammalia) throughout Latin America",2017,article,false,closed,,,,29157065,MED,N,N,N,,,paywalled
https://openalex.org/W2915457001,10.3897/zookeys.825.32271,"Three new species and a new genus of majoid crabs from the eastern Pacific (Decapoda, Brachyura)",2019,article,true,gold,https://doi.org/10.3897/zookeys.825.32271,cc-by,PMC6389645,30814903,MED,Y,Y,Y,,https://www.ebi.ac.uk/europepmc/webservices/rest/article/PMC6389645/fullTextXML,pmc_xml
https://openalex.org/W2970755782,10.3897/zookeys.872.36288,"A first phylogenetic study on stoloniferous octocorals off the coast of Kota Kinabalu, Sabah, Malaysia, with the description of two new genera and five new species",2019,article,true,gold,https://doi.org/10.3897/zookeys.872.36288,cc-by,PMC6718372,31528119,MED,Y,Y,Y,,https://www.ebi.ac.uk/europepmc/webservices/rest/article/PMC6718372/fullTextXML,pmc_xml
https://openalex.org/W3035421293,10.3390/f11060672,"Genetic Diversity of Paeonia rockii (Flare Tree Peony) Germplasm Accessions Revealed by Phenotypic Traits, EST-SSR Markers and Chloroplast DNA Sequences",2020,article,true,gold,https://www.mdpi.com/1999-4907/11/6/672/pdf?version=1592378090,cc-by,,,,,,,,,oa_pdf
https://openalex.org/W2147288640,10.1111/ecog.01327,Climate as a driver of tropical insular diversity: comparative phylogeography of two ecologically distinctive frogs in Puerto Rico,2015,article,false,closed,,,PMC4620057,26508809,MED,Y,N,Y,,,paywalled
https://openalex.org/W2427016104,10.3161/00034541anz2016.66.2.004,Water Treaders of Romania and Adjacent Countries and Their Phylogenetic Relationships (Hemiptera: Heteroptera: Mesoveliidae),2016,article,false,closed,,,,,,,,,,,paywalled
https://openalex.org/W2772888133,10.1093/jmammal/gyx149,"Cryptic diversity in the Oecomys roberti complex: revalidation of Oecomys tapajinus (Rodentia, Cricetidae)",2017,article,true,bronze,https://academic.oup.com/jmammal/article-pdf/99/1/174/24542856/gyx149.pdf,,,,,,,,,,oa_pdf
https://openalex.org/W2891792861,10.1016/j.mambio.2018.09.004,"Mitogenomics of the jaguarundi (Puma yagouaroundi, Felidae, Carnivora): Disagreement between morphological subspecies and molecular data",2018,article,false,closed,,,,,,,,,,,paywalled
https://openalex.org/W2947176468,10.1186/s12870-019-1771-5,Early consequences of allopolyploidy alter floral evolution in Nicotiana (Solanaceae),2019,article,true,gold,https://bmcplantbiol.biomedcentral.com/track/pdf/10.1186/s12870-019-1771-5,cc-by,PMC6486959,31029077,MED,Y,Y,Y,,https://www.ebi.ac.uk/europepmc/webservices/rest/article/PMC6486959/fullTextXML,pmc_xml
https://openalex.org/W3006282252,10.1007/s10592-020-01257-7,"Population genetic characterization of the black-veined white, Aporia crataegi (Lepidoptera: Pieridae), using novel microsatellite markers and mitochondrial DNA gene sequences",2020,article,false,closed,,,,,AGR,N,N,N,,,paywalled
https://openalex.org/W2039170029,10.1371/journal.pone.0117862,"Comparative Mitogenomics of the Assassin Bug Genus Peirates (Hemiptera: Reduviidae: Peiratinae) Reveal Conserved Mitochondrial Genome Organization of P. atromaculatus, P. fulvescens and P. turpis",2015,article,true,gold,https://journals.plos.org/plosone/article/file?id=10.1371/journal.pone.0117862&type=printable,cc-by,PMC4331094,25689825,MED,Y,Y,Y,,https://www.ebi.ac.uk/europepmc/webservices/rest/article/PMC4331094/fullTextXML,pmc_xml
https://openalex.org/W2769558292,10.4236/aim.2017.711063,Multilocus Sequence Analysis of Root Nodule Bacteria Associated with &amp;lt;i&amp;gt;Lupinus&amp;lt;/i&amp;gt; spp. and &amp;lt;i&amp;gt;Glycine max&amp;lt;/i&amp;gt;,2017,article,true,diamond,http://www.scirp.org/journal/PaperDownload.aspx?paperID=80721,cc-by,,,,,,,,,oa_pdf
https://openalex.org/W2809997635,10.1016/j.ijbiomac.2018.06.099,The first complete mitochondrial genome of Bactrocera tsuneonis (Miyake) (Diptera: Tephritidae) by next-generation sequencing and its phylogenetic implications,2018,article,false,closed,,,,29944944,MED,N,N,N,,,paywalled
https://openalex.org/W2998813903,10.1111/zsc.12412,Mitogenomic phylogeny of the Naticidae (Gastropoda: Littorinimorpha) reveals monophyly of the Polinicinae,2020,article,false,closed,,,,,,,,,,,paywalled
https://openalex.org/W3176285405,10.3390/insects12070570,Characterization of the First Complete Mitochondrial Genome of Cyphonocerinae (Coleoptera: Lampyridae) with Implications for Phylogeny and Evolution of Fireflies,2021,article,true,gold,https://www.mdpi.com/2075-4450/12/7/570/pdf?version=1624437053,cc-by,PMC8307346,34206376,MED,Y,Y,Y,,https://www.ebi.ac.uk/europepmc/webservices/rest/article/PMC8307346/fullTextXML,pmc_xml
https://openalex.org/W2613337137,10.1111/ivb.12169,Phylogenetic relationships within Adiaphanida (phylum Platyhelminthes) and the status of the crustacean‐parasitic genus <i>Genostoma</i>,2017,article,false,closed,,,,,,,,,,,paywalled
https://openalex.org/W2762983254,10.1080/00222933.2017.1380241,Phylogenetic relationships of millipedes in the subclass Penicillata (Diplopoda) with a key to the genera,2017,article,true,green,https://figshare.com/articles/journal_contribution/Phylogenetic_relationships_of_millipedes_in_the_subclass_Penicillata_Diplopoda_with_a_key_to_the_genera/20826520,,,,,,,,,,oa_pdf
https://openalex.org/W2789750719,10.1206/3896.1,A New Collared Lizard (<i>Tropidurus</i>: Tropiduridae) Endemic to the Western Bolivian Andes and Its Implications for Seasonally Dry Tropical Forests,2018,article,true,green,http://dx.doi.org/10.1206/3896.1,,,,,,,,,,oa_pdf
https://openalex.org/W2797115559,10.1111/jzs.12221,Phylogenetic relationships within a patagonian clade of reptiles (Liolaemidae:<i>Phymaturus</i>) based on DNA sequences and morphology,2018,article,true,bronze,https://onlinelibrary.wiley.com/doi/pdfdirect/10.1111/jzs.12221,,,,,,,,,,oa_pdf
https://openalex.org/W2807093127,10.1007/s10592-018-1084-5,Do rivers influence fine-scale population genetic structure of tigers in the Sundarbans?,2018,article,false,closed,,,,,AGR,N,N,N,,,paywalled
https://openalex.org/W2952436180,10.1080/14772000.2019.1611674,Systematic review of<i>Atractus schach</i>(Serpentes: Dipsadidae) species complex from the Guiana Shield with description of three new species,2019,article,false,closed,,,,,,,,,,,paywalled
https://openalex.org/W2972146490,10.1186/s12862-019-1501-5,The first known fossil Uma: ecological evolution and the origins of North American fringe-toed lizards,2019,article,true,gold,https://bmcecolevol.biomedcentral.com/track/pdf/10.1186/s12862-019-1501-5,cc-by,PMC6729053,31492110,MED,Y,Y,Y,,https://www.ebi.ac.uk/europepmc/webservices/rest/article/PMC6729053/fullTextXML,pmc_xml
https://openalex.org/W3128910525,10.3897/zse.97.57490,"Distribution pattern and phylogeography of tree rats Chiromyscus (Rodentia, Muridae) in eastern Indochina",2021,article,true,gold,https://doi.org/10.3897/zse.97.57490,cc-by,,,,,,,,,oa_pdf
https://openalex.org/W3138947148,10.1093/botlinnean/boaa092,Molecular phylogeny and biogeography of<i>Pabstiella</i>(Pleurothallidinae: Orchidaceae) highlight the importance of the Atlantic Rainforest for speciation in the genus,2020,article,true,bronze,https://academic.oup.com/botlinnean/article-pdf/195/4/568/36650927/boaa092.pdf,,,,,,,,,,oa_pdf
https://openalex.org/W3165335154,10.1016/j.meegid.2021.104932,Multilocus sequence analysis provides new insight into population structure and genetic diversity of Leishmania tropica in Morocco,2021,article,false,closed,,,,34023510,MED,N,N,N,,,paywalled
https://openalex.org/W3184893585,10.24272/j.issn.2095-8137.2020.365,"Comparative mitogenome phylogeography of two anteater genera (&lt;i&gt;Tamandua&lt;/i&gt; and &lt;i&gt;Myrmecophaga&lt;/i&gt;; Myrmecophagidae, Xenarthra): Evidence of discrepant evolutionary traits",2021,article,true,diamond,https://www.zoores.ac.cn/en/article/doi/10.24272/j.issn.2095-8137.2020.365,cc-by,PMC8455474,34313411,MED,Y,Y,Y,,https://www.ebi.ac.uk/europepmc/webservices/rest/article/PMC8455474/fullTextXML,pmc_xml
https://openalex.org/W2071701692,10.1111/cla.12021,Phylogenetic relationships of <i><scp>H</scp>amadryas</i> (<scp>N</scp>ymphalidae: <scp>B</scp>iblidinae) based on the combined analysis of morphological and molecular data,2013,article,true,bronze,https://onlinelibrary.wiley.com/doi/pdfdirect/10.1111/cla.12021,,,34809404,MED,N,N,N,,,oa_pdf
https://openalex.org/W2556100431,10.1007/s12526-016-0547-5,"Resolving the taxonomic status of Asperoteuthis lui Salcedo-Vargas, 1999 (Cephalopoda, Chiroteuthidae) using integrative taxonomy",2016,article,false,closed,,,,,,,,,,,paywalled
https://openalex.org/W2754558310,10.3897/zookeys.698.13411,"Hidden in the urban parks of New York City: Themira lohmanus, a new species of Sepsidae described based on morphology, DNA sequences, mating behavior, and reproductive isolation (Sepsidae, Diptera)",2017,article,true,gold,https://doi.org/10.3897/zookeys.698.13411,cc-by,PMC5673861,29134024,MED,Y,Y,Y,,https://www.ebi.ac.uk/europepmc/webservices/rest/article/PMC5673861/fullTextXML,pmc_xml
https://openalex.org/W2809827064,10.1016/j.ijbiomac.2018.06.133,Evolution of circadian genes PER and CRY in subterranean rodents,2018,article,false,closed,,,,29959015,MED,N,N,N,,,paywalled
https://openalex.org/W2811275705,10.1649/0010-065x-72.2.219,"Batriscydmaenus Parker and Owens, New Genus, and Convergent Evolution of a “Reductive” Ecomorph in Socially Symbiotic Pselaphinae (Coleoptera: Staphylinidae)",2018,article,true,green,https://doi.org/10.1649/0010-065X-72.2.219,,,,AGR,N,N,N,,,oa_pdf
https://openalex.org/W2897898897,10.1093/gbe/evy220,Rapid Expansion of a Highly Germline-Expressed<i>Mariner</i>Element Acquired by Horizontal Transfer in the Fire Ant Genome,2018,article,true,gold,https://academic.oup.com/gbe/article-pdf/10/12/3262/27297889/evy220.pdf,cc-by,PMC6307670,30304394,MED,Y,Y,Y,,https://www.ebi.ac.uk/europepmc/webservices/rest/article/PMC6307670/fullTextXML,pmc_xml
https://openalex.org/W2964174484,10.7717/peerj.7317,Mitochondrial phylogeny and comparative mitogenomics of closely related pine moth pests (Lepidoptera: <i>Dendrolimus</i> ),2019,article,true,gold,https://doi.org/10.7717/peerj.7317,cc-by,PMC6659665,31372319,MED,Y,Y,Y,,https://www.ebi.ac.uk/europepmc/webservices/rest/article/PMC6659665/fullTextXML,pmc_xml
https://openalex.org/W2969999718,10.3372/wi.49.49212,"Molecular and morphological evidence reveals a new smut fungus, Microbotryum arcticum (Microbotryaceae), on Silene uralensis (Caryophyllaceae) from Greenland and Canada",2019,article,true,diamond,https://bioone.org/journals/willdenowia/volume-49/issue-2/wi.49.49212/Molecular-and-morphological-evidence-reveals-a-new-smut-fungus-Microbotryum/10.3372/wi.49.49212.pdf,cc-by,,,,,,,,,oa_pdf
https://openalex.org/W3040444481,10.5852/ejt.2020.679,"Reassessment of the taxonomic status of Pseudopaludicola parnaiba (Anura, Leptodactylidae, Leiuperinae), with the description of a new cryptic species from the Brazilian Cerrado",2020,article,true,diamond,https://europeanjournaloftaxonomy.eu/index.php/ejt/article/download/1013/2399,cc-by,,,,,,,,,oa_pdf
https://openalex.org/W3044575656,10.1111/jzs.12408,"Molecular systematics, species limits, and diversification of the genus <i>Dendrocolaptes</i> (Aves: Furnariidae): Insights on biotic exchanges between dry and humid forest types in the Neotropics",2020,article,true,hybrid,https://onlinelibrary.wiley.com/doi/pdfdirect/10.1111/jzs.12408,cc-by,,,,,,,,,oa_pdf
https://openalex.org/W3107755487,10.1111/zsc.12463,"Revisiting Pholidopterini (Orthoptera, Tettigoniidae): Rapid radiation causes homoplasy and phylogenetic instability",2020,article,false,closed,,,,,,,,,,,paywalled
https://openalex.org/W3112947316,10.3897/zookeys.1004.58537,"Five million years in the darkness: A new troglomorphic species of Cryptops Leach, 1814 (Chilopoda, Scolopendromorpha) from Movile Cave, Romania",2020,article,true,gold,https://doi.org/10.3897/zookeys.1004.58537,cc-by,PMC7758309,33384564,MED,Y,Y,Y,,https://www.ebi.ac.uk/europepmc/webservices/rest/article/PMC7758309/fullTextXML,pmc_xml
https://openalex.org/W1971235048,10.1371/journal.pone.0112461,"First Molecular Data and the Phylogenetic Position of the Millipede-Like Centipede Edentistoma octosulcatum Tömösváry, 1882 (Chilopoda: Scolopendromorpha: Scolopendridae)",2014,article,true,gold,https://journals.plos.org/plosone/article/file?id=10.1371/journal.pone.0112461&type=printable,cc-by,PMC4229182,25389773,MED,Y,Y,Y,,https://www.ebi.ac.uk/europepmc/webservices/rest/article/PMC4229182/fullTextXML,pmc_xml
https://openalex.org/W2558514234,10.1007/s40858-016-0116-2,"Pythium and Phytopythium species associated with hydroponically grown crops around the City of São Paulo, Brazil",2016,article,false,closed,,,,,,,,,,,paywalled
https://openalex.org/W2563540338,10.1007/s13127-016-0314-2,From Eastern Arc Mountains to extreme sexual dimorphism: systematics of the enigmatic assassin bug genus Xenocaucus (Hemiptera: Reduviidae: Tribelocephalinae),2016,article,false,closed,,,,,,,,,,,paywalled
https://openalex.org/W2568009380,10.1007/s11557-016-1258-9,BrRxLR11 – a new phylogenetic marker with high resolution in the downy mildew genus Bremia and related genera,2017,article,false,closed,,,,,,,,,,,paywalled
https://openalex.org/W2610080932,10.1016/j.soilbio.2017.04.017,Population structure of Rhizobium etli -like strains nodulated with Phaseolus vulgaris in two ecoregions of China,2017,article,false,closed,,,,,AGR,N,N,N,,,paywalled
https://openalex.org/W2761305291,10.1093/aob/mcx108,Contrasting evolutionary processes during Quaternary climatic changes and historical orogenies: a case study of the Japanese endemic primroses Primula sect. Reinii,2017,article,true,bronze,https://academic.oup.com/aob/article-pdf/120/6/943/23709503/mcx108.pdf,,PMC5710608,29040379,MED,Y,N,Y,,,oa_pdf
https://openalex.org/W2940973044,10.1007/s10914-019-09465-w,"Molecular Phylogenetics of Bradypus (Three-Toed Sloth, Pilosa: Bradypodidae, Mammalia) and Phylogeography of Bradypus variegatus (Brown-Throated Three-Toed Sloth) with Mitochondrial Gene Sequences",2019,article,false,closed,,,,,,,,,,,paywalled
https://openalex.org/W2967885603,10.1099/ijsem.0.003615,"Pseudomonas daroniae sp. nov. and Pseudomonas dryadis sp. nov., isolated from pedunculate oak affected by acute oak decline in the UK",2019,article,false,closed,,,,31391144,MED,N,N,N,,,paywalled
https://openalex.org/W3080603957,10.1098/rsbl.2020.0356,Combined-evidence analyses of ultraconserved elements and morphological data: an empirical example in iguanian lizards,2020,article,true,bronze,https://royalsocietypublishing.org/doi/pdf/10.1098/rsbl.2020.0356,,PMC7480163,32842896,MED,Y,N,Y,,,oa_pdf
https://openalex.org/W3084675941,10.4002/040.063.0106,Comparative Analyses of the Complete Mitochondrial Genomes of Three Lamprotula (Bivalvia: Unionidae) Species: Insight into the Shortcomings of Mitochondrial DNA for Recently Diverged Species Delimitation,2020,article,false,closed,,,,,,,,,,,paywalled
https://openalex.org/W3114485249,10.1093/zoolinnean/zlaa149,Evolution of macroglands and defensive mechanisms in Leiuperinae (Anura: Leptodactylidae),2020,article,true,green,https://zenodo.org/record/5530561,,,,,,,,,,oa_pdf
https://openalex.org/W3156097305,10.5852/ejt.2021.746.1319,"Long distance dispersal and pseudo-cryptic species in Gastrotricha: first description of a new species (Chaetonotida, Chaetonotidae, Polymerurus) from an oceanic island with volcanic rocks",2021,article,true,diamond,https://europeanjournaloftaxonomy.eu/index.php/ejt/article/download/1319/4029,cc-by,,,,,,,,,oa_pdf
https://openalex.org/W4205132935,10.1590/0001-3765202220191254,"When the tail shakes the snake: phylogenetic affinities and morphology of Atractus badius (Serpentes: Dipsadidae), reveals some current pitfalls on the snake’s genomic age",2022,article,true,diamond,https://www.scielo.br/j/aabc/a/nmkzN8BjWvx3kTr4ZMzC6Fw/?lang=en&format=pdf,cc-by,,35043846,MED,N,N,N,,,oa_pdf
https://openalex.org/W4244244445,10.1007/s00436-016-5117-z,Evolutionary modularity and morphological integration in the haptoral anchor structures of Ligophorus spp. (Monogenea: Dactylogyridae),2016,article,false,closed,,,,27177719,MED,N,N,N,,,paywalled
https://openalex.org/W4283015189,10.3389/fvets.2022.909163,"Integrative Taxonomy Reveals Molicola uncinatus and Gymnorhynchus gigas (Cestoda: Trypanorhyncha) Coinfection in the Atlantic Pomfret Brama brama From the Mediterranean Sea, With Notes on the Phylogenetic Position of G. gigas Within the Family Gymnorhynchidae",2022,article,true,gold,https://www.frontiersin.org/articles/10.3389/fvets.2022.909163/pdf,cc-by,PMC9249017,35782558,MED,Y,Y,Y,,https://www.ebi.ac.uk/europepmc/webservices/rest/article/PMC9249017/fullTextXML,pmc_xml
https://openalex.org/W2269800519,10.7751/telopea10037,Molecular phylogenetics reveals a new species of Prostanthera from tropical Queensland with links to more southerly taxa,2016,article,true,bronze,https://openjournals.library.sydney.edu.au/TEL/article/download/10037/10303,,,,,,,,,,oa_pdf
https://openalex.org/W2586945849,10.1111/cla.12189,"Phylogeny, host association and biogeographical patterns in the diverse millipede‐parasitoid genus<i><scp>M</scp>yriophora</i><scp>B</scp>rown (<scp>D</scp>iptera:<scp>P</scp>horidae)",2017,article,true,bronze,https://onlinelibrary.wiley.com/doi/pdfdirect/10.1111/cla.12189,,,34641634,MED,N,N,N,,,oa_pdf
https://openalex.org/W2807250227,10.1163/15685381-17000201,"Phylogeny and conservation status of the Indian egg-eater snake, Elachistodon westermanni Reinhardt, 1863 (Serpentes, Colubridae)",2018,article,false,closed,,,,,,,,,,,paywalled
https://openalex.org/W2894652249,10.1007/s10764-018-0062-6,"How Many Species, Taxa, or Lineages of Cebus albifrons (Platyrrhini, Primates) Inhabit Ecuador? Insights from Mitogenomics",2018,article,true,green,http://bibdigital.epn.edu.ec/handle/15000/20106,,,,,,,,,,oa_pdf
https://openalex.org/W2922128576,10.5943/mycosphere/9/6/12,Phylogenetic relationship and evolution of Neodidymelliopsis isolates collected from Iran,2018,article,true,diamond,https://doi.org/10.5943/mycosphere/9/6/12,cc-by-nc-sa,,,,,,,,,oa_pdf
https://openalex.org/W2931091622,10.1111/jzs.12281,Deep‐sea anglerfishes (Lophiiformes: Ceratioidei) from the western North Atlantic: Testing the efficacy of<scp>DNA</scp>barcodes,2019,article,false,closed,,,,,,,,,,,paywalled
https://openalex.org/W2942533751,10.7717/peerj.6866,Characterization of the mitochondrial genome of <i>Analcellicampa xanthosoma</i> gen. et sp. nov. (Hymenoptera: Tenthredinidae),2019,article,true,gold,https://doi.org/10.7717/peerj.6866,cc-by,PMC6500721,31106070,MED,Y,Y,Y,,https://www.ebi.ac.uk/europepmc/webservices/rest/article/PMC6500721/fullTextXML,pmc_xml
https://openalex.org/W2955825798,10.1038/s41437-019-0245-8,Speciation and subsequent secondary contact in two edaphic endemic primroses driven by Pleistocene climatic oscillation,2019,article,true,bronze,https://www.nature.com/articles/s41437-019-0245-8.pdf,,PMC6906382,31253956,MED,Y,N,Y,,,oa_pdf
https://openalex.org/W3001134178,10.1111/jeu.12787,"Four New Members of Foliicolous Green Algae Within the <i>Watanabea</i> Clade (Trebouxiophyceae, Chlorophyta) from China",2020,article,true,bronze,https://onlinelibrary.wiley.com/doi/pdfdirect/10.1111/jeu.12787,,,31958181,MED,N,N,N,,,oa_pdf
https://openalex.org/W3042516314,10.1080/12298093.2020.1788259,"<i>Plasmopara elegantissima</i> sp. nov. (Oomycota, Peronosporales), a Downy Mildew Species Specialized to <i>Impatiens textori</i> (Balsaminaceae)",2020,article,true,gold,https://www.tandfonline.com/doi/pdf/10.1080/12298093.2020.1788259?needAccess=true,,PMC7476525,32952413,MED,Y,Y,Y,,https://www.ebi.ac.uk/europepmc/webservices/rest/article/PMC7476525/fullTextXML,pmc_xml
https://openalex.org/W3110371981,10.6620/zs.2020.59-30,A New Species of Predatory Nudibranch (Gastropoda: Trinchesiidae) of the Coral <i>Pavona decussata</i>.,2020,article,true,green,https://www.ncbi.nlm.nih.gov/pmc/articles/7689335,,PMC7689335,33262853,MED,Y,N,Y,,,oa_pdf
https://openalex.org/W3121843784,10.1017/s0024282920000419,"<i>Lithocalla</i> (Ascomycota, <i>Lecanorales</i>), a new genus of leprose lichens containing usnic acid",2020,article,false,closed,,,,,,,,,,,paywalled
https://openalex.org/W3144104437,10.3390/v13101956,Characterizing the Countrywide Epidemic Spread of Influenza A(H1N1)pdm09 Virus in Kenya between 2009 and 2018,2021,article,true,gold,https://www.mdpi.com/1999-4915/13/10/1956/pdf?version=1634010989,cc-by,PMC8539974,34696386,MED,Y,Y,Y,,https://www.ebi.ac.uk/europepmc/webservices/rest/article/PMC8539974/fullTextXML,pmc_xml
https://openalex.org/W3210053795,10.18307/2021.0615,"Taxonomy, phylogeny and evolution of freshwater mussels (Unionoida: Unionoidea) in China revealed by multilocus phylogenetic analyses and mitochondrial phylogenomics",2021,article,true,diamond,http://www.jlakes.org/ch/reader/create_pdf.aspx?file_no=20210615&flag=1&year_id=2021&quarter_id=6,,,,,,,,,,oa_pdf
https://openalex.org/W3217779443,10.1111/syen.12531,Molecular phylogeny and macroevolution of <scp>Chaitophorinae</scp> aphids ( <scp>Insecta</scp> : <scp>Hemiptera</scp> : <scp>Aphididae</scp> ),2021,article,true,hybrid,https://doi.org/10.1111/syen.12531,cc-by-nc-nd,,,AGR,N,N,N,,,oa_pdf
https://openalex.org/W4211037045,10.1093/zoolinnean/zlab092,"Phylogenetic analyses of a new freshwater amphipod reveal polyphyly within the Holarctic family Crangonyctidae, with revision of the genus <i>Synurella</i>",2021,article,true,green,http://publication.plazi.org/id/FFB4FFC02F48DA67DE5ACE189864BA43,,,,,,,,,,oa_pdf
https://openalex.org/W4225326847,10.1002/ece3.8818,Comparative analysis of the complete mitochondrial genomes of four cordyceps fungi,2022,article,true,gold,https://doi.org/10.1002/ece3.8818,cc-by,PMC9036042,35494498,MED,Y,Y,Y,,https://www.ebi.ac.uk/europepmc/webservices/rest/article/PMC9036042/fullTextXML,pmc_xml
https://openalex.org/W4294266884,10.1038/s41598-022-19183-8,Description of a new species of Tardigrada Hypsibius nivalis sp. nov. and new phylogenetic line in Hypsibiidae from snow ecosystem in Japan,2022,article,true,gold,https://www.nature.com/articles/s41598-022-19183-8.pdf,cc-by,PMC9440035,36056052,MED,Y,Y,Y,,https://www.ebi.ac.uk/europepmc/webservices/rest/article/PMC9440035/fullTextXML,pmc_xml
https://openalex.org/W2886725297,10.1111/syen.12317,"Chromosome evolution and phylogeny in <i>Ronderosia</i> (Orthoptera, Acrididae, Melanoplinae): clues of survivors to the challenge of sympatry?",2018,article,true,bronze,https://onlinelibrary.wiley.com/doi/pdfdirect/10.1111/syen.12317,,,,AGR,N,N,N,,,oa_pdf
https://openalex.org/W2954613516,10.3897/zookeys.858.33826,"Resolution of the Portunus gladiator species complex: taxonomic status and identity of Monomia gladiator (Fabricius, 1798) and Monomia haanii (Stimpson, 1858) (Brachyura, Decapoda, Portunidae)",2019,article,true,gold,https://doi.org/10.3897/zookeys.858.33826,cc-by,PMC6614167,31312088,MED,Y,Y,Y,,https://www.ebi.ac.uk/europepmc/webservices/rest/article/PMC6614167/fullTextXML,pmc_xml
https://openalex.org/W3033500714,10.1111/jse.12644,"Phylogeny and classification of the Sematophyllaceae s.l. (Hypnales, Bryophyta)",2020,article,false,closed,,,,,,,,,,,paywalled
https://openalex.org/W3035057714,10.1007/s11557-020-01587-3,"Morphologically similar but not closely related: the long-spored species of Subulicystidium (Trechisporales, Basidiomycota)",2020,article,true,hybrid,https://link.springer.com/content/pdf/10.1007/s11557-020-01587-3.pdf,cc-by,,,,,,,,,oa_pdf
https://openalex.org/W3047713927,10.1111/jse.12671,The evolution of pyrrolizidine alkaloid diversity among and within <i>Jacobaea</i> species,2020,article,true,hybrid,https://onlinelibrary.wiley.com/doi/pdfdirect/10.1111/jse.12671,cc-by-nc-nd,,,,,,,,,oa_pdf
https://openalex.org/W3080894296,10.1371/journal.pone.0237882,Phylogeny and species delimitation of the genus Longgenacris and Fruhstorferiola viridifemorata species group (Orthoptera: Acrididae: Melanoplinae) based on molecular evidence,2020,article,true,gold,https://doi.org/10.1371/journal.pone.0237882,cc-by,PMC7449498,32845927,MED,Y,Y,Y,,https://www.ebi.ac.uk/europepmc/webservices/rest/article/PMC7449498/fullTextXML,pmc_xml
https://openalex.org/W3096100011,10.1016/j.gene.2020.145264,Environmental and geological changes in the Tarim Basin promoted the phylogeographic formation of Phrynocephalus forsythii (Squamata: Agamidae),2020,article,false,closed,,,,33129850,MED,N,N,N,,,paywalled
https://openalex.org/W3116487667,10.1093/zoolinnean/zlaa141,"Integrative taxonomy of giant crested<i>Eusirus</i>in the Southern Ocean, including the description of a new species (Crustacea: Amphipoda: Eusiridae)",2020,article,false,closed,,,,,,,,,,,paywalled
https://openalex.org/W3118961667,10.1111/syen.12466,A phylogeny of the subfamily <scp>Thiotrichinae</scp> ( <scp>Lepidoptera</scp> : <scp>Gelechiidae</scp> ) with a revision of the generic classification based on molecular and morphological analyses,2021,article,false,closed,,,,,AGR,N,N,N,,,paywalled
https://openalex.org/W3128406739,10.1093/cz/zoab009,"Phylogeny of drepanosiphine aphids sensu lato (Hemiptera, Aphidoidea) inferred from molecular and morphological data",2021,article,true,gold,https://academic.oup.com/cz/article-pdf/67/5/501/40367703/zoab009.pdf,,PMC8489119,34616948,MED,Y,Y,Y,,https://www.ebi.ac.uk/europepmc/webservices/rest/article/PMC8489119/fullTextXML,pmc_xml
https://openalex.org/W3140704865,10.1002/its2.16,Phylogenetic evaluation of <i>Bipolaris</i> and <i>Curvularia</i> species collected from turfgrasses,2021,article,true,bronze,https://onlinelibrary.wiley.com/doi/pdfdirect/10.1002/its2.16,,,,,,,,,,oa_pdf
https://openalex.org/W3159884230,10.3389/fmars.2021.627879,Molecular Evolutionary Analyses of Euplotes Species Living in Freshwater and Marine Habitats: A Mitogenomic Perspective,2021,article,true,gold,https://doi.org/10.3389/fmars.2021.627879,cc-by,,,,,,,,,oa_pdf
https://openalex.org/W3171788168,10.6620/zs.2020.59-62,A New Species of Predatory Nudibranch (Gastropoda: Trinchesiidae) of the Scleractinian Coral <i>Goniopora</i>.,2020,article,true,green,https://www.ncbi.nlm.nih.gov/pmc/articles/8181160,,PMC8181160,34140979,MED,Y,N,Y,,,oa_pdf
https://openalex.org/W3209484263,10.1639/0007-2745-124.4.494,"Contributions to the phylogeny of Lepraria (Stereocaulaceae) species from the Southern Hemisphere, including three new species",2021,article,false,closed,,,,,,,,,,,paywalled
https://openalex.org/W4293106459,10.1007/s10327-022-01059-4,First report of leaf anthracnose caused by Colletotrichum chrysophilum on açaí palm (Euterpe oleracea Mart.) in Brazil,2022,article,false,closed,,,,,AGR,N,N,N,,,paywalled
https://openalex.org/W4313259408,10.3390/toxins15010012,A Novel Trichothecene Toxin Phenotype Associated with Horizontal Gene Transfer and a Change in Gene Function in Fusarium,2022,article,true,gold,https://www.mdpi.com/2072-6651/15/1/12/pdf?version=1672049117,cc-by,PMC9864338,36668832,MED,Y,Y,Y,,https://www.ebi.ac.uk/europepmc/webservices/rest/article/PMC9864338/fullTextXML,pmc_xml
https://openalex.org/W4318998756,10.3389/fvets.2023.1122291,Genetic diversity of Contracaecum rudolphii sp. A (Nematoda: Anisakidae) parasitizing the European Shag Phalacrocorax aristotelis desmarestii from the Spanish Mediterranean coast,2023,article,true,gold,https://www.frontiersin.org/articles/10.3389/fvets.2023.1122291/pdf,cc-by,PMC9932775,36816183,MED,Y,Y,Y,,https://www.ebi.ac.uk/europepmc/webservices/rest/article/PMC9932775/fullTextXML,pmc_xml
https://openalex.org/W4360987903,10.5252/zoosystema2023v45a6,"A new cryptic species of Brazilozoros Kukalova-Peck &amp; Peck, 1993 from French Guiana (Zoraptera, Spiralizoridae)",2023,article,true,green,http://publication.plazi.org/id/FFEAFFFEDB0DFF86315AAC0FFFF1847E,,,,,,,,,,oa_pdf
https://openalex.org/W2577874492,10.1111/jfd.12595,Phylogenetic analysis of the fish pathogen <i>Aeromonas salmonicida</i> underlines the dichotomy between European and Canadian strains for the <i>salmonicida</i> subspecies,2017,article,false,closed,,,,28105757,MED,N,N,N,,,paywalled
https://openalex.org/W2598449753,10.1016/j.ympev.2017.03.016,Nomenclatural stability does not justify recognition of paraphyletic taxa: A response to Scherz et al. (2016),2017,article,false,closed,,,,28336422,MED,N,N,N,,,paywalled
https://openalex.org/W2605012198,10.1093/biolinnean/blx015,Phylogeography of the Delias hyparete species group (Lepidoptera: Pieridae): complex historical dispersals into and out of Wallacea,2017,article,true,bronze,https://academic.oup.com/biolinnean/article-pdf/121/3/576/22032802/blx015.pdf,,,,,,,,,,oa_pdf
https://openalex.org/W2807401962,10.1111/zsc.12287,"Molecular and plumage analyses indicate the incomplete separation of two woodpeckers (Aves, Picidae)",2018,article,false,closed,,,,,,,,,,,paywalled
https://openalex.org/W2920233027,10.1080/24701394.2019.1570174,The mystery of the origins of <i>Cebus albifrons malitiosus</i> and <i>Cebus albifrons hypoleucus</i> : mitogenomics and microsatellite analyses revealed an amazing evolutionary history of the Northern Colombian white-fronted capuchins,2019,article,false,closed,,,,30822184,MED,N,N,N,,,paywalled
https://openalex.org/W3002193005,10.1111/zsc.12409,Eocene–Oligocene sea‐level fall drove amphipod habitat shift from marine to freshwater in the Far East,2020,article,false,closed,,,,,,,,,,,paywalled
https://openalex.org/W3006834111,10.15517/rbt.v68i1.37675,A new giant velvet worm from Costa Rica suggests absence of the genus Peripatus (Onychophora: Peripatidae) in Central America,2020,article,true,diamond,https://revistas.ucr.ac.cr/index.php/rbt/article/download/37675/41265,cc-by,,,,,,,,,oa_pdf
https://openalex.org/W3115354973,10.1093/zoolinnean/zlaa140,"A novel epidermal gland type in lizards (α-gland): structural organization, histochemistry, protein profile and phylogenetic origins",2020,article,true,green,https://zenodo.org/record/5303603,,,,,,,,,,oa_pdf
https://openalex.org/W3186104153,10.1007/s12526-021-01199-4,"A new cave-dwelling genus and species of Nerillidae (Annelida) from the Ryukyu Islands, Japan",2021,article,false,closed,,,,,,,,,,,paywalled
https://openalex.org/W3197964191,10.1080/23802359.2021.1970647,"The complete mitochondrial genome of <i>Aeolothrips indicus</i> Bhatti, 1964 (Thysanoptera: Thripidae)",2021,article,true,diamond,https://www.tandfonline.com/doi/pdf/10.1080/23802359.2021.1970647?needAccess=true,cc-by,PMC8425699,34514135,MED,Y,Y,Y,,https://www.ebi.ac.uk/europepmc/webservices/rest/article/PMC8425699/fullTextXML,pmc_xml
https://openalex.org/W3199368711,10.1016/j.cropro.2021.105824,Occurrence of Alternaria arborescens causing leaf spot on Pereskia aculeata in Brazil,2021,article,false,closed,,,,,,,,,,,paywalled
https://openalex.org/W3210211144,10.1080/12298093.2021.1985698,"High-Temperature-Tolerant Fungus and Oomycetes in Korea, Including <i>Saksenaea longicolla</i> sp. nov.",2021,article,true,gold,https://www.tandfonline.com/doi/pdf/10.1080/12298093.2021.1985698?needAccess=true,,PMC8583829,34803436,MED,Y,Y,Y,,https://www.ebi.ac.uk/europepmc/webservices/rest/article/PMC8583829/fullTextXML,pmc_xml
https://openalex.org/W4213128315,10.1080/23802359.2022.2039080,The complete mitochondrial genome of <i>Linnemannia amoeboidea</i> (W. Gams) Vandepol &amp; Bonito (<i>Mortierellales</i>: <i>Mortierellaceae</i>),2022,article,true,diamond,https://www.tandfonline.com/doi/pdf/10.1080/23802359.2022.2039080?needAccess=true,cc-by,PMC8856043,35187234,MED,Y,Y,Y,,https://www.ebi.ac.uk/europepmc/webservices/rest/article/PMC8856043/fullTextXML,pmc_xml
https://openalex.org/W4220775490,10.1080/14772000.2022.2039318,"Unveiling the diversity of Giant Neotropical Torrent frogs (Hylodidae): phylogenetic relationships, morphology, and the description of two new species",2022,article,true,green,http://hdl.handle.net/11449/230636,,,,,,,,,,oa_pdf
https://openalex.org/W4226134674,10.3389/fevo.2022.871370,New Insight Into Visual Adaptation in the Mudskipper Cornea: From Morphology to the Cornea-Related COL8A2 Gene,2022,article,true,gold,https://doi.org/10.3389/fevo.2022.871370,cc-by,,,,,,,,,oa_pdf
https://openalex.org/W4282830584,10.1080/09670262.2022.2076291,Hidden diversity of <i>Chlorococcum</i> (Chlorophyta) in a shallow temporary freshwater lake: description of <i>Chlorococcum szentendrense</i> sp. nov,2022,article,false,closed,,,,,,,,,,,paywalled
https://openalex.org/W4285794126,10.7717/peerj.13720,"Diversity and distribution of air-breathing sea slug genus <i>Peronia</i> Fleming, 1822 (Gastropoda: Onchidiidae) in southern Japanese waters",2022,article,true,gold,https://doi.org/10.7717/peerj.13720,cc-by,PMC9306565,35873908,MED,Y,Y,Y,,https://www.ebi.ac.uk/europepmc/webservices/rest/article/PMC9306565/fullTextXML,pmc_xml
https://openalex.org/W4290422879,10.1002/arch.21957,Complete mitochondrial genome of <i>Pectocera</i> sp. (Elateridae: Dendrometrinae: Oxynopterini) and its phylogenetic implications,2022,article,false,closed,,,,35933719,MED,N,N,N,,,paywalled
https://openalex.org/W4308540767,10.1007/s42161-022-01252-6,Characterization of Colletotrichum isolates causing anthracnose on Artocarpus heterophyllus in Brazil,2022,article,false,closed,,,,,,,,,,,paywalled
https://openalex.org/W4362471363,10.1016/j.jip.2023.107919,"Metarhizium indicum, a new species of entomopathogenic fungus infecting leafhopper, Busoniomimus manjunathi from India",2023,article,false,closed,,,,37004918,MED,N,N,N,,,paywalled
https://openalex.org/W4390146252,10.1134/s2079086423070071,Biodiversity of Colletotrichum spp. on Several Wild and Cultivated Plants,2023,article,false,closed,,,,,,,,,,,paywalled
https://openalex.org/W2512990080,10.1016/j.bse.2016.07.024,Studies on genetic diversity and phylogenetic relationships of limpograss (Hemarthria altissima) and related species based on combined chloroplast DNA intergenic spacer data,2016,article,false,closed,,,,,,,,,,,paywalled
https://openalex.org/W2731708561,10.1071/is16086,The systematics and biogeography of the mite harvestman family Sironidae (Arachnida : Opiliones : Cyphophthalmi) with the description of five new species,2017,article,true,green,http://hdl.handle.net/10651/44772,,,,,,,,,,oa_pdf
https://openalex.org/W2927787613,10.1093/mollus/eyz009,"The complete mitochondrial genomes of three species of Macridiscus Dall, 1902 (Bivalvia: Veneroidea: Veneridae) and their phylogenetic implications",2019,article,false,closed,,,,,,,,,,,paywalled
https://openalex.org/W3155764617,10.3897/vz.71.e60097,A new species of marsupial frog (Anura; Gastrotheca) from the Cordillera de Colán in northeastern Peru,2021,article,true,diamond,https://doi.org/10.3897/vz.71.e60097,cc-by,,,,,,,,,oa_pdf
https://openalex.org/W3164838663,10.1080/23802359.2021.1930219,The complete mitochondrial genome of <i>Microconidiobolus nodosus</i> (<i>Entomophthorales</i>: <i>Ancylistaceae</i>),2021,article,true,diamond,https://www.tandfonline.com/doi/pdf/10.1080/23802359.2021.1930219?needAccess=true,cc-by,PMC8158263,34104757,MED,Y,Y,Y,,https://www.ebi.ac.uk/europepmc/webservices/rest/article/PMC8158263/fullTextXML,pmc_xml
https://openalex.org/W3169801531,10.1080/23802359.2021.1934167,Complete mitochondrial genome of <i>Neoconidiobolus thromboides</i> (<i>Entomophthorales</i>: <i>Ancylistaceae</i>),2021,article,true,diamond,https://www.tandfonline.com/doi/pdf/10.1080/23802359.2021.1934167?needAccess=true,cc-by,PMC8183557,34124362,MED,Y,Y,Y,,https://www.ebi.ac.uk/europepmc/webservices/rest/article/PMC8183557/fullTextXML,pmc_xml
https://openalex.org/W3176469148,10.7717/peerj.11622,"Using an integrative taxonomic approach to delimit a sibling species, <i>Mycetomoellerius mikromelanos</i> sp. nov. (Formicidae: Attini: Attina)",2021,article,true,gold,https://doi.org/10.7717/peerj.11622,cc-by,PMC8236233,34221725,MED,Y,Y,Y,,https://www.ebi.ac.uk/europepmc/webservices/rest/article/PMC8236233/fullTextXML,pmc_xml
https://openalex.org/W4200061978,10.3390/genes12121986,Mitochondrial Genomes of the Genus Claassenia (Plecoptera: Perlidae) and Phylogenetic Assignment to Subfamily Perlinae,2021,article,true,gold,https://www.mdpi.com/2073-4425/12/12/1986/pdf?version=1639996134,cc-by,PMC8701382,34946934,MED,Y,Y,Y,,https://www.ebi.ac.uk/europepmc/webservices/rest/article/PMC8701382/fullTextXML,pmc_xml
https://openalex.org/W4221112072,10.3897/phytokeys.193.70757,"A new species of Ranunculus (Ranunculaceae) from Western Pamir-Alay, Uzbekistan",2022,review,true,gold,https://doi.org/10.3897/phytokeys.193.70757,cc-by,PMC9005467,35586122,MED,Y,Y,Y,,https://www.ebi.ac.uk/europepmc/webservices/rest/article/PMC9005467/fullTextXML,pmc_xml
https://openalex.org/W4281861397,10.3390/d14060443,Molecular Phylogenetic Evidence and Biogeographic History of Indian Endemic Portulaca L. (Portulacaceae) Species,2022,article,true,gold,https://www.mdpi.com/1424-2818/14/6/443/pdf?version=1654158383,cc-by,,,,,,,,,oa_pdf
https://openalex.org/W4296060996,10.1016/j.funeco.2022.101189,Water-energy relationships shape the phylogenetic diversity of terricolous lichen communities in Mediterranean mountains: Implications for conservation in a climate change scenario,2022,article,true,bronze,https://www.sciencedirect.com/science/article/pii/S1754504822000502,,,,,,,,,,oa_pdf
https://openalex.org/W4316465628,10.5852/ejt.2023.856.2027,"Platybinthus, a new genus of Lebinthina crickets (Orthoptera, Gryllidae, Eneopterinae) from Maluka, Indonesia",2023,article,true,diamond,https://europeanjournaloftaxonomy.eu/index.php/ejt/article/download/2027/8349,cc-by,,,,,,,,,oa_pdf
https://openalex.org/W4379468591,10.3389/fmicb.2023.1169052,Two new fungal genera (Diaporthales) found on Dipterocarpaceae in Thailand,2023,article,true,gold,https://www.frontiersin.org/articles/10.3389/fmicb.2023.1169052/pdf,cc-by,PMC10278593,37342559,MED,Y,Y,Y,,https://www.ebi.ac.uk/europepmc/webservices/rest/article/PMC10278593/fullTextXML,pmc_xml
https://openalex.org/W4381742778,10.1600/036364423x16847773873134,"Classification of the Celastrales Based on Integration of Genomic, Morphological, and Sanger-Sequence Characters",2023,article,true,green,http://doi.org/10.1600/036364423X16847773873134,,,,,,,,,,oa_pdf
https://openalex.org/W4386498375,10.3897/mycokeys.99.109375,"Three coralloid species of the genus Trechispora (Trechisporales, Basidiomycota) in China: two newly discovered taxa and one reported for the first time",2023,article,true,gold,https://mycokeys.pensoft.net/article/109375/download/pdf/,cc-by,PMC10502705,37719303,MED,Y,Y,Y,,https://www.ebi.ac.uk/europepmc/webservices/rest/article/PMC10502705/fullTextXML,pmc_xml
https://openalex.org/W4387972803,10.3390/jof9111051,Morpho-Phylogenetic Evidence Reveals Novel Species and New Records of Botryosphaeriaceae in China and Thailand,2023,article,true,gold,https://www.mdpi.com/2309-608X/9/11/1051/pdf?version=1698332658,cc-by,PMC10671917,37998857,MED,Y,Y,Y,,https://www.ebi.ac.uk/europepmc/webservices/rest/article/PMC10671917/fullTextXML,pmc_xml
https://openalex.org/W2794269927,10.1007/s10709-018-0011-5,ITS2 sequence–structure phylogeny reveals diverse endophytic Pseudocercospora fungi on poplars,2018,article,false,closed,,,,29397500,MED,N,N,N,,,paywalled
https://openalex.org/W2916305675,10.1600/036364419x697912,Molecular and Morphological Analyses Support the Transfer of <i>Gleadovia kwangtungensis</i> to <i>Christisonia</i> (Orobanchaceae),2019,article,false,closed,,,,,AGR,N,N,N,,,paywalled
https://openalex.org/W2989922285,10.1093/zoolinnean/zlz129,Phylogeny and revision of the Oriental leafhopper genus Amritodus (Hemiptera: Cicadellidae: Idiocerini),2019,article,false,closed,,,,,,,,,,,paywalled
https://openalex.org/W3133887212,10.1111/1748-5967.12501,"Characterization of mitochondrial genomes of three new species: <i>Leptocimbex praiaformis</i>, <scp><i>L. clavicornis</i></scp>, and <i>L. yanniae</i> (Hymenoptera: Cimbicidae)",2021,article,false,closed,,,,,,,,,,,paywalled
https://openalex.org/W3178246436,10.1071/pc21015,Phylogenetics of the skyhoppers (Kosciuscola) of the Australian Alps: evolutionary and conservation implications,2021,article,true,hybrid,https://www.publish.csiro.au/pc/pdf/PC21015,cc-by-nc-nd,,,,,,,,,oa_pdf
https://openalex.org/W3178449268,10.21425/f5fbg49625,Cryptic diversity of Rhinolophus lepidus in South Asia and differentiation across a biogeographic barrier,2021,article,true,gold,https://escholarship.org/content/qt9sv842ww/qt9sv842ww.pdf?t=r3rp28,cc-by,,,,,,,,,oa_pdf
https://openalex.org/W3185169997,10.1080/23802359.2021.1945972,Characterization and phylogenetic analysis of the mitochondrial genome of <i>Macdunnoughia hybrida</i> (Lepidoptera: Noctuidae: Plusiinae),2021,article,true,diamond,https://www.tandfonline.com/doi/pdf/10.1080/23802359.2021.1945972?needAccess=true,cc-by,PMC8284135,34345683,MED,Y,Y,Y,,https://www.ebi.ac.uk/europepmc/webservices/rest/article/PMC8284135/fullTextXML,pmc_xml
https://openalex.org/W4205947339,10.1590/2175-7860202172134,Diversity and evolution of stem structure in Eleocharis (Cyperaceae),2021,article,true,diamond,https://www.scielo.br/j/rod/a/9C6YYnKstskXSKcZSb33cYv/?lang=en&format=pdf,cc-by-nc,,,,,,,,,oa_pdf
https://openalex.org/W4220885048,10.1371/journal.pone.0264419,"Carex borealifujianica (Cyperaceae), a new species of the core Carex clade from Fujian, southeastern China",2022,article,true,gold,https://journals.plos.org/plosone/article/file?id=10.1371/journal.pone.0264419&type=printable,cc-by,PMC8970524,35358191,MED,Y,Y,Y,,https://www.ebi.ac.uk/europepmc/webservices/rest/article/PMC8970524/fullTextXML,pmc_xml
https://openalex.org/W4224245703,10.11646/zootaxa.5128.4.1,"Vampire Worms; A revision of Galapagomystides (Phyllodocidae, Annelida), with the description of three new species",2022,article,true,bronze,https://mapress.com/zt/article/download/zootaxa.5128.4.1/47248,,,36101161,MED,N,N,N,,,oa_pdf
https://openalex.org/W4225126534,10.3897/mycokeys.89.79537,"Two new species in Capillidium (Ancylistaceae, Entomophthorales) from China, with a proposal for a new combination",2022,article,true,gold,https://mycokeys.pensoft.net/article/79537/download/pdf/,cc-by,PMC9849098,36760830,MED,Y,Y,Y,,https://www.ebi.ac.uk/europepmc/webservices/rest/article/PMC9849098/fullTextXML,pmc_xml
https://openalex.org/W4242103687,10.1186/preaccept-1517039684139971,Hybridisation and diversification in the adaptive radiation of clownfishes,2014,article,true,gold,https://doi.org/10.1186/preaccept-1517039684139971,cc-by,,,,,,,,,oa_pdf
https://openalex.org/W4296001650,10.47371/mycosci.2022.07.001,"&lt;i&gt;Micropsalliota pileocystidiata&lt;/i&gt; (&lt;i&gt;Agaricaceae&lt;/i&gt;), a new species from Maharashtra, India",2022,article,true,diamond,https://www.jstage.jst.go.jp/article/mycosci/63/5/63_MYC581/_pdf,cc-by-nc-nd,PMC10026078,37090203,MED,Y,Y,Y,,https://www.ebi.ac.uk/europepmc/webservices/rest/article/PMC10026078/fullTextXML,pmc_xml
https://openalex.org/W4297857854,10.1111/zsc.12567,"Improved phylogenetic resolution within Neritidae (Gastropoda, Nertimorpha) with implications for the evolution of shell traits and habitat",2022,article,false,closed,,,,,,,,,,,paywalled
https://openalex.org/W4308686676,10.6620/zs.2022.61-38,"Phylogenetic Relationships and Taxonomic Position of the Ribbon Worms of the Genus <i>Parahubrechtia</i> (Nemertea, Palaeonemertea) with Descriptions of Two New Species.",2022,article,true,green,https://www.ncbi.nlm.nih.gov/pmc/articles/9588456,,PMC9588456,36349088,MED,Y,N,Y,,,oa_pdf
https://openalex.org/W4316464968,10.3390/biology12010130,"Phylogeny and Morphology of Novel Species and New Collections Related to Sarcoscyphaceae (Pezizales, Ascomycota) from Southwestern China and Thailand",2023,article,true,gold,https://www.mdpi.com/2079-7737/12/1/130/pdf?version=1674190568,cc-by,PMC9856026,36671822,MED,Y,Y,Y,,https://www.ebi.ac.uk/europepmc/webservices/rest/article/PMC9856026/fullTextXML,pmc_xml
https://openalex.org/W4320000516,10.1016/j.gloplacha.2023.104041,Dichotomous effects of oxidative metabolisms: A theoretical perspective on the dolomite problem,2023,article,false,closed,,,,,,,,,,,paywalled
https://openalex.org/W4387538003,10.7717/peerj.16233,Mitochondrial genome characteristics of six <i>Phylloscopus</i> species and their phylogenetic implication,2023,article,true,gold,https://peerj.com/articles/16233.pdf,cc-by,PMC10576491,37842035,MED,Y,Y,Y,,https://www.ebi.ac.uk/europepmc/webservices/rest/article/PMC10576491/fullTextXML,pmc_xml
https://openalex.org/W4391636457,10.1080/0028825x.2024.2314562,"Two new <i>Stictidaceae</i> species from grasslands in Yunnan province, China",2024,article,false,closed,,,,,,,,,,,paywalled
https://openalex.org/W4391753938,10.1007/s11829-024-10040-1,Parasitism of ladybirds by Hesperomyces in the Canary Islands,2024,article,true,hybrid,https://link.springer.com/content/pdf/10.1007/s11829-024-10040-1.pdf,cc-by,,,,,,,,,oa_pdf
https://openalex.org/W4392468200,10.5252/cryptogamie-mycologie2024v45a3,"Two New Freshwater Hyphomycetous Species of Sporoschisma Berk. &amp; Broome (Chaetosphaeriales) from Tibetan Plateau, China",2024,article,true,green,http://publication.plazi.org/id/FF85FD7E0C32280DFFCC7F1CF30D9C2E,,,,,,,,,,oa_pdf
https://openalex.org/W4392966969,10.1094/pdis-12-23-2679-pdn,<i>Epicoccum</i> <i>sorghinum</i> Causing Leaf Spot on <i>Polygonatum cyrtonema</i> in China,2024,article,false,closed,,,,,,,,,,,paywalled
https://openalex.org/W3197728042,10.1080/23802359.2021.1970643,"The first complete mitochondrial genome of mushroom <i>Leucoagaricus naucinus</i> (Agaricaceae, Agaricales) and insights into its phylogeny",2021,article,true,diamond,https://www.tandfonline.com/doi/pdf/10.1080/23802359.2021.1970643?needAccess=true,cc-by,PMC8425693,34514133,MED,Y,Y,Y,,https://www.ebi.ac.uk/europepmc/webservices/rest/article/PMC8425693/fullTextXML,pmc_xml
https://openalex.org/W4311080362,10.1111/aen.12624,"<i>Filicicapsus smaragdus</i> gen. et sp. nov. (Heteroptera: Miridae), a new plant bug genus and species from New Guinea",2022,article,false,closed,,,,,,,,,,,paywalled
https://openalex.org/W4379013970,10.1016/j.aspen.2023.102103,"Complete mitochondrial genome of the hawthorn moth Scythropia crataegella Linnaeus, 1767 (Lepidoptera: Scythropiidae)",2023,article,true,green,https://doi.org/10.5281/zenodo.7295987,,,,,,,,,,oa_pdf
https://openalex.org/W4386538713,10.3897/zookeys.1179.100006,"Comparative mitogenomic analysis of three bugs of the genus Hygia Uhler, 1861 (Hemiptera, Coreidae) and their phylogenetic position",2023,article,true,gold,https://zookeys.pensoft.net/article/100006/download/pdf/,cc-by,PMC10504634,37719777,MED,Y,Y,Y,,https://www.ebi.ac.uk/europepmc/webservices/rest/article/PMC10504634/fullTextXML,pmc_xml
https://openalex.org/W4391991357,10.1094/pdis-12-23-2743-sc,Novel <i>Pestalotiopsis</i> that Causes Gray Spot Disease of <i>Polygonatum cyrtonema</i> in Hunan Province of China,2024,article,false,closed,,,,38381962,MED,N,N,N,,,paywalled
https://openalex.org/W4392662681,10.1111/syen.12626,"A phylogenetic framework of Palaearctic and Indomalayan Limacodidae (Lepidoptera, Zygaenoidea) based on sequence capture data",2024,article,true,bronze,https://onlinelibrary.wiley.com/doi/pdfdirect/10.1111/syen.12626,,,,,,,,,,oa_pdf
https://openalex.org/W4395001573,10.3390/d16040246,Ascochyta erotica sp. nov. Pathogenic on Convolvulus arvensis,2024,article,true,gold,https://www.mdpi.com/1424-2818/16/4/246/pdf?version=1713774961,cc-by,,,,,,,,,oa_pdf
https://openalex.org/W4400242353,10.3897/asp.82.e114286,"New species of the long-horned caddisfly Oecetis McLachlan, 1877 (Trichoptera: Leptoceridae) from the Atlantic Forest, Brazil and their evolutionary relationship",2024,article,true,diamond,https://arthropod-systematics.arphahub.com/article/114286/download/pdf/,cc-by,,,,,,,,,oa_pdf
https://openalex.org/W4403201983,10.3389/fpls.2024.1454035,"Multi-gene analysis of the Russula crown clade (Russulales, Basidiomycota) revealed six new species and Alboflavinae subsect. nov. from Fagaceae forests in China",2024,article,true,gold,https://doi.org/10.3389/fpls.2024.1454035,cc-by,PMC11494609,39439511,MED,Y,Y,Y,,https://www.ebi.ac.uk/europepmc/webservices/rest/article/PMC11494609/fullTextXML,pmc_xml
https://openalex.org/W4403966558,10.1093/zoolinnean/zlae132,A rapid and parallel Late Pleistocene/Holocene morphological radiation in a predaceous planktonic water flea: the case of <i>Bythotrephes</i> (Cladocera: Cercopagididae),2024,article,false,closed,,,,,,,,,,,paywalled
https://openalex.org/W4405613735,10.1016/j.dsr.2024.104439,"Descriptions of two new deep-sea nemertean species from the genera Alvinonemertes and Sagornya gen. nov. (Hoplonemertea, Oerstediina) with discussion on close genetic relationship between deep-sea species",2024,article,false,closed,,,,,,,,,,,paywalled
https://openalex.org/W4408140311,10.1093/jcbiol/ruaf004,"A new species of <i>Hyalella</i> Smith, 1874 (Amphipoda: Hyalellidae) from a unique thermal-spring habitat",2025,article,false,closed,,,,,,,,,,,paywalled
https://openalex.org/W1918385536,10.1111/bij.12627,"The complete mitochondrial genome of the endemic and highly specialized South African bee species<i>Rediviva intermixta</i>(Hymenoptera: Melittidae), with a comparison with other bee mitogenomes",2015,article,true,bronze,https://academic.oup.com/biolinnean/article-pdf/116/4/940/16713560/bij12627.pdf,,,,AGR,N,N,N,,,oa_pdf
https://openalex.org/W2572345308,10.17520/biods.2016248,Pollination ecotypes and herkogamy variation of Hiptage benghalensis (Malpighiaceae) with mirror-image flowers,2016,article,true,bronze,http://www.biodiversity-science.net/CN/article/downloadArticleFile.do?attachType=PDF&id=10270,,,,,,,,,,oa_pdf
https://openalex.org/W2740685520,10.1016/j.ympev.2017.07.025,Playing with extremes: Origins and evolution of exaggerated female forelegs in South African Rediviva bees,2017,article,true,green,https://orbi.umons.ac.be/bitstream/20.500.12907/27006/1/Kahnt_et_al_2017_Phylogeny_Rediviva_MPE.pdf,,,28757446,MED,N,N,N,,,oa_pdf
https://openalex.org/W1638041313,10.3897/zookeys.510.8573,Species limits and phylogeography of Newportia (Scolopendromorpha) and implications for widespread morphospecies,2015,article,true,gold,https://doi.org/10.3897/zookeys.510.8573,cc-by,PMC4523765,26257535,MED,Y,Y,Y,,https://www.ebi.ac.uk/europepmc/webservices/rest/article/PMC4523765/fullTextXML,pmc_xml
https://openalex.org/W1549062520,10.1111/boj.12179,A phylogenetic analysis of palm subtribe Archontophoenicinae (Arecaceae) based on 14 DNA regions,2014,article,false,closed,,,,,AGR,N,N,N,,,paywalled
https://openalex.org/W1929979856,10.1111/syen.12066,"The phylogeny and revised classification of <scp>M</scp> achaerotidae, the tube‐making spittlebugs ( <scp>H</scp> emiptera: <scp>A</scp> uchenorrhyncha: <scp>C</scp> ercopoidea)",2014,article,false,closed,,,,,AGR,N,N,N,,,paywalled
https://openalex.org/W2592461988,10.5943/mycosphere/8/1/4,"Metarhizium dendrolimatilis, a novel Metarhizium species parasitic on Dendrolimus sp. larvae",2017,article,true,diamond,https://doi.org/10.5943/mycosphere/8/1/4,cc-by-nc-sa,,,,,,,,,oa_pdf
https://openalex.org/W2103474433,10.1676/13-111.1,Phylogeography of the Gambel's Quail ( <i>Callipepla gambelii</i> ) of western North America,2014,article,false,closed,,,,,,,,,,,paywalled
https://openalex.org/W2546145752,10.1007/s12228-016-9451-3,A settled sub-family for the orphan tree: The phylogenetic position of the endemic Colombian genus Orphanodendron in the Leguminosae,2016,article,false,closed,,,,,,,,,,,paywalled
https://openalex.org/W2549474806,10.1016/j.bse.2016.11.008,Chloroplast phylogenomic analyses maternal relationships among sections in the genus Populus,2016,article,false,closed,,,,,,,,,,,paywalled
https://openalex.org/W2602595165,10.1080/14772000.2017.1284913,Molecular phylogenetic diversity in the widespread lizard<i>Cercosaura ocellata</i>(Reptilia: Gymnophthalmidae) in South America,2017,article,true,green,http://dx.doi.org/10.1080/14772000.2017.1284913,,,,,,,,,,oa_pdf
https://openalex.org/W3037953181,10.1002/ece3.6497,Optimizing the widely used nuclear protein‐coding gene primers in beetle phylogenies and their application in the genus <i>Sasajiscymnus</i> Vandenberg (Coleoptera: Coccinellidae),2020,article,true,gold,https://doi.org/10.1002/ece3.6497,cc-by,PMC7391345,32760560,MED,Y,Y,Y,,https://www.ebi.ac.uk/europepmc/webservices/rest/article/PMC7391345/fullTextXML,pmc_xml
https://openalex.org/W614982440,10.1163/1876312x-45032125,"Molecular phylogeny of the Taeniapterini (Diptera: Micropezidae) using nuclear and mitochondrial DNA, with a reclassification of the genus Taeniaptera Macquart",2015,article,true,bronze,https://brill.com/downloadpdf/journals/ise/46/5/article-p411_1.pdf,,,,,,,,,,oa_pdf
https://openalex.org/W1985073889,10.1071/is13056,"Prosogynopora riseri, gen. et sp. nov., a phylogenetically problematic lithophoran proseriate (Platyhelminthes : Rhabditophora) with inverted genital pores from the New England coast",2014,article,false,closed,,,,,,,,,,,paywalled
https://openalex.org/W2387962636,10.1007/s00436-016-5331-8,Erratum to: Evolutionary modularity and morphological integration in the haptoral anchor structures of Ligophorus spp. (Monogenea: Dactylogyridae),2016,erratum,true,bronze,https://link.springer.com/content/pdf/10.1007%2Fs00436-016-5331-8.pdf,,,27885464,MED,N,N,N,,,oa_pdf
https://openalex.org/W2610946156,10.1017/s0025315417000510,"The complete description of larval stages of the lobster shrimp<i>Leonardsaxius amurensis</i>(Kobjakova, 1937) (Decapoda: Axiidea: Axiidae) identified by DNA barcoding",2017,article,false,closed,,,,,,,,,,,paywalled
https://openalex.org/W2913971649,10.31248/jbbd2016.008,Molecular characterization and the effectiveness of native entomopathogenic Beauveria bassiana strains against adults of Mediterranean fruit fly (Ceratitis capitata),2016,article,true,bronze,http://integrityresjournals.org/journal/JBBD/article-full-text-pdf/3C46217E2,,,,,,,,,,oa_pdf
https://openalex.org/W2954994746,10.1016/j.jcz.2019.07.001,Phylogenetic systematics of the Neotropical caecilian amphibian Luetkenotyphlus (Gymnophiona: Siphonopidae) including the description of a new species from the vulnerable Brazilian Atlantic Forest,2019,article,false,closed,,,,,,,,,,,paywalled
https://openalex.org/W2998225586,10.1371/journal.pone.0226064,Rapid loss of flight in the Aldabra white-throated rail,2019,article,true,gold,https://journals.plos.org/plosone/article/file?id=10.1371/journal.pone.0226064&type=printable,cc-by,PMC6927662,31869373,MED,Y,Y,Y,,https://www.ebi.ac.uk/europepmc/webservices/rest/article/PMC6927662/fullTextXML,pmc_xml
https://openalex.org/W3002039813,10.7717/peerj.8204,"<i>Pseudolebinthus lunipterus</i> sp. nov.: a striking deaf and mute new cricket from Malawi (Orthoptera, Gryllidae, Eneopterinae)",2020,article,true,gold,https://doi.org/10.7717/peerj.8204,cc-by,PMC6979410,31998551,MED,Y,Y,Y,,https://www.ebi.ac.uk/europepmc/webservices/rest/article/PMC6979410/fullTextXML,pmc_xml
https://openalex.org/W3091487173,10.1016/j.funeco.2020.100990,Human-associated migration of Holarctic Saccharomyces uvarum strains to Patagonia,2020,article,true,green,http://hdl.handle.net/10261/220863,,,,,,,,,,oa_pdf
https://openalex.org/W3138761561,10.1080/00318884.2021.1884799,"Molecular phylogeny and morphology of <i>Cephaleuros</i> (Trentepohliales, Chlorophyta) from southern China",2021,article,false,closed,,,,,,,,,,,paywalled
https://openalex.org/W3168469308,10.1163/18759866-bja10020,DNA-barcode and endophallus morphology delimit congruent species in a systematic revision of the oxyporine rove beetles of Russia (Coleoptera: Staphylinidae: Oxyporinae),2021,article,true,gold,https://brill.com/downloadpdf/journals/ctoz/90/3/article-p344_344.pdf,cc-by,,,,,,,,,oa_pdf
https://openalex.org/W3206825530,10.3390/insects12100918,Phylogenetic Position of the Genus Alulacris (Orthoptera: Acrididae: Melanoplinae: Podismini) Revealed by Complete Mitogenome Evidence,2021,article,true,gold,https://www.mdpi.com/2075-4450/12/10/918/pdf?version=1634696491,cc-by,PMC8539312,34680687,MED,Y,Y,Y,,https://www.ebi.ac.uk/europepmc/webservices/rest/article/PMC8539312/fullTextXML,pmc_xml
https://openalex.org/W3213905323,10.3389/fmicb.2021.765733,"The Gene Rearrangement, Loss, Transfer, and Deep Intronic Variation in Mitochondrial Genomes of Conidiobolus",2021,article,true,gold,https://doi.org/10.3389/fmicb.2021.765733,cc-by,PMC8632527,34858376,MED,Y,Y,Y,,https://www.ebi.ac.uk/europepmc/webservices/rest/article/PMC8632527/fullTextXML,pmc_xml
https://openalex.org/W3214553498,10.7717/peerj.12465,Comparative analysis of twelve mitogenomes of Caliscelidae (Hemiptera: Fulgoromorpha) and their phylogenetic implications,2021,article,true,gold,https://doi.org/10.7717/peerj.12465,cc-by,PMC8603831,34820192,MED,Y,Y,Y,,https://www.ebi.ac.uk/europepmc/webservices/rest/article/PMC8603831/fullTextXML,pmc_xml
https://openalex.org/W4212846213,10.1093/zoolinnean/zlab077,Phylogeny indicates polyphyly in <i>Cnodocentron</i> (Trichoptera: Xiphocentronidae): biogeography and revision of New World species ( <i>Caenocentron</i> ),2021,article,true,green,http://hdl.handle.net/11449/218984,,,,,,,,,,oa_pdf
https://openalex.org/W2070528098,10.3099/mcz18.1,"<i>Cyphophthalmus solentiensis</i>sp. nov. (Cyphophthalmi, Sironidae), a New Endogean Mite Harvestman Species from Croatia, with an Application of Confocal Laser Microscopy to Illustrate Genitalia in Opiliones",2015,article,false,closed,,,,,,,,,,,paywalled
https://openalex.org/W2587440376,10.1111/zsc.12234,Evolution of <i>Strigamia</i> centipedes (Chilopoda): a first molecular assessment of phylogeny and divergence times,2017,article,true,green,http://hdl.handle.net/11577/3223323,,,,,,,,,,oa_pdf
https://openalex.org/W2610299058,10.1071/is16003,Molecular phylogeny informs generic and subgeneric concepts in the Schizoptera Fieber genus group (Heteroptera : Schizopteridae) and reveals multiple origins of female-specific elytra,2017,article,false,closed,,,,,,,,,,,paywalled
https://openalex.org/W2789833576,10.5943/mycosphere/8/6/12,Two new species of aphyllophoroid fungi (Basidiomycota) from southern China,2017,article,true,diamond,https://doi.org/10.5943/mycosphere/8/6/12,cc-by-nc-sa,,,,,,,,,oa_pdf
https://openalex.org/W2892406844,10.1080/14772000.2018.1483976,"An updated phylogeny of<i>Deprea</i>(Solanaceae) with a new species from Colombia: interspecific relationships, conservation assessment, and a key for Colombian species",2018,article,false,closed,,,,,,,,,,,paywalled
https://openalex.org/W2928837091,10.1016/j.ijbiomac.2019.04.011,Phylomitogenomics of Phaneropteridae (Orthoptera): Combined data indicate a poorly conserved mitogenome,2019,article,false,closed,,,,30953723,MED,N,N,N,,,paywalled
https://openalex.org/W2946890074,10.1071/is18080,"Cephalotrichella echinicola, sp. nov. (Palaeonemertea : Cephalotrichellidae), a new nemertean associated with sea urchins from Nha Trang Bay (South China Sea)",2019,article,false,closed,,,,,,,,,,,paywalled
https://openalex.org/W2981807487,10.1016/j.ejbt.2019.10.005,Molecular phylogenetics of Black Cobra (Naja naja) in Pakistan,2019,article,true,gold,https://doi.org/10.1016/j.ejbt.2019.10.005,cc-by-nc-nd,,,,,,,,,oa_pdf
https://openalex.org/W2999340539,10.1007/s10336-020-01744-1,Analyses of plumage coloration and genetic variation confirm the hybridization of Pipra fasciicauda and Pipra aureola in the Brazilian Amazon basin,2020,article,true,green,http://hdl.handle.net/10138/324747,,,,,,,,,,oa_pdf
https://openalex.org/W3015182803,10.1071/is19036,"Phylogenetic position of Aculamprotula polysticta, comb. res. (Bivalvia : Unionidae) inferred from phylogenetic relationships in Unionida",2020,article,false,closed,,,,,,,,,,,paywalled
https://openalex.org/W3112409573,10.1111/mpp.13025,"<i>Pectobacterium atrosepticum</i> KDPG aldolase, Eda, participates in the Entner–Doudoroff pathway and independently inhibits expression of virulence determinants",2020,article,true,gold,https://onlinelibrary.wiley.com/doi/pdfdirect/10.1111/mpp.13025,cc-by,PMC7814964,33301200,MED,Y,Y,Y,,https://www.ebi.ac.uk/europepmc/webservices/rest/article/PMC7814964/fullTextXML,pmc_xml
https://openalex.org/W3134151998,10.1007/s10658-021-02253-4,Molecular phylogenetic analysis shows that causal agent of maize rough dwarf disease in Iran is closer to rice black-streaked dwarf virus,2021,article,false,closed,,,,,AGR,N,N,N,,,paywalled
https://openalex.org/W3156780588,10.47371/mycosci.2021.03.007,"&lt;i&gt;Parvixerocomus matheranensis&lt;/i&gt; (&lt;i&gt;Boletaceae&lt;/i&gt;), a new species from India",2021,article,true,diamond,https://doi.org/10.47371/mycosci.2021.03.007,cc-by-nc-nd,PMC9721517,37092172,MED,Y,Y,Y,,https://www.ebi.ac.uk/europepmc/webservices/rest/article/PMC9721517/fullTextXML,pmc_xml
https://openalex.org/W4205526992,10.3897/mycokeys.85.73405,"Azygosporus gen. nov., a synapmorphic clade in the family Ancylistaceae",2021,article,true,gold,https://doi.org/10.3897/mycokeys.85.73405,cc-by,PMC8741705,35068985,MED,Y,Y,Y,,https://www.ebi.ac.uk/europepmc/webservices/rest/article/PMC8741705/fullTextXML,pmc_xml
https://openalex.org/W4220965722,10.3390/jof8030272,New Species and New Records of Otidea from China Based on Molecular and Morphological Data,2022,article,true,gold,https://www.mdpi.com/2309-608X/8/3/272/pdf?version=1646817274,cc-by,PMC8953430,35330274,MED,Y,Y,Y,,https://www.ebi.ac.uk/europepmc/webservices/rest/article/PMC8953430/fullTextXML,pmc_xml
https://openalex.org/W4229673512,10.1007/s11557-021-01720-w,A morphological and molecular survey of Neoconidiobolus reveals a new species and two new combinations,2021,article,false,closed,,,,,,,,,,,paywalled
https://openalex.org/W4306408339,10.3897/phytokeys.210.89480,"Sinosenecio yangii (Asteraceae), a new species from Guizhou, China",2022,article,true,gold,https://doi.org/10.3897/phytokeys.210.89480,cc-by,PMC9848965,36760415,MED,Y,Y,Y,,https://www.ebi.ac.uk/europepmc/webservices/rest/article/PMC9848965/fullTextXML,pmc_xml
https://openalex.org/W2196614172,10.1111/ibi.12343,Evolutionary distinctiveness and historical decline in genetic diversity in the Seychelles Black Parrot <i>Coracopsis nigra barklyi</i>,2015,article,false,closed,,,,,,,,,,,paywalled
https://openalex.org/W2522666369,10.1111/zsc.12206,"Phylogenetic relationships of the largest lungless tetrapod (Gymnophiona, <i>Atretochoana</i>) and the evolution of lunglessness in caecilians",2016,article,false,closed,,,,,,,,,,,paywalled
https://openalex.org/W2803001444,10.3897/zookeys.752.23712,"A revision of “blanket-hermit crabs” of the genus Paguropsis Henderson, 1888, with the description of a new genus and five new species (Crustacea, Anomura, Diogenidae)",2018,article,true,gold,https://doi.org/10.3897/zookeys.752.23712,cc-by,PMC5928055,29719474,MED,Y,Y,Y,,https://www.ebi.ac.uk/europepmc/webservices/rest/article/PMC5928055/fullTextXML,pmc_xml
https://openalex.org/W2815616658,10.1080/07060661.2018.1498807,Powdery mildew of California poppy caused by <i>Erysiphe eschscholziae</i> in Mexico,2018,article,false,closed,,,,,,,,,,,paywalled
https://openalex.org/W2938294859,10.3897/mycokeys.51.32272,The genus Castanediella,2019,article,true,gold,https://mycokeys.pensoft.net/article/32272/download/pdf/,cc-by,PMC6477871,31048984,MED,Y,Y,Y,,https://www.ebi.ac.uk/europepmc/webservices/rest/article/PMC6477871/fullTextXML,pmc_xml
https://openalex.org/W2992218165,10.1016/j.pocean.2019.102237,New deep-sea species of Anobothrus (Annelida: Ampharetidae) from the Kuril-Kamchatka Trench and adjacent abyssal regions,2019,article,false,closed,,,,,,,,,,,paywalled
https://openalex.org/W2997559864,10.1093/zoolinnean/zlz145,A new Southern Ocean species in the remarkable and rare amphipod family Podosiridae (Crustacea: Amphipoda) questions existing systematic hypotheses,2019,article,true,hybrid,https://academic.oup.com/zoolinnean/article-pdf/190/2/613/33826384/zlz145.pdf,cc-by,,,,,,,,,oa_pdf
https://openalex.org/W2998927586,10.1111/njb.02574,"<i>Hemiboea guangdongensis</i> comb. &amp; stat. nov., a cryptic species segregated from <i>H. subcapitata</i> (Gesneriaceae) based on morphological and molecular data",2019,article,false,closed,,,,,,,,,,,paywalled
https://openalex.org/W3012062836,10.1080/23802359.2020.1736672,"Complete mitogenome of the shortfin spiny eel, <i>Notacanthus bonaparte</i> (Elopomorpha; Notacanthiformes)",2020,article,true,diamond,https://www.tandfonline.com/doi/pdf/10.1080/23802359.2020.1736672?needAccess=true,cc-by,,,,,,,,,oa_pdf
https://openalex.org/W3028571986,10.3390/biology9050106,Evolution of Hemoglobin Genes in a Subterranean Rodent Species (Lasiopodomys mandarinus),2020,article,true,gold,https://www.mdpi.com/2079-7737/9/5/106/pdf?version=1589974322,cc-by,PMC7284791,32443792,MED,Y,Y,Y,,https://www.ebi.ac.uk/europepmc/webservices/rest/article/PMC7284791/fullTextXML,pmc_xml
https://openalex.org/W3035735532,10.1016/j.actatropica.2020.105587,Population structure of leishmania major in southeastern morocco,2020,article,false,closed,,,,32535066,MED,N,N,N,,,paywalled
https://openalex.org/W3043289762,10.1080/14772000.2020.1787550,Historical biogeography of smoothhound sharks (genus <i>Mustelus</i>) of Southern Africa reveals multiple dispersal events from the Northern Hemisphere,2020,article,false,closed,,,,,,,,,,,paywalled
https://openalex.org/W3080145579,10.3897/phytokeys.157.32427,Genetic delimitation of Oreocharis species from Hainan Island,2020,article,true,gold,https://doi.org/10.3897/phytokeys.157.32427,cc-by,,,,,,,,,oa_pdf
https://openalex.org/W3117105135,10.1111/1365-2656.13414,Plant volatiles mediate evolutionary interactions between plants and tephritid flies and are evolutionarily more labile than non‐volatile defenses,2020,article,true,green,,,,33340098,MED,N,N,N,,,paywalled
https://openalex.org/W3124143409,10.1002/ajp.23226,"Evolution and biogeographic history of the <i>Saguinus mystax</i> group (Primates, Callithrichidae)",2021,article,false,closed,,,,33492691,MED,N,N,N,,,paywalled
https://openalex.org/W3138494720,10.1080/23802359.2021.1886014,The mitochondrial genome of a leaf insect <i>Phyllium westwoodii</i> (Phasmatodea: Phylliidae) in Southeast Asia,2021,article,true,diamond,https://www.tandfonline.com/doi/pdf/10.1080/23802359.2021.1886014?needAccess=true,cc-by,PMC7971323,33796669,MED,Y,Y,Y,,https://www.ebi.ac.uk/europepmc/webservices/rest/article/PMC7971323/fullTextXML,pmc_xml
https://openalex.org/W3151460658,10.2108/zs200167,First Complete Mitochondrial Genome of a Tanaidacean Crustacean (Arctotanais alascensis),2021,article,true,green,https://eprints.lib.hokudai.ac.jp/repo/huscap/all/85645/2021_Kakui_Kano_TableS2.pdf,,,34057352,MED,N,N,N,,,oa_pdf
https://openalex.org/W3174068897,10.1007/s13127-021-00498-9,"Integrative taxonomy of the seasonally polyphenic scorpionfly Panorpa liui Hua, 1997 (Mecoptera: Panorpidae)",2021,article,false,closed,,,,,,,,,,,paywalled
https://openalex.org/W3204339581,10.1071/is20077,"Phylogenetic position of the genera Caryandoides, Paratoacris, Fer and Longchuanacris (Orthoptera : Acrididae) revealed by complete mitogenome sequences",2021,article,false,closed,,,,,,,,,,,paywalled
https://openalex.org/W4210801902,10.1093/botlinnean/boac004,A new genus of Lythraceae emerges from rocky outcrops of the Atlantic Forest in Brazil,2022,article,false,closed,,,,,,,,,,,paywalled
https://openalex.org/W4210805166,10.3389/fmars.2021.778034,Occurrence and Molecular Characterization of Some Parasitic Copepods (Siphonostomatoida: Pandaridae) on Pelagic Sharks in the Mediterranean Sea,2022,article,true,gold,https://doi.org/10.3389/fmars.2021.778034,cc-by,,,,,,,,,oa_pdf
https://openalex.org/W4253430977,10.1007/s11557-021-01717-5,"Digitodesmium polybrachiatum sp. nov., a new species of Dictyosporiaceae from Brazil",2021,article,false,closed,,,,,,,,,,,paywalled
https://openalex.org/W4282958834,10.3389/fevo.2022.777172,Phylogeography of a Typical Forest Heliothermic Lizard Reveals the Combined Influence of Rivers and Climate Dynamics on Diversification in Eastern Amazonia,2022,article,true,gold,https://doi.org/10.3389/fevo.2022.777172,cc-by,,,,,,,,,oa_pdf
https://openalex.org/W4380085132,10.3390/plants12122258,Phylogeography of 912 Cherry Accessions Insight into Independent Origins of Fruiting Cherries and Domestication Footprints of Cultivated Chinese Cherry (Prunus pseudocerasus Lindl.),2023,article,true,gold,https://www.mdpi.com/2223-7747/12/12/2258/pdf?version=1686297562,cc-by,PMC10302293,37375885,MED,Y,Y,Y,,https://www.ebi.ac.uk/europepmc/webservices/rest/article/PMC10302293/fullTextXML,pmc_xml
https://openalex.org/W2903674427,10.1080/12298093.2018.1547485,"<i>Bremia itoana</i> (Oomycota, Peronosporales), a Specialized Downy Mildew Pathogen on an East Asian Plant, <i>Crepidiastrum sonchifolium</i> (Asteraceae)",2018,article,true,gold,https://www.tandfonline.com/doi/pdf/10.1080/12298093.2018.1547485?needAccess=true,,PMC6319453,30637150,MED,Y,Y,Y,,https://www.ebi.ac.uk/europepmc/webservices/rest/article/PMC6319453/fullTextXML,pmc_xml
https://openalex.org/W2914194668,10.1111/jzs.12263,Unexpected phylogenetic relationships within the world's largest limbless skink species (<i>Acontias plumbeus</i>) highlight the need for a review of the taxonomic status of<i>Acontias poecilus</i>,2019,review,false,closed,,,,,,,,,,,paywalled
https://openalex.org/W2953660929,10.1080/21501203.2019.1635217,Phylogeny of the subgenus<i>Eumitria</i>in Tanzania,2019,article,true,gold,https://www.tandfonline.com/doi/pdf/10.1080/21501203.2019.1635217?needAccess=true,cc-by,PMC6781463,31632834,MED,Y,Y,Y,,https://www.ebi.ac.uk/europepmc/webservices/rest/article/PMC6781463/fullTextXML,pmc_xml
https://openalex.org/W2981801929,10.1080/23802359.2019.1682483,The complete mitogenome of <i>Lycostomus</i> sp. (Elateroidea: Lycidae),2019,article,true,diamond,https://www.tandfonline.com/doi/pdf/10.1080/23802359.2019.1682483?needAccess=true&,cc-by,PMC7707448,33366200,MED,Y,Y,Y,,https://www.ebi.ac.uk/europepmc/webservices/rest/article/PMC7707448/fullTextXML,pmc_xml
https://openalex.org/W3006272982,10.1016/j.dsr.2020.103234,Integrative taxonomy reveals new taxa of Trochidae (Gastropoda: Vetigastropoda) from seamounts in the tropical western Pacific,2020,article,false,closed,,,,,,,,,,,paywalled
https://openalex.org/W3117556564,10.1080/23802359.2020.1840931,The first complete mitochondrial genome of <i>Dermestes dimidiatus</i> ab. <i>rosea</i> Kusnezova and its phylogenetic implications for the superfamily Bostrichoidea,2020,article,true,diamond,https://www.tandfonline.com/doi/pdf/10.1080/23802359.2020.1840931?needAccess=true,cc-by,PMC7759273,33426284,MED,Y,Y,Y,,https://www.ebi.ac.uk/europepmc/webservices/rest/article/PMC7759273/fullTextXML,pmc_xml
https://openalex.org/W3120928743,10.1016/j.aquabot.2020.103349,Evolutionary analysis for Phragmites ecotypes based on full-length plastomes,2021,article,false,closed,,,,,,,,,,,paywalled
https://openalex.org/W3126265645,10.1080/00275514.2020.1843328,"Two new species of Chytriomycetaceae: Morphological, phylogenetic, and ultrastructural characterization",2021,article,false,closed,,,,33538654,MED,N,N,N,,,paywalled
https://openalex.org/W3180763636,10.11646/zootaxa.4999.4.1,"Molecular phylogenetic analysis of the Paguristes tortugae Schmitt, 1933 complex and selected other Paguroidea (Crustacea: Decapoda: Anomura)",2021,article,true,bronze,https://mapress.com/zt/article/download/zootaxa.4999.4.1/44722,,,34810482,MED,N,N,N,,,oa_pdf
https://openalex.org/W3204028974,10.5852/ejt.2021.773.1519,"Pseudopolydora (Annelida: Spionidae) from the Arabian Gulf, Kuwait",2021,article,true,diamond,https://europeanjournaloftaxonomy.eu/index.php/ejt/article/download/1519/5151,cc-by,,,,,,,,,oa_pdf
https://openalex.org/W3207177346,10.25225/jvb.21040,"Mitochondrial and karyotypic evidence reveals a lack of support for the genus Nasuella (Procyonidae, Carnivora)",2021,article,true,diamond,https://doi.org/10.25225/jvb.21040,,,,,,,,,,oa_pdf
https://openalex.org/W4200210468,10.1007/s11557-021-01747-z,"Species diversity in Penicillium and Acaulium from herbivore dung in China, and description of Acaulium stercorarius sp. nov",2021,article,false,closed,,,,,,,,,,,paywalled
https://openalex.org/W4205357226,10.7717/peerj.12735,"A review of the common crab genus <i>Macromedaeus</i> Ward, 1942 (Brachyura, Xanthidae) from China Seas with description of a new species using integrative taxonomy methods",2022,review,true,gold,https://doi.org/10.7717/peerj.12735,cc-by,PMC8781320,35111395,MED,Y,Y,Y,,https://www.ebi.ac.uk/europepmc/webservices/rest/article/PMC8781320/fullTextXML,pmc_xml
https://openalex.org/W4220825732,10.1080/14772000.2022.2030425,"Phylogenetics of <i>Serjania</i> (Sapindaceae-Paullinieae), with emphasis on fruit evolution and the description of a new species from Michoacán, Mexico",2022,article,false,closed,,,,,,,,,,,paywalled
https://openalex.org/W4220878187,10.1016/j.indcrop.2022.114743,Secondary metabolites produced by solid-state fermentation of a neotropical Aspergillus flavus strain confer anti-mosquito activity with long shelf-life,2022,article,false,closed,,,,,,,,,,,paywalled
https://openalex.org/W4224305277,10.1080/23802359.2022.2067495,Phylogenetic relationship and characterization of the complete mitochondrial genome of <i>Camponotus japonicus</i> (Hymenoptera: Formicoidea: Formicidae),2022,article,true,diamond,https://www.tandfonline.com/doi/pdf/10.1080/23802359.2022.2067495?needAccess=true,cc-by,PMC9037170,35478859,MED,Y,Y,Y,,https://www.ebi.ac.uk/europepmc/webservices/rest/article/PMC9037170/fullTextXML,pmc_xml
https://openalex.org/W4283120009,10.1016/j.jcz.2022.06.003,The taxonomic position of brooding limpets of the genera Erginus and Rhodopetala (Patellogastropoda),2022,article,true,green,http://publication.plazi.org/id/FFD2FFAAEF748B53FF96760FFFCA1351,,,,,,,,,,oa_pdf
https://openalex.org/W4283167018,10.3897/phytokeys.201.84911,"Lepisorus medioximus (Polypodiales, Polypodiaceae), a new species from Shan State of Myanmar",2022,article,true,gold,https://doi.org/10.3897/phytokeys.201.84911,cc-by,PMC9848922,36762316,MED,Y,Y,Y,,https://www.ebi.ac.uk/europepmc/webservices/rest/article/PMC9848922/fullTextXML,pmc_xml
https://openalex.org/W4295972130,10.3389/fbinf.2022.931583,In silico approach to identify microsatellite candidate biomarkers to differentiate the biovar of Corynebacterium pseudotuberculosis genomes,2022,article,true,gold,https://doi.org/10.3389/fbinf.2022.931583,cc-by,PMC9580864,36304273,MED,Y,Y,Y,,https://www.ebi.ac.uk/europepmc/webservices/rest/article/PMC9580864/fullTextXML,pmc_xml
https://openalex.org/W4297384223,10.3897/phytokeys.5555.89480,"Sinosenecio yangii (Asteraceae), a new species from Guizhou, China",2022,article,true,gold,https://doi.org/10.3897/phytokeys.5555.89480,cc-by,,,,,,,,,oa_pdf
https://openalex.org/W4297546305,10.7717/peerj.13884,"A phylogenetic analysis of <i>Bromus</i> (Poaceae: Pooideae: Bromeae) based on nuclear ribosomal and plastid data, with a focus on <i>Bromus</i> sect. <i>Bromus</i>",2022,article,true,gold,https://doi.org/10.7717/peerj.13884,cc-by,PMC9526414,36193423,MED,Y,Y,Y,,https://www.ebi.ac.uk/europepmc/webservices/rest/article/PMC9526414/fullTextXML,pmc_xml
https://openalex.org/W4306967504,10.1016/j.ympev.2022.107647,"Too early for the ferry: The biogeographic history of the Assamiidae of southeast Asia (Chelicerata: Opiliones, Laniatores)",2022,article,false,closed,,,,36273758,MED,N,N,N,,,paywalled
https://openalex.org/W4310490261,10.3389/fevo.2022.1044565,Diversity and evolution of optically complex eyes in a family of deep-sea fish: Ocular diverticula in barreleye spookfish (Opisthoproctidae),2022,article,true,gold,https://www.frontiersin.org/articles/10.3389/fevo.2022.1044565/pdf,cc-by,,,,,,,,,oa_pdf
https://openalex.org/W4321373607,10.3390/v15020563,Cross-Hemispheric Genetic Diversity and Spatial Genetic Structure of Callinectes sapidus Reovirus 1 (CsRV1),2023,article,true,gold,https://www.mdpi.com/1999-4915/15/2/563/pdf?version=1677038601,cc-by,PMC9962310,36851777,MED,Y,Y,Y,,https://www.ebi.ac.uk/europepmc/webservices/rest/article/PMC9962310/fullTextXML,pmc_xml
https://openalex.org/W4362521611,10.6620/zs.2022.61-59,"Morphology, Feeding Rate and Larval Settlement Preference of the Corallivorous Nudibranch <i>Phestilla subodiosa</i> (Nudibranchia: Trinchesiidae) from Hong Kong.",2022,article,true,green,https://pmc.ncbi.nlm.nih.gov/articles/PMC10061218/pdf/zoolstud-61-059.pdf,,PMC10061218,37007809,MED,Y,N,Y,,,oa_pdf
https://openalex.org/W4390013483,10.1649/1934-0451.mo19.1,"Revision and Phylogeny of the West Indian Net-Winged Beetle Genus Thonalmus Bourgeois, 1883 (Coleoptera: Elateroidea: Lycidae): An Integrative Approach to Solve 260 Years of Unsettled Taxonomy",2023,article,false,closed,,,,,,,,,,,paywalled
https://openalex.org/W4390908497,10.3897/vz.74.e103573,"A new species of Brachycephalus (Anura: Brachycephalidae) from the northern portion of the state of Rio de Janeiro, southeastern Brazil",2024,article,true,diamond,https://vertebrate-zoology.arphahub.com/article/103573/download/pdf/,cc-by,,,,,,,,,oa_pdf
https://openalex.org/W4391529585,10.1016/j.jcz.2024.01.004,"Morphological and molecular evidence for a new species of the genus Milnesium Doyère, 1840 (Tardigrada: Apochela) from south America",2024,article,true,green,https://ruj.uj.edu.pl/handle/item/551547,,,,,,,,,,oa_pdf
https://openalex.org/W4392571559,10.1093/jambio/lxae038,Causal agents of <i>Stemphylium</i>-induced foliar diseases of tomatoes and other Solanaceae hosts in Brazil,2024,article,false,closed,,,,38373804,MED,N,N,N,,,paywalled
https://openalex.org/W2474764839,10.1111/jeu.12371,Mitochondrial Genome of Prasinophyte Alga <i>Pyramimonas parkeae</i>,2016,article,false,closed,,,,27678215,MED,N,N,N,,,paywalled
https://openalex.org/W2966449977,10.1007/s12526-019-00974-8,"Description and phylogenetic relationships of a new genus of sea cucumbers from Australia, with two new combinations (Holothuroidea, Stichopodidae)",2019,article,false,closed,,,,,,,,,,,paywalled
https://openalex.org/W2979336176,10.1099/ijsem.0.003761,"Sapientia aquatica gen. nov., sp. nov., isolated from a crater lake",2019,article,false,closed,,,,31592761,MED,N,N,N,,,paywalled
https://openalex.org/W3032440054,10.3897/phytokeys.148.48510,"Gnetum chinense, a new species of Gnetaceae from southwestern China",2020,article,true,gold,https://doi.org/10.3897/phytokeys.148.48510,cc-by,PMC7266837,32523394,MED,Y,Y,Y,,https://www.ebi.ac.uk/europepmc/webservices/rest/article/PMC7266837/fullTextXML,pmc_xml
https://openalex.org/W3082592050,10.3897/jhr.78.53064,"Synonymy of Idiococcobius Hayat with Coccobius Ratzeburg (Hymenoptera, Aphelinidae): evidenced by a new species from Malaysian Borneo",2020,article,true,gold,https://doi.org/10.3897/jhr.78.53064,cc-by,,,,,,,,,oa_pdf
https://openalex.org/W3089588604,10.1007/s11105-020-01246-7,Chloroplast Genome of Native Silene latifolia subsp. alba from Fennoscandia Shows High Level of Differences from Invasive White Campion,2020,article,false,closed,,,,,,,,,,,paywalled
https://openalex.org/W3182956922,10.1080/23802359.2021.1947916,"The complete mitochondrial genome of <i>Taeniothrips tigris</i> Bhatti, 1995 (Thysanoptera: Thripidae)",2021,article,true,diamond,https://doi.org/10.1080/23802359.2021.1947916,cc-by,PMC8266248,34286091,MED,Y,Y,Y,,https://www.ebi.ac.uk/europepmc/webservices/rest/article/PMC8266248/fullTextXML,pmc_xml
https://openalex.org/W3186529989,10.1080/23802359.2021.1950066,"The first complete mitochondrial genome of edible and medicinal fungus <i>Chroogomphus rutilus</i> (Gomphidiaceae, Boletales) and insights into its phylogeny",2021,article,true,diamond,https://www.tandfonline.com/doi/pdf/10.1080/23802359.2021.1950066?needAccess=true,cc-by,PMC8291066,34350345,MED,Y,Y,Y,,https://www.ebi.ac.uk/europepmc/webservices/rest/article/PMC8291066/fullTextXML,pmc_xml
https://openalex.org/W3217003056,10.1111/1755-0998.13555,A rodent anchored hybrid enrichment probe set for a range of phylogenetic utility: From order to species,2021,article,true,green,,,,34800355,MED,N,N,N,,,paywalled
https://openalex.org/W4226191961,10.1007/s11557-022-01796-y,How good are we at describing a new fungal species? A case study based on the family Botryosphaeriaceae (Dothideomycetes),2022,article,false,closed,,,,,,,,,,,paywalled
https://openalex.org/W4289274533,10.12933/therya-22-1173,Evidence of the genetic and spatial structure of Nasua narica in Central America and northern South America from mitogenomic analysis,2022,article,true,diamond,http://132.248.10.25/therya/index.php/THERYA/article/download/1173/pdf_391,cc-by-nc-nd,,,,,,,,,oa_pdf
https://openalex.org/W4289529977,10.3390/w14152350,Discovery of a New Species of Daphnia (Crustacea: Cladocera) from the Arabian Peninsula Revealed a Southern Origin of a Common Northern Eurasian Species Group,2022,article,true,gold,https://www.mdpi.com/2073-4441/14/15/2350/pdf?version=1659524101,cc-by,,,,,,,,,oa_pdf
https://openalex.org/W4302027201,10.1007/s10658-022-02588-6,"The draft genome sequence and characterization of Exserohilum rostratum, a new causal agent of maize leaf spot disease in Chinese Mainland",2022,article,false,closed,,,,,,,,,,,paywalled
https://openalex.org/W4307701960,10.3897/vz.72.e87313,Hidden in the highs: Two new species of the enigmatic toadheaded pitvipers of the genus Bothrocophias,2022,article,true,diamond,https://vertebrate-zoology.arphahub.com/article/87313/download/pdf/,cc-by,,,,,,,,,oa_pdf
https://openalex.org/W4307870209,10.3389/fmars.2022.1009471,"Long-term ecological monitoring of reefs on Hawai’i Island (2003-2020): Characterization of a common cryptic crust, Ramicrusta hawaiiensis (Peyssonneliales, Rhodophyta)",2022,article,true,gold,https://doi.org/10.3389/fmars.2022.1009471,cc-by,,,,,,,,,oa_pdf
https://openalex.org/W4321018621,10.47371/mycosci.2022.12.001,"A new species of &lt;i&gt;Neofavolus &lt;/i&gt;(&lt;i&gt;Polyporales, Basidiomycota&lt;/i&gt;) from Brazil",2023,article,true,diamond,https://www.jstage.jst.go.jp/article/mycosci/64/2/64_MYC598/_pdf,cc-by-nc-nd,PMC10165172,37168246,MED,Y,Y,Y,,https://www.ebi.ac.uk/europepmc/webservices/rest/article/PMC10165172/fullTextXML,pmc_xml
https://openalex.org/W4362472938,10.5808/gi.22041,"Characterization of six new complete mitochondrial genomes of Chiasmodontidae (Scombriformes, Percomorpha) and considerations about the phylogenetic relationships of the family",2023,article,true,diamond,https://genominfo.org/upload/pdf/gi-22041.pdf,cc-by,PMC10085734,37037468,MED,Y,Y,Y,,https://www.ebi.ac.uk/europepmc/webservices/rest/article/PMC10085734/fullTextXML,pmc_xml
https://openalex.org/W4362517957,10.11646/zootaxa.5263.1.9,Mitochondrial genome of Poecilimon cretensis (Orthoptera: Tettigoniidae: Phaneropterinae): Strong phylogenetic signals in gene overlapping regions,2023,article,false,closed,,,,37044993,MED,N,N,N,,,paywalled
https://openalex.org/W4367173245,10.1080/14772000.2023.2200306,Total evidence phylogenetic analysis of Leiosauridae (Squamata) with focus on the ‘para-anoles’ and description of a new <i>Urostrophus</i> species from the Bolivian Andes,2023,article,true,green,https://doi.org/10.1080/14772000.2023.2200306,,,,,,,,,,oa_pdf
https://openalex.org/W4378672798,10.11646/zootaxa.5296.4.2,"A new species of Lepidodactylus (Squamata: Gekkonidae) from Umboi Island, Papua New Guinea",2023,article,true,green,http://publication.plazi.org/id/2849021E1418FFBBF007FFF0FFEDC871,,,37518429,MED,N,N,N,,,oa_pdf
https://openalex.org/W4382789622,10.5943/cream/13/1/15,Morphology and phylogeny of Colletotrichum dioscoreicola sp. nov. related to anthracnose disease on Dioscorea yunnanensis (Yam) in China,2023,article,true,diamond,https://doi.org/10.5943/cream/13/1/15,,,,,,,,,,oa_pdf
https://openalex.org/W4384912747,10.1080/14772019.2023.2228796,An Eocene fossil plutoniumid centipede: a new species of <i>Theatops</i> from Baltic Amber (Chilopoda: Scolopendromorpha),2023,article,false,closed,,,,,,,,,,,paywalled
https://openalex.org/W4385064208,10.1080/00275514.2023.2226893,"A contribution to the knowledge of the genus <i>Infundibulicybe</i> (Tricholomatineae, Agaricales) in China: Two new species and five redescribed taxa",2023,article,false,closed,,,,37478019,MED,N,N,N,,,paywalled
https://openalex.org/W4390701863,10.1080/14772000.2023.2289150,Reappraisal of the systematics of two sympatric coral snakes (Reptilia: Elapidae) from Northeast India,2023,article,false,closed,,,,,,,,,,,paywalled
https://openalex.org/W4391034387,10.1007/s11262-024-02050-1,Comparative genomics of the Neodiprion sertifer nucleopolyhedrovirus from Turkey with the fewest ORFs among baculoviruses,2024,article,false,closed,,,,38240955,MED,N,N,N,,,paywalled
https://openalex.org/W4391111014,10.3372/wi.53.53304,"Danaea (Marattiaceae) keeps diversifying, part 2: phylogeny and identification key for 81 taxa",2024,article,true,diamond,https://bioone.org/journals/willdenowia/volume-53/issue-3/wi.53.53304/Danaea-Marattiaceae-keeps-diversifying-part-2--phylogeny-and-identification/10.3372/wi.53.53304.pdf,cc-by,,,,,,,,,oa_pdf
https://openalex.org/W4394761990,10.1093/jcbiol/ruae015,"<i>Paratrypaea</i> Komai &amp; Tachikawa, 2008 (Decapoda: Axiidea: Callianassidae): more than two or three species",2024,article,false,closed,,,,,,,,,,,paywalled
https://openalex.org/W4394775075,10.21685/1680-0826-2023-17-4-1,Diachea racemosa (Myxomycetes = Myxogastrea): a new species with cespitose sporocarps from southern Vietnam and its position within the phylogenetic clade Diachea sensu lato (Physarales),2023,article,true,diamond,https://doi.org/10.21685/1680-0826-2023-17-4-1,,,,,,,,,,oa_pdf
https://openalex.org/W4401486886,10.1016/j.ympev.2024.108176,Phylogenetic relationships and historical biogeography of silkmoths (Lepidoptera: Bombycidae) suggest an origin in Southern Gondwana,2024,article,false,closed,,,,39128794,MED,N,N,N,,,paywalled
https://openalex.org/W4401528284,10.1098/rspb.2024.0756,Mosaic evolution underlies feliform morphological disparity,2024,article,true,bronze,https://royalsocietypublishing.org/rspb/article-pdf/doi/10.1098/rspb.2024.0756/1439588/rspb.2024.0756.pdf,,PMC11321862,39137889,MED,Y,N,Y,,,oa_pdf
https://openalex.org/W4401642532,10.1038/s41598-024-70023-3,Phylogeography and reassortment patterns of human influenza A viruses in sub-Saharan Africa,2024,article,true,gold,https://www.nature.com/articles/s41598-024-70023-3.pdf,cc-by-nc-nd,PMC11329769,39152215,MED,Y,Y,Y,,https://www.ebi.ac.uk/europepmc/webservices/rest/article/PMC11329769/fullTextXML,pmc_xml
https://openalex.org/W4401777282,10.1002/ece3.70188,"Annual temperature, body size, and sexual size dimorphism in the evolution of Pyrgomorphidae",2024,article,true,gold,https://onlinelibrary.wiley.com/doi/pdfdirect/10.1002/ece3.70188,cc-by,PMC11338691,39170049,MED,Y,Y,Y,,https://www.ebi.ac.uk/europepmc/webservices/rest/article/PMC11338691/fullTextXML,pmc_xml
https://openalex.org/W4404493261,10.1186/s12983-024-00550-2,"Phylogenetic reconstruction of Tuberolachnini and Lachninae (Insecta, Hemiptera): Morphological and molecular analyses revealed a new tribe",2024,article,true,gold,https://frontiersinzoology.biomedcentral.com/counter/pdf/10.1186/s12983-024-00550-2,cc-by,PMC11575128,39558189,MED,Y,Y,Y,,https://www.ebi.ac.uk/europepmc/webservices/rest/article/PMC11575128/fullTextXML,pmc_xml
https://openalex.org/W3154752901,10.1007/s10658-021-02277-w,Colletotrichum gloeosporioides sensu lato associated with anthracnose in Bauhinia forficata,2021,article,true,green,https://repository.lsu.edu/plantcrop_pubs/162,,,,AGR,N,N,N,,,oa_pdf
https://openalex.org/W3173517481,10.3989/ajbm.2589,Additions to the smut fungi of the Iberian Peninsula,2021,article,true,diamond,https://rjb.revistas.csic.es/index.php/rjb/article/download/526/681,cc-by,,,,,,,,,oa_pdf
https://openalex.org/W3199479718,10.3897/phytokeys.182.71063,"Youngia hangii (Asteraceae, Crepidinae), a new species from Hubei, China",2021,article,true,gold,https://doi.org/10.3897/phytokeys.182.71063,cc-by,PMC8455504,34616209,MED,Y,Y,Y,,https://www.ebi.ac.uk/europepmc/webservices/rest/article/PMC8455504/fullTextXML,pmc_xml
https://openalex.org/W3214056217,10.5248/136.563,"Pezicula endophytica sp. nov., endophytic in Dendrobium in Thailand",2021,article,true,green,https://www.biodiversitylibrary.org/partpdf/393894,,,,,,,,,,oa_pdf
https://openalex.org/W4220998125,10.1670/21-010,"Lepidodactylus browni (Squamata, Gekkonidae) Placed in the Synonymy of L. orientalis",2022,article,false,closed,,,,,,,,,,,paywalled
https://openalex.org/W4281754907,10.3390/biology11060837,"Reconstruction of the rRNA Sequences of LUCA, with Bioinformatic Implication of the Local Similarities Shared by Them",2022,article,true,gold,https://www.mdpi.com/2079-7737/11/6/837/pdf?version=1654497566,cc-by,PMC9219793,35741358,MED,Y,Y,Y,,https://www.ebi.ac.uk/europepmc/webservices/rest/article/PMC9219793/fullTextXML,pmc_xml
https://openalex.org/W4310844253,10.3897/zookeys.1134.94198,"A new eyeless species of Nereis (Annelida, Nereididae) from deep-sea sediments of the northern South China Sea",2022,article,true,gold,https://doi.org/10.3897/zookeys.1134.94198,cc-by,PMC9836637,36761110,MED,Y,Y,Y,,https://www.ebi.ac.uk/europepmc/webservices/rest/article/PMC9836637/fullTextXML,pmc_xml
https://openalex.org/W4318065477,10.3897/bdj.11.e96480,VLF: An R package for the analysis of very low frequency variants in DNA sequences,2023,article,true,gold,https://bdj.pensoft.net/article/96480/download/pdf/,cc-by,PMC10848336,38327328,MED,Y,Y,Y,,https://www.ebi.ac.uk/europepmc/webservices/rest/article/PMC10848336/fullTextXML,pmc_xml
https://openalex.org/W4321497740,10.1111/zsc.12585,"A new lineage of fresh‐ and brackish‐water mussels (Bivalvia, Mytilidae) from Southeast Asia",2023,article,true,hybrid,https://onlinelibrary.wiley.com/doi/pdfdirect/10.1111/zsc.12585,cc-by-nc-nd,,,,,,,,,oa_pdf
https://openalex.org/W4323314988,10.4308/hjb.30.3.543-550,An Early Reference to DNA Barcode for the Anacardiaceae Family,2023,article,true,gold,https://journal.ipb.ac.id/index.php/hayati/article/download/42640/24976,cc-by-nc,,,,,,,,,oa_pdf
https://openalex.org/W4383264155,10.3897/mycokeys.98.103603,"Morphological and phylogenetic analyses reveal two new species in Conidiobolus s.s. (Conidiobolaceae, Entomophthorales) from China",2023,article,true,gold,https://mycokeys.pensoft.net/article/103603/download/pdf/,cc-by,PMC10339111,37456576,MED,Y,Y,Y,,https://www.ebi.ac.uk/europepmc/webservices/rest/article/PMC10339111/fullTextXML,pmc_xml
https://openalex.org/W4386192141,10.1080/23802359.2023.2246597,"Complete mitochondrial genome of the non-biting midge <i>Polypedilum henicurum</i> Wang, 1995 (Diptera: Chironomidae)",2023,article,true,diamond,https://www.tandfonline.com/doi/pdf/10.1080/23802359.2023.2246597?needAccess=true&role=button,cc-by-nc,PMC10461503,37645474,MED,Y,Y,Y,,https://www.ebi.ac.uk/europepmc/webservices/rest/article/PMC10461503/fullTextXML,pmc_xml
https://openalex.org/W4390428676,10.5808/gi.23059,Description of eight new mitochondrial genomes for the genus Neoarius and phylogenetic considerations for the family Ariidae (Siluriformes),2023,article,true,diamond,https://genominfo.org/upload/pdf/gi-23059.pdf,cc-by,PMC10788360,38224718,MED,Y,Y,Y,,https://www.ebi.ac.uk/europepmc/webservices/rest/article/PMC10788360/fullTextXML,pmc_xml
https://openalex.org/W4391654583,10.3390/d16020111,"The Complete Mitochondrial Genomes of Aelia sibirica and A. fieberi (Hemiptera, Pentatomidae), and Phylogenetic Implications",2024,article,true,gold,https://www.mdpi.com/1424-2818/16/2/111/pdf?version=1707385577,cc-by,,,,,,,,,oa_pdf
https://openalex.org/W4391841965,10.3389/fmars.2024.1332011,"Molecular phylogeny and ethology of the Family Plagiostomidae (Platyhelminthes, Prolecithophora), with integrative description of a new species, Plagiostomum robusta A. Wang, sp. nov.",2024,article,true,gold,https://www.frontiersin.org/articles/10.3389/fmars.2024.1332011/pdf?isPublishedV2=False,cc-by,,,,,,,,,oa_pdf
https://openalex.org/W4392803947,10.1007/s10482-024-01935-3,200 years of taxonomic confusion: Sporendonema and allies,2024,article,true,hybrid,https://link.springer.com/content/pdf/10.1007/s10482-024-01935-3.pdf,cc-by,PMC10940481,38483617,MED,Y,Y,Y,,https://www.ebi.ac.uk/europepmc/webservices/rest/article/PMC10940481/fullTextXML,pmc_xml
https://openalex.org/W4392926116,10.1007/s11557-024-01960-6,Cercospora species associated with soybean diseases in Russia,2024,article,false,closed,,,,,,,,,,,paywalled
https://openalex.org/W4394775081,10.21685/1680-0826-2023-17-4-3,New genus Valtocarpus (Myxomycetes = Eumycetozoa): molecular phylogeny and morphological analysis of aethalioid species in the order Stemonitidales,2023,article,true,diamond,https://doi.org/10.21685/1680-0826-2023-17-4-3,,,,,,,,,,oa_pdf
https://openalex.org/W4396835253,10.1007/s11046-024-00848-z,"Aspergillus hubkae, a Novel Species Isolated from a Patient with Probable Invasive Pulmonary Aspergillosis",2024,article,true,green,https://handle.uba.uva.nl/personal/pure/en/publications/aspergillus-hubkae-a-novel-species-isolated-from-a-patient-with-probable-invasive-pulmonary-aspergillosis(eb15dd8f-25a9-4f7a-a367-8f4514cbd27b).html,,,38734862,MED,N,N,N,,,oa_pdf
https://openalex.org/W4399932283,10.48130/sif-0024-0009,"&lt;i&gt;Savoryella claviformis&lt;/i&gt; (&lt;i&gt;Savoryellaceae&lt;/i&gt;), a new freshwater hyphomycetous species from the Tibetan Plateau, China",2024,article,true,diamond,https://www.maxapress.com/data/article/opr/preview/pdf/sif-0024-0009.pdf,cc-by,,,,,,,,,oa_pdf
https://openalex.org/W4401568940,10.1080/00275514.2024.2364567,Recent fieldwork and fungarium studies double known diversity of <i>Chlorosplenium</i> and improve understanding of species distributions,2024,article,true,hybrid,https://doi.org/10.1080/00275514.2024.2364567,cc-by,,39141581,MED,N,N,N,,,oa_pdf
https://openalex.org/W4401733033,10.47371/mycosci.2024.07.002,"&lt;i&gt;Leucoagaricus karjaticus (Agaricaceae)&lt;/i&gt;, a new species from Maharashtra, India",2024,article,true,diamond,https://www.jstage.jst.go.jp/article/mycosci/65/5/65_MYC643/_pdf,cc-by-nc-nd,PMC11669478,39722751,MED,Y,Y,Y,,https://www.ebi.ac.uk/europepmc/webservices/rest/article/PMC11669478/fullTextXML,pmc_xml
https://openalex.org/W4401769899,10.3897/mycokeys.108.128716,"Three new ramarioid species of Phaeoclavulina (Gomphaceae, Gomphales) from China",2024,article,true,gold,https://doi.org/10.3897/mycokeys.108.128716,cc-by,PMC11358615,39220354,MED,Y,Y,Y,,https://www.ebi.ac.uk/europepmc/webservices/rest/article/PMC11358615/fullTextXML,pmc_xml
https://openalex.org/W4402449075,10.1007/s42991-024-00449-9,Mitochondrial DNA reveals the impact of Pleistocene glaciations on a widespread palearctic bat species,2024,article,true,hybrid,https://link.springer.com/content/pdf/10.1007/s42991-024-00449-9.pdf,cc-by,,,,,,,,,oa_pdf
https://openalex.org/W4404283180,10.3390/agriculture14112016,Biocontrol Potential of a Native Trichoderma Collection Against Fusarium oxysporum f. sp. cubense Subtropical Race 4,2024,article,true,gold,https://www.mdpi.com/2077-0472/14/11/2016/pdf?version=1731565282,cc-by,,,,,,,,,oa_pdf
https://openalex.org/W4404288208,10.1093/isd/ixae033,"Integrative systematics of <i>Cheguevaria</i> Kazantsev, 2007 (Coleoptera, Lampyridae, Cheguevariinae) identifies genetic stability in color-polymorphic individuals and a disjoint relationship with Amydetinae",2024,article,false,closed,,,,,,,,,,,paywalled
https://openalex.org/W4405471827,10.1093/zoolinnean/zlae160,Too rough to be a <i>Hypsibius</i>: multipopulation survey accentuates the phylogenetic position and apomorphies of <i>Hypsibius scabropygus</i> (Eutardigrada: Hypsibiidae),2024,article,true,hybrid,https://doi.org/10.1093/zoolinnean/zlae160,cc-by,,,,,,,,,oa_pdf
https://openalex.org/W4405482152,10.1080/0028825x.2024.2438411,"A new <i>Myxospora</i> ( <i>Hypocreales, Sordariomycetes</i> ) species from the Tibetan Plateau, China",2024,article,false,closed,,,,,,,,,,,paywalled
https://openalex.org/W4405503426,10.3390/jof10120872,"Additions to Dictyosporiaceae: Neoxylochrysis typhicola comb. et gen. nov., Two New Species and Four New Host Records from Medicinal Plants in Southwestern China",2024,article,true,gold,https://www.mdpi.com/2309-608X/10/12/872/pdf?version=1734343582,cc-by,PMC11680058,39728368,MED,Y,Y,Y,,https://www.ebi.ac.uk/europepmc/webservices/rest/article/PMC11680058/fullTextXML,pmc_xml
https://openalex.org/W4405825955,10.1007/s11557-024-02017-4,"Three new endophytic Microdochium species (Microdochiaceae, Xylariales) associated with Poaceae plants in China",2024,article,true,bronze,https://link.springer.com/content/pdf/10.1007/s11557-024-02017-4.pdf,,,,,,,,,,oa_pdf
https://openalex.org/W4406684450,10.1080/21501203.2024.2444436,Morpho-phylogenetic evidence reveals novel hyphomycetous fungi on medicinal plants in Southwestern China,2025,article,true,gold,https://doi.org/10.1080/21501203.2024.2444436,cc-by,PMC12422052,40937139,MED,Y,Y,Y,,https://www.ebi.ac.uk/europepmc/webservices/rest/article/PMC12422052/fullTextXML,pmc_xml
https://openalex.org/W4406972668,10.11646/zootaxa.5583.1.7,A new species of hedgehog-lizard of the genus Echinosaura (Squamata: Gymnophthalmidae) from Colombia and Panama with a reevaluation of the conservation status of the genus,2025,article,true,green,http://publication.plazi.org/id/EF2CFF99FF8AFF87E14B48357553FFC3,,,40174121,MED,N,N,N,,,oa_pdf
https://openalex.org/W4407031308,10.3897/mycokeys.113.137678,Two novel hyphomycetes associated with ferns from China,2025,article,true,gold,https://mycokeys.pensoft.net/article/137678/download/pdf/,cc-by,PMC11806345,39925749,MED,Y,Y,Y,,https://www.ebi.ac.uk/europepmc/webservices/rest/article/PMC11806345/fullTextXML,pmc_xml
https://openalex.org/W4408332225,10.3897/mycokeys.115.139757,"Morphology and multi-gene phylogeny reveal three new species of Clonostachys and two combinations of Sesquicillium (Bionectriaceae, Hypocreales) from Xizang, China",2025,article,true,gold,https://mycokeys.pensoft.net/article/139757/download/pdf/,cc-by,PMC11920821,40109774,MED,Y,Y,Y,,https://www.ebi.ac.uk/europepmc/webservices/rest/article/PMC11920821/fullTextXML,pmc_xml
https://openalex.org/W4408956327,10.1016/j.phytochem.2025.114492,"Studies on the epipolythiodioxopiperazine alkaloid verticillin D: Scaled production, streamlined purification, and absolute configuration",2025,article,true,hybrid,https://doi.org/10.1016/j.phytochem.2025.114492,cc-by-nc,PMC12327545,40147592,MED,Y,N,Y,,,oa_pdf
https://openalex.org/W4409141021,10.1094/pdis-10-24-2201-sr,Characterization of Didymellaceae Leaf Spot Associated with <i>Elymus</i> Plants in the Tibetan Plateau of China,2025,article,false,closed,,,,40178535,MED,N,N,N,,,paywalled
https://openalex.org/W4411158090,10.7717/peerj.19521,"Mitogenomic phylogeny of Tetrigoidea (Insecta, Orthoptera), with a focus on the genus <i>Zhengitettix</i>",2025,article,true,gold,https://doi.org/10.7717/peerj.19521,cc-by,PMC12161130,40511375,MED,Y,Y,Y,,https://www.ebi.ac.uk/europepmc/webservices/rest/article/PMC12161130/fullTextXML,pmc_xml
https://openalex.org/W4411291418,10.3389/fmicb.2025.1605218,"Mitochondrial genome characterization, evolution and intron dynamics of the entomopathogenic genus Cordyceps",2025,article,true,gold,https://www.frontiersin.org/journals/microbiology/articles/10.3389/fmicb.2025.1605218/pdf,cc-by,PMC12202336,40584046,MED,Y,Y,Y,,https://www.ebi.ac.uk/europepmc/webservices/rest/article/PMC12202336/fullTextXML,pmc_xml
https://openalex.org/W4413451879,10.1093/isd/ixaf028,"The past and present of a mute cricket: a re-understanding of the <i>Goniogryllus</i> Chopard, 1936 based on an integrative taxonomic study (Orthoptera: Gryllinae; Gryllini; Brachytrypina)",2025,article,false,closed,,,,,,,,,,,paywalled
https://openalex.org/W4413987466,10.3897/zookeys.1251.154178,"New insights into the phylogeny of Tetrigoidea (Insecta, Orthoptera), with the announcement of the first mitogenome of the genus Phaesticus",2025,article,true,gold,https://zookeys.pensoft.net/article/154178/download/pdf/,cc-by,PMC12426632,40951675,MED,Y,Y,Y,,https://www.ebi.ac.uk/europepmc/webservices/rest/article/PMC12426632/fullTextXML,pmc_xml
https://openalex.org/W2345928787,10.3109/24701394.2016.1174224,Genetic diversity and phylogeny of limpets of the genus Nipponacmea (Patellogastropoda: Lottiidae) based on mitochondrial DNA sequences,2016,article,true,green,,,,27159730,MED,N,N,N,,,paywalled
https://openalex.org/W2716797722,10.1038/s41598-017-04799-y,Mitochondrial genomes of two Australian fishflies with an evolutionary timescale of Chauliodinae,2017,article,true,gold,https://www.nature.com/articles/s41598-017-04799-y.pdf,cc-by,PMC5493631,28667281,MED,Y,Y,Y,,https://www.ebi.ac.uk/europepmc/webservices/rest/article/PMC5493631/fullTextXML,pmc_xml
https://openalex.org/W3017065363,10.1080/23802359.2020.1749154,"The complete mitochondrial genome of the deep-water cartilaginous fish <i>Hydrolagus affinis</i> (de Brito Capello, 1868) (Holocephali: Chimaeridae)",2020,article,true,diamond,https://www.tandfonline.com/doi/pdf/10.1080/23802359.2020.1749154?needAccess=true,cc-by,,,,,,,,,oa_pdf
https://openalex.org/W2802504062,10.4039/tce.2018.17,Two new species of <i>Oobius</i> (Hymenoptera: Encyrtidae) and their phylogenetic relationship with other congeners from northeastern Asia,2018,article,false,closed,,,,,,,,,,,paywalled
https://openalex.org/W2892342306,10.3897/mycokeys.40.26724,"Phylogenetic study and taxonomic revision of the Xanthoparmelia mexicana group, including the description of a new species (Parmeliaceae, Ascomycota)",2018,article,true,gold,https://doi.org/10.3897/mycokeys.40.26724,cc-by,PMC6160798,30271262,MED,Y,Y,Y,,https://www.ebi.ac.uk/europepmc/webservices/rest/article/PMC6160798/fullTextXML,pmc_xml
https://openalex.org/W2978867798,10.11646/phytotaxa.419.2.5,"&lt;p&gt;&lt;strong&gt;Morphological and phylogenetic characterization of novel &lt;em&gt;Metarhizium&lt;/em&gt; species in Guizhou, China&lt;/strong&gt;&lt;/p&gt;",2019,article,true,bronze,https://www.biotaxa.org/Phytotaxa/article/download/phytotaxa.419.2.5/55197,,,,,,,,,,oa_pdf
https://openalex.org/W2767051936,10.1007/s10336-017-1504-1,Genealogical and niche modeling analyses reveal recent expansion and limited genetic divergence in the Formicivora serrana complex (Passeriformes: Thamnophilidae),2017,article,false,closed,,,,,,,,,,,paywalled
https://openalex.org/W2772937656,10.1093/botlinnean/box060,Dry season characteristics in western Amazonia underlie the divergence of Astrocaryum section Huicungo (Arecaceae) and evaluation of potential anatomical adaptations,2017,article,false,closed,,,,,,,,,,,paywalled
https://openalex.org/W2887005013,10.3390/d10030089,Characterization and Phylogenetic Analysis of Chloroplast and Mitochondria Genomes from the Antarctic Polytrichaceae Species Polytrichum juniperinum and Polytrichum strictum,2018,article,true,gold,https://www.mdpi.com/1424-2818/10/3/89/pdf?version=1534206833,cc-by,,,,,,,,,oa_pdf
https://openalex.org/W2910248200,10.1655/herpetologica-d-15-00073.1,Systematic Composition of the<i>Eutropis multifasciata</i>(Kuhl 1820) Species Complex (Squamata: Scincidae) and Designation of a Neotype,2018,article,false,closed,,,,,,,,,,,paywalled
https://openalex.org/W2940834936,10.1080/23802359.2018.1483756,The complete mitochondrial genome sequence of <i>Caryanda elegans</i> (Orthoptera: Acrididae),2019,article,true,diamond,https://www.tandfonline.com/doi/pdf/10.1080/23802359.2018.1483756?needAccess=true,cc-by,,,,,,,,,oa_pdf
https://openalex.org/W3004069132,10.1111/jzs.12357,Systematics and evolution of <i>Kibramoa</i> Chamberlin 1924 (Araneae: Plectreuridae) from the California Floristic Province,2020,article,false,closed,,,,,,,,,,,paywalled
https://openalex.org/W2883452894,10.1111/jzs.12242,"Phylogeography of<i>Plectostylus</i>Beck, 1837 (Gastropoda: Stylommatophora: Orthalicoidea): Origin and isolation of the Fray Jorge forest relicts in northern Chile",2018,article,false,closed,,,,,,,,,,,paywalled
https://openalex.org/W2899654790,10.17843/rpmesp.2018.353.3291,"Lutzomyia shannoni un potencial vector de Leishmania chagasi en Madre de Dios, Perú",2018,letter,true,diamond,https://rpmesp.ins.gob.pe/index.php/rpmesp/article/download/3291/3105,cc-by-nc,,30517491,MED,N,N,N,,,oa_pdf
https://openalex.org/W2904902448,10.2994/sajh-d-17-00054.1,Description of Two New Species of Rhinatrema (Amphibia: Gymnophiona) from Brazil and the Return of Epicrionops niger to Rhinatrema,2018,article,false,closed,,,,,,,,,,,paywalled
https://openalex.org/W2994540573,10.2478/s11756-019-00385-x,"Deciphering the mitochondrial genome of Malabar snakehead, Channa diplogramma (Teleostei; Channidae)",2019,article,false,closed,,,,,,,,,,,paywalled
https://openalex.org/W3015419836,10.3390/d12040146,More Knot Worms: Four New Polygordius (Annelida) Species from the Pacific and Caribbean,2020,article,true,gold,https://www.mdpi.com/1424-2818/12/4/146/pdf?version=1595915095,cc-by,,,,,,,,,oa_pdf
https://openalex.org/W3017622047,10.1080/23802359.2020.1754950,"Constructing the mitochondrial genome of the Peruvian grunt <i>Anisotremus scapularis</i> Tschudi, 1846 (Lutjaniformes: Haemulidae) using RNA-seq data",2020,article,true,diamond,https://www.tandfonline.com/doi/pdf/10.1080/23802359.2020.1754950?needAccess=true,cc-by,,,,,,,,,oa_pdf
https://openalex.org/W3186599117,10.1093/jisesa/ieab050,Characterization and Phylogenetic Analysis of the Mitochondrial Genome Sequence of<i>Nisia fuliginosa</i>(Hemiptera: Fulgoroidea: Meenoplidae),2021,article,true,gold,https://academic.oup.com/jinsectscience/article-pdf/21/4/8/39457921/ieab050.pdf,,PMC8322432,34327530,MED,Y,Y,Y,,https://www.ebi.ac.uk/europepmc/webservices/rest/article/PMC8322432/fullTextXML,pmc_xml
https://openalex.org/W3212590244,10.1007/s10722-021-01260-y,Organelle DNA sequence data provide new insights into the maternal and paternal lineages of Musa species germplasms,2021,article,false,closed,,,,,AGR,N,N,N,,,paywalled
https://openalex.org/W4205406001,10.1093/zoolinnean/zlab119,"Sea–land transition drove terrestrial amphipod diversification in East Asia, with a description of a new species",2021,article,false,closed,,,,,,,,,,,paywalled
https://openalex.org/W4211126455,10.3897/mycokeys.87.79433,"Pleocatenata chiangraiensis gen. et. sp. nov. (Pleosporales, Dothideomycetes) from medicinal plants in northern Thailand",2022,article,true,gold,https://doi.org/10.3897/mycokeys.87.79433,cc-by,PMC8857139,35210923,MED,Y,Y,Y,,https://www.ebi.ac.uk/europepmc/webservices/rest/article/PMC8857139/fullTextXML,pmc_xml
https://openalex.org/W4223466172,10.1094/pdis-01-22-0097-re,<i>Diplocarpon mespilicola</i> sp. nov. Associated with Entomosporium Leaf Spot on Hawthorn in China,2022,article,false,closed,,,,35412337,MED,N,N,N,,,paywalled
https://openalex.org/W4293071094,10.3390/d14080688,Cladocera (Crustacea: Branchiopoda) of Man-Made Lakes at the Northeast Part of the United Arab Emirates with a Hypothesis on Their Origin,2022,article,true,gold,https://www.mdpi.com/1424-2818/14/8/688/pdf?version=1661250197,cc-by,,,,,,,,,oa_pdf
https://openalex.org/W4293151330,10.1071/is21080,"Notes on South American triaenonychids, with the description of a new genus from Chile (Opiliones: Laniatores: Triaenonychidae)",2022,article,false,closed,,,,,,,,,,,paywalled
https://openalex.org/W4297906887,10.3389/fmars.2022.1016779,The complete paternally inherited mitochondrial genomes of three clam species in genus Macridiscus (Bivalvia: Veneridae): A TDRL model of dimer-mitogenome rearrangement of doubly uniparental inheritance,2022,article,true,gold,https://www.frontiersin.org/articles/10.3389/fmars.2022.1016779/pdf,cc-by,,,,,,,,,oa_pdf
https://openalex.org/W4327747858,10.1080/23802359.2023.2187655,The complete mitochondrial genome of <i>Anthrenus museorum</i> (Coleoptera: Bostrichiformia: Dermestidae) from China,2023,article,true,diamond,https://doi.org/10.1080/23802359.2023.2187655,cc-by,PMC10324981,37426905,MED,Y,Y,Y,,https://www.ebi.ac.uk/europepmc/webservices/rest/article/PMC10324981/fullTextXML,pmc_xml
https://openalex.org/W4383997429,10.1093/zoolinnean/zlad027,"Phylogenetic position, validity and diversity of the genus <i>Milnesioides</i> (Eutardigrada: Apochela)",2023,article,true,hybrid,https://academic.oup.com/zoolinnean/advance-article-pdf/doi/10.1093/zoolinnean/zlad027/50861483/zlad027.pdf,cc-by,,,,,,,,,oa_pdf
https://openalex.org/W4388639224,10.1007/s11557-023-01930-4,"Botryandromyces, a morphology-based genus concept scrutinized by molecular data",2023,article,true,hybrid,https://link.springer.com/content/pdf/10.1007/s11557-023-01930-4.pdf,cc-by,,,,,,,,,oa_pdf
https://openalex.org/W2735355935,10.13156/arac.2017.17.5.229,"Description of a New Species of <i>Vinathela</i> Ono, 2000 (Araneae: Mesothelae: Liphistiidae), Based on Morphological and Molecular Characters",2017,article,false,closed,,,,,,,,,,,paywalled
https://openalex.org/W3080280661,10.3897/phytokeys.156.37277,"Geum sunhangii (Rosaceae), a new species from Hubei Province, China",2020,article,true,gold,https://phytokeys.pensoft.net/article/37277/download/pdf/,cc-by,PMC7455576,32913412,MED,Y,Y,Y,,https://www.ebi.ac.uk/europepmc/webservices/rest/article/PMC7455576/fullTextXML,pmc_xml
https://openalex.org/W3103413999,10.17109/azh.66.4.345.2020,"Extending the geographic distribution of Bryodrilus ehlersi (Annelida, Enchytraeidae): morphological and molecular comparison of Korean and European specimens",2020,article,true,diamond,https://ojs.mtak.hu/index.php/actazool/article/download/2419/3851,cc-by-nc,,,,,,,,,oa_pdf
https://openalex.org/W3174307303,10.1002/tax.12511,"A near comprehensive phylogenetic framework gives new insights toward a natural classification of the African genus <i>Cyrtorchis</i> (Angraecinae, Orchidaceae)",2021,article,false,closed,,,,,,,,,,,paywalled
https://openalex.org/W3176694271,10.1111/jav.02723,Phylogeography of the <i>Dendrocolaptes picumnus</i> (Aves: Dendrocolaptidae) species complex: new insights on the diversification of a trans‐American lineage,2021,article,true,hybrid,https://onlinelibrary.wiley.com/doi/pdfdirect/10.1111/jav.02723,cc-by,,,,,,,,,oa_pdf
https://openalex.org/W4200459038,10.1590/1809-4392202101471,Identity of Gymnophthalmus (Squamata: Gymnophthalmidae) from northeastern Amazonia with evidence for G. underwoodi as invasive in Belém,2021,article,true,diamond,https://www.scielo.br/j/aa/a/SfpkrrwXtRH8ym9cwNs3ZvB/?lang=en&format=pdf,cc-by,,,,,,,,,oa_pdf
https://openalex.org/W4221133140,10.1007/s10750-022-04855-3,Multilocus phylogeography of the endemic and endangered angular angelshark (Squatina guggenheim) in the Southwest Atlantic Ocean,2022,article,true,green,http://hdl.handle.net/11449/230652,,,,,,,,,,oa_pdf
https://openalex.org/W4224325990,10.29244/jpsl.12.1.112-122,Molecular taxonomy via DNA barcodes for species identification in selected genera of Fabaceae,2022,article,true,gold,https://journal.ipb.ac.id/index.php/jpsl/article/download/36609/23336,cc-by,,,,,,,,,oa_pdf
https://openalex.org/W4229458488,10.1002/arch.21912,Complete mitochondrial genome analysis and molecular phylogenetic implications of <i>Kennelia xylinana</i> (Lepidoptera: Tortricidae),2022,article,false,closed,,,,35535464,MED,N,N,N,,,paywalled
https://openalex.org/W4280599378,10.3897/bdj.10.e81533,"First record of the fungal genus Neodevriesia Quaedvl. &amp;amp; Crous (Ascomycota, Dothideomycetes, Neodevriesiaceae) isolated from scleractinian corals of Perhentian Islands, Malaysia",2022,article,true,gold,https://doi.org/10.3897/bdj.10.e81533,cc-by,PMC9848531,36761577,MED,Y,Y,Y,,https://www.ebi.ac.uk/europepmc/webservices/rest/article/PMC9848531/fullTextXML,pmc_xml
https://openalex.org/W4285595588,10.3390/insects13070628,Phylogeny and Integrative Taxonomy of the Genera Gymnaetoides and Pseudotachycines (Orthoptera: Rhaphidophoridae),2022,article,true,gold,https://www.mdpi.com/2075-4450/13/7/628/pdf?version=1657794723,cc-by,PMC9322046,35886804,MED,Y,Y,Y,,https://www.ebi.ac.uk/europepmc/webservices/rest/article/PMC9322046/fullTextXML,pmc_xml
https://openalex.org/W4292661265,10.3389/fmars.2022.922389,"A new species of Phymatolithon Foslie, P. abuqirensis (Hapalidiaceae, Hapalidiales), from Mediterranean Egypt",2022,article,true,gold,https://doi.org/10.3389/fmars.2022.922389,cc-by,,,,,,,,,oa_pdf
https://openalex.org/W4309784641,10.3897/zookeys.1130.91467,"Systematic notes on three troglobitic Anapistula (Araneae, Symphytognathidae) spiders from China, with the descriptions of two new species",2022,article,true,gold,https://doi.org/10.3897/zookeys.1130.91467,cc-by,PMC9836665,36761017,MED,Y,Y,Y,,https://www.ebi.ac.uk/europepmc/webservices/rest/article/PMC9836665/fullTextXML,pmc_xml
https://openalex.org/W4380051145,10.3390/insects14060535,"Contribution to the Knowledge of Dicranoptychini (Diptera, Tipuloidea, Limoniidae) in China, with the First Mitochondrial Genome of the Tribe and Its Phylogenetic Implications",2023,article,true,gold,https://www.mdpi.com/2075-4450/14/6/535/pdf?version=1686298745,cc-by,PMC10299592,37367351,MED,Y,Y,Y,,https://www.ebi.ac.uk/europepmc/webservices/rest/article/PMC10299592/fullTextXML,pmc_xml
https://openalex.org/W4380624690,10.1007/s00343-022-2220-0,"Benthodytes tetrapapillata sp. nov., a new elasipodid sea cucumber (Elasipodida: Psychropotidae) from a seamount in the Western Pacific Ocean",2023,article,false,closed,,,,,,,,,,,paywalled
https://openalex.org/W4384502031,10.1002/ece3.10256,"Diversity, phylogeny, and bathymetric zonation of <i>Sirsoe</i> (Annelida: Hesionidae) from colonization experiments in the South China Sea, with the description of three new species",2023,article,true,gold,https://onlinelibrary.wiley.com/doi/pdfdirect/10.1002/ece3.10256,cc-by,PMC10352092,37470027,MED,Y,Y,Y,,https://www.ebi.ac.uk/europepmc/webservices/rest/article/PMC10352092/fullTextXML,pmc_xml
https://openalex.org/W4392091501,10.11646/zootaxa.5415.3.1,"Lost in time: Unraveling the identity of Vitreorana parvula (Boulenger, 1895) (Anura: Centrolenidae)",2024,article,true,green,http://publication.plazi.org/id/FFEE4030FFA7FFEB52089751FFF97849,,,38480196,MED,N,N,N,,,oa_pdf
https://openalex.org/W4394914803,10.1556/1777.2024.12966,Evolution and phylogeny of the family Issidae (Hemiptera: Auchenorrhyncha): African and American branches,2024,article,true,diamond,https://akjournals.com/downloadpdf/view/journals/1777/70/1/article-p61.pdf,cc-by-nc,,,,,,,,,oa_pdf
https://openalex.org/W4401221028,10.1007/s10658-024-02921-1,Pseudoplagiostoma perseae sp. nov. causes leaf spot disease on avocado leaves in Taiwan,2024,article,false,closed,,,,,AGR,N,N,N,,,paywalled
https://openalex.org/W4402334722,10.1016/j.pmpp.2024.102390,Diversity of Colletotrichum species causing cherry postharvest anthracnose in China,2024,article,false,closed,,,,,,,,,,,paywalled
https://openalex.org/W4402528487,10.1080/23802359.2024.2403409,"Characterization and phylogenetic analysis of the <i>Talaromyces liani</i> (kamyschko) Yilmaz, Frisvad &amp; Samson, 2014 (Eurotiales: trichocomaceae) mitochondrial genome",2024,article,true,diamond,https://doi.org/10.1080/23802359.2024.2403409,,PMC11404368,39286475,MED,Y,Y,Y,,https://www.ebi.ac.uk/europepmc/webservices/rest/article/PMC11404368/fullTextXML,pmc_xml
https://openalex.org/W4404054756,10.1093/mollus/eyae037,Unravelling the <i>Brachidontes variabilis</i> species complex (Bivalvia: Mytilidae) of the Indo-Pacific region,2024,article,true,hybrid,https://academic.oup.com/mollus/article-pdf/90/4/eyae037/60878621/eyae037.pdf,cc-by,,,,,,,,,oa_pdf
https://openalex.org/W2500659144,10.17520/biods.2016003,The taxonomic status of badgers in the Qinghai Lake area and evolutionary history of Meles,2016,article,true,bronze,http://www.biodiversity-science.net/CN/article/downloadArticleFile.do?attachType=PDF&id=8669,,,,,,,,,,oa_pdf
https://openalex.org/W2888505336,10.17843/rpmesp.2018.353.3706,Caracterización genética del virus de varicela zoster aislado de casos clínicos complicados en Perú en 2016 y 2017,2018,letter,true,diamond,https://rpmesp.ins.gob.pe/index.php/rpmesp/article/download/3706/3046,cc-by-nc,,30517514,MED,N,N,N,,,oa_pdf
https://openalex.org/W3208048863,10.1600/036364421x16312067913408,Complexity in Polyploid Species Origin and Establishment: <i>Arctostaphylos mewukka</i> (Ericaceae),2021,article,false,closed,,,,,AGR,N,N,N,,,paywalled
https://openalex.org/W3214334357,10.1080/23802359.2021.1999188,"Complete mitochondrial genome of critically endangered <i>Crocidura nicobarica</i> (Soricidae: Eulipotyphla) from the Great Nicobar Island, India",2021,article,true,diamond,https://www.tandfonline.com/doi/pdf/10.1080/23802359.2021.1999188?needAccess=true,cc-by,PMC8638613,34869866,MED,Y,Y,Y,,https://www.ebi.ac.uk/europepmc/webservices/rest/article/PMC8638613/fullTextXML,pmc_xml
https://openalex.org/W4214517711,10.1080/23766808.2022.2029321,"On the presence of <i>Alsodes coppingeri</i> (Anura, Alsodidae) in Argentina, with comments on other southern <i>Alsodes</i>",2022,article,true,hybrid,https://www.tandfonline.com/doi/pdf/10.1080/23766808.2022.2029321?needAccess=true,cc-by,,,,,,,,,oa_pdf
https://openalex.org/W4281625867,10.3390/biology11060866,Phylogenetic Analysis Reveals Four New Species of Otidea from China,2022,article,true,gold,https://www.mdpi.com/2079-7737/11/6/866/pdf?version=1654497652,cc-by,PMC9219986,35741387,MED,Y,Y,Y,,https://www.ebi.ac.uk/europepmc/webservices/rest/article/PMC9219986/fullTextXML,pmc_xml
https://openalex.org/W4291168254,10.1007/s10709-022-00163-9,Molecular phylogeny of Japanese marine Tanytarsini chironomids (Chironomidae: Chironominae),2022,article,false,closed,,,,35962912,MED,N,N,N,,,paywalled
https://openalex.org/W4311661811,10.1016/j.jspr.2022.102066,"Intraspecific variation in the mitochondrial genomes of the black carpet beetle, Attagenus unicolor japonicus Reitter (1877) (Coleoptera: Dermestidae)",2022,article,false,closed,,,,,,,,,,,paywalled
https://openalex.org/W4312192977,10.1038/s41598-022-26555-7,"Phylogenetic relationships of sleeper gobies (Eleotridae: Gobiiformes: Gobioidei), with comments on the position of the miniature genus Microphilypnus",2022,article,true,gold,https://www.nature.com/articles/s41598-022-26555-7.pdf,cc-by,PMC9780216,36550282,MED,Y,Y,Y,,https://www.ebi.ac.uk/europepmc/webservices/rest/article/PMC9780216/fullTextXML,pmc_xml
https://openalex.org/W4312226578,10.17776/csj.1195087,"The Complete Mitogenome of Redheaded Pine Sawfly, Neodiprion lecontei (Hymenoptera: Diprionidae): Duplication of trnR Gene and Rearrangement in the ARNS1EF Gene Cluster",2022,article,true,diamond,https://doi.org/10.17776/csj.1195087,cc-by-nc,,,,,,,,,oa_pdf
https://openalex.org/W4324129588,10.1094/pdis-12-22-2929-pdn,Occurrence of Leaf Spot Caused by <i>Stemphylium vesicarium</i> on Red Clover (<i>Trifolium pratense</i>) in China,2023,article,true,bronze,https://apsjournals.apsnet.org/doi/pdf/10.1094/PDIS-12-22-2929-PDN?download=true,,,,,,,,,,oa_pdf
https://openalex.org/W4361277911,10.1002/aqc.3940,Assessment of the genetic diversity of Chinese freshwater mussels and refuge areas in the Yangtze River floodplain,2023,article,false,closed,,,,,,,,,,,paywalled
https://openalex.org/W4386640708,10.1093/zoolinnean/zlad073,Integrative taxonomy of the <i>Iphisa elegans</i> species complex (Squamata: Gymnophthalmidae) leads to the description of five new species,2023,article,true,green,https://doi.org/10.1093/zoolinnean/zlad073,,,,,,,,,,oa_pdf
https://openalex.org/W4387005079,10.1007/s10658-023-02770-4,Rapid identification and characterization of pineapple fruitlet core rot pathogens on the ‘TN20’ cultivar in Taiwan,2023,article,false,closed,,,,,AGR,N,N,N,,,paywalled
https://openalex.org/W4387364122,10.3897/zse.99.102345,"Identification of the rare deep-dwelling goby Suruga fundicola Jordan &amp;amp; Snyder, 1901 (Gobiiformes, Gobiidae) from the Yellow Sea",2023,article,true,gold,https://zse.pensoft.net/article/102345/download/pdf/,cc-by,,,,,,,,,oa_pdf
https://openalex.org/W4387618255,10.3897/jhr.96.106452,"New suggestion of the species group reconstruction of genus Nomada Scopoli, 1770 (Hymenoptera, Apidae) from Korea",2023,article,true,gold,https://jhr.pensoft.net/article/106452/download/pdf/,cc-by,,,,,,,,,oa_pdf
https://openalex.org/W4388627505,10.3897/mycokeys.100.106709,"New species of Hydnotrya (Ascomycota, Pezizomycetes) from southwestern China with notes on morphological characteristics of 17 species of Hydnotrya",2023,article,true,gold,https://mycokeys.pensoft.net/article/106709/download/pdf/,cc-by,PMC10660436,38025584,MED,Y,Y,Y,,https://www.ebi.ac.uk/europepmc/webservices/rest/article/PMC10660436/fullTextXML,pmc_xml
https://openalex.org/W4388912274,10.1007/s11756-023-01565-6,"Morphological-genetic analysis of Potamothrix hammoniensis (Michaelsen, 1901) (Clitellata: Oligochaeta) with phylogeographic inferences: a case study in Türkiye",2023,article,false,closed,,,,,,,,,,,paywalled
https://openalex.org/W4389329804,10.1007/s11557-023-01936-y,"Investigation of CZEUM cultures reveals new genera and species of Cladochytriales (Cladochytriomycetes, Chytridiomycota)",2023,article,false,closed,,,,,,,,,,,paywalled
https://openalex.org/W4390413856,10.4274/turkjorthod.2023.2022.98,Outcomes of Presurgical Nasoalveolar Molding using Modified Nostril Retainers in Patients with Unilateral Cleft Lip and Palate at an Average Follow-up of 2 Years,2023,article,true,diamond,https://doi.org/10.4274/turkjorthod.2023.2022.98,cc-by-nc,PMC10763604,38164013,MED,Y,Y,Y,,https://www.ebi.ac.uk/europepmc/webservices/rest/article/PMC10763604/fullTextXML,pmc_xml
https://openalex.org/W4392229954,10.1080/00275514.2024.2311039,"Three new species of <i>Agaricus</i> from Baiyun Mountain, Guangzhou, China",2024,article,false,closed,,,,38417055,MED,N,N,N,,,paywalled
https://openalex.org/W4392653332,10.1080/23802359.2024.2324938,"The second complete mitochondrial genome of <i>Capillidium rhysosporum</i> within the family Capillidiaceae, Entomophthorales",2024,article,true,diamond,https://www.tandfonline.com/doi/pdf/10.1080/23802359.2024.2324938?download=true,cc-by,PMC10930110,38476836,MED,Y,Y,Y,,https://www.ebi.ac.uk/europepmc/webservices/rest/article/PMC10930110/fullTextXML,pmc_xml
https://openalex.org/W4393937246,10.1655/herpetologica-d-23-00008,A New Species of the Aplastodiscus albosignatus Group (Hylinae: Cophomantini) from the Northern Mantiqueira Mountain Range,2024,article,true,green,https://hdl.handle.net/11449/301855,,,,,,,,,,oa_pdf
https://openalex.org/W4398140984,10.3390/jof10050363,Coniocybe Ach. Revisited,2024,article,true,gold,https://www.mdpi.com/2309-608X/10/5/363/pdf?version=1716191073,cc-by,PMC11122650,38786718,MED,Y,Y,Y,,https://www.ebi.ac.uk/europepmc/webservices/rest/article/PMC11122650/fullTextXML,pmc_xml
https://openalex.org/W4399113343,10.1206/4016.1,Phylogenetic Relationships of Two Poorly Known Honduran Treefrogs (Hylidae: Hylinae: Hylini),2024,article,true,bronze,https://bioone.org/journals/american-museum-novitates/volume-2024/issue-4016/4016.1/Phylogenetic-Relationships-of-Two-Poorly-Known-Honduran-Treefrogs-Hylidae/10.1206/4016.1.pdf,,,,,,,,,,oa_pdf
https://openalex.org/W4399471150,10.11646/zootaxa.5466.1.1,"New species and records of the symbiotic shrimp genus Leptalpheus Williams, 1965, with notes on Fenneralpheus Felder &amp; Manning, 1986, and preliminary molecular analysis of phylogenetic relationships (Crustacea: Decapoda: Alpheidae)",2024,article,false,closed,,,,39646189,MED,N,N,N,,,paywalled
https://openalex.org/W4400054555,10.1080/23802359.2024.2371376,"Characterization of the complete mitochondrial genome of <i>Mucor indicus</i> Lendn. 1930 (Mucorales: Mucoraceae), isolated from the wine fermentation system",2024,article,true,diamond,https://www.tandfonline.com/doi/pdf/10.1080/23802359.2024.2371376?needAccess=true,cc-by,PMC11210418,38939449,MED,Y,Y,Y,,https://www.ebi.ac.uk/europepmc/webservices/rest/article/PMC11210418/fullTextXML,pmc_xml
https://openalex.org/W4400079659,10.3390/jof10070453,"Three New Species of Tuber Discovered in Alpine Fir Forests in Yunnan, China",2024,article,true,gold,https://www.mdpi.com/2309-608X/10/7/453/pdf?version=1720674231,cc-by,PMC11277902,39057338,MED,Y,Y,Y,,https://www.ebi.ac.uk/europepmc/webservices/rest/article/PMC11277902/fullTextXML,pmc_xml
https://openalex.org/W4400242867,10.1111/zsc.12682,"A case of cryptic diversity in the bat <i>Hsunycteris thomasi</i> (Lonchophyllinae, Chiroptera): New insights into unrecognized species",2024,article,true,bronze,https://onlinelibrary.wiley.com/doi/pdfdirect/10.1111/zsc.12682,,,,,,,,,,oa_pdf
https://openalex.org/W4400452615,10.3897/zse.100.117859,"Morphological and molecular evidence for Gothus teemo gen. et sp. nov., a new xanthid crab (Crustacea, Brachyura, Xanthoidea) from coral reefs in the South China Sea, with a review of the taxonomy of Actaeodes consobrinus (A. Milne-Edwards, 1867)",2024,review,true,gold,https://zse.pensoft.net/article/117859/download/pdf/,cc-by,,,,,,,,,oa_pdf
https://openalex.org/W4400583557,10.3897/zookeys.1207.120068,"Systematic revision of the South American “Nuncia” (Opiliones, Laniatores, Triaenonychidae)",2024,article,true,gold,https://doi.org/10.3897/zookeys.1207.120068,cc-by,PMC11273004,39071231,MED,Y,Y,Y,,https://www.ebi.ac.uk/europepmc/webservices/rest/article/PMC11273004/fullTextXML,pmc_xml
https://openalex.org/W4401437776,10.1080/0028825x.2024.2384444,"Living with bats: polyphasic approach reveals a new <i>Fusarium</i> species in Yunnan Province, China",2024,article,true,green,https://hub.hku.hk/handle/10722/350755,,,,,,,,,,oa_pdf
https://openalex.org/W4401642453,10.1111/njb.04470,"<i>Pseudosperma brunneopilosum</i> , a new species of Inocybaceae from West Africa",2024,article,true,hybrid,https://onlinelibrary.wiley.com/doi/pdfdirect/10.1111/njb.04470,cc-by,,,,,,,,,oa_pdf
https://openalex.org/W4401798579,10.1007/s42161-024-01749-2,Revisiting Pseudocercospora puerariicola associated with leaf spot on Pueraria montana var. lobata with morphological and molecular-phylogenetic data in Korea,2024,article,false,closed,,,,,,,,,,,paywalled
https://openalex.org/W4402122962,10.1080/0028825x.2024.2393799,"Morphological and phylogenic appraisal of a novel species and a new record of <i>Fitzroyomyces</i> in Yunnan Province, China",2024,article,false,closed,,,,,,,,,,,paywalled
https://openalex.org/W4402379045,10.1080/24750263.2024.2368613,"A revision of the genus <i>Euhemisphaerius</i> (Hemiptera: fulgoromorpha: issidae), with taxonomic corrections on related genera",2024,article,true,gold,https://doi.org/10.1080/24750263.2024.2368613,cc-by,,,,,,,,,oa_pdf
https://openalex.org/W4402847883,10.21425/fob.17.133817,Geography and ecology structure diversification in Ziziphus Mill. (Rhamnaceae),2024,article,true,gold,https://biogeography.pensoft.net/article/133817/download/pdf/,cc-by,,,,,,,,,oa_pdf
https://openalex.org/W4403045447,10.1080/23802359.2024.2410449,"Characterization of the complete mitochondrial genome of the medical fungus <i>Ganoderma resinaceum</i> Boud., 1889 (Polyporales: <i>Ganoderma</i> taceae)",2024,article,true,diamond,https://doi.org/10.1080/23802359.2024.2410449,cc-by,PMC11445931,39359381,MED,Y,Y,Y,,https://www.ebi.ac.uk/europepmc/webservices/rest/article/PMC11445931/fullTextXML,pmc_xml
https://openalex.org/W4403097476,10.1111/eth.13510,Uncoupled Evolutionary Patterns in Spectral and Temporal Components of Acoustic Signals in Anurans Associated With Streams,2024,article,false,closed,,,,,,,,,,,paywalled
https://openalex.org/W4403603349,10.1038/s41598-024-74271-1,Phylogeny and systematics of the colubrid snake genera Liopeltis and Gongylosoma (Squamata: Colubridae) and description of a new Himalayan endemic genus and species,2024,article,true,gold,https://www.nature.com/articles/s41598-024-74271-1.pdf,cc-by,PMC11494134,39433812,MED,Y,Y,Y,,https://www.ebi.ac.uk/europepmc/webservices/rest/article/PMC11494134/fullTextXML,pmc_xml
https://openalex.org/W4403715732,10.11646/zootaxa.5529.2.2,"A twin of Polydora hoplura (Annelida: Spionidae) from the Arabian (Persian) Gulf, with review of primers used for barcoding of Spionidae",2024,article,false,closed,,,,39646412,MED,N,N,N,,,paywalled
https://openalex.org/W4403776989,10.1094/pdis-01-24-0201-re,<i>Fusarium</i> and <i>Neocosmospora</i> Species Associated with the Decline of <i>Metasequoia glyptostroboides</i> in China,2024,article,false,closed,,,,39449349,MED,N,N,N,,,paywalled
https://openalex.org/W4404471231,10.1080/0028825x.2024.2425290,New fungal taxa of Ascomycota from China,2024,article,false,closed,,,,,,,,,,,paywalled
https://openalex.org/W4405729026,10.1007/s12526-024-01489-7,"Species diversity of the genera Peronia, Wallaconchis, and Onchidella (Gastropoda: Onchidiidae) in intertidal coral reef environments of the Ryukyu Islands",2024,article,false,closed,,,,,,,,,,,paywalled
https://openalex.org/W4406937454,10.3389/fmars.2025.1520497,"Two new species of Plagiostomum (Prolecithophora, Plagiostomidae) from China with its morphology, phylogeny, and reproductive strategy",2025,article,true,gold,https://doi.org/10.3389/fmars.2025.1520497,cc-by,,,,,,,,,oa_pdf
https://openalex.org/W4407037012,10.1111/zsc.12717,Unexpected pathway for intercontinental movement into the Nearctic revealed by phylogenetic analyses,2025,article,true,hybrid,https://onlinelibrary.wiley.com/doi/pdfdirect/10.1111/zsc.12717,cc-by-nc,,,,,,,,,oa_pdf
https://openalex.org/W4407425535,10.1645/24-89,"Synonymization of Placobdella picta (Verrill, 1872) (Hirudinea: Glossiphoniidae) with Descriptions of Two New Species Revealed by Molecular Species Delimitation",2025,article,false,closed,,,,39937537,MED,N,N,N,,,paywalled
https://openalex.org/W4407601415,10.1093/zoolinnean/zlae175,"Molecular phylogeny of <i>Salmoneus</i> Holthuis, 1955 and its satellite genera (Decapoda: Caridea: Alpheidae) reveals hidden diversity and multiple instances of morphological and ecological convergence",2025,article,false,closed,,,,,,,,,,,paywalled
https://openalex.org/W4407878568,10.1080/07060661.2025.2461015,Identification of fungi causing pre-harvest anthracnose and anthracnose-like symptoms on mango fruits ( <i>Mangifera indica</i> ),2025,article,false,closed,,,,,,,,,,,paywalled
https://openalex.org/W4407955151,10.3390/genes16030282,First Description of Intergenic Sequences in Corydoradinae and Introducing the Complete Mitogenome of Hoplisoma concolor (Siluriformes: Callichthyidae),2025,article,true,gold,https://www.mdpi.com/2073-4425/16/3/282/pdf?version=1740585285,cc-by,PMC11942276,40149434,MED,Y,Y,Y,,https://www.ebi.ac.uk/europepmc/webservices/rest/article/PMC11942276/fullTextXML,pmc_xml
https://openalex.org/W4408187301,10.3390/biology14030271,"First Report of the Genus Quinquelaophonte Wells, Hicks and Coull, 1982 (Copepoda: Harpacticoida: Laophontidae) from China, with Description of a New Species",2025,article,true,gold,https://www.mdpi.com/2079-7737/14/3/271/pdf?version=1741264325,cc-by,PMC11940388,40136527,MED,Y,Y,Y,,https://www.ebi.ac.uk/europepmc/webservices/rest/article/PMC11940388/fullTextXML,pmc_xml
https://openalex.org/W4408762930,10.1093/aob/mcaf049,Phylogenetics of the supertribe Paulliniodae (Sapindaceae) with emphasis on chromosome evolution: taxonomic implications including the new genus <i>Pacevedoa</i>,2025,article,true,green,https://pmc.ncbi.nlm.nih.gov/articles/PMC12358032/,,PMC12358032,40120096,MED,Y,N,Y,,,oa_pdf
https://openalex.org/W4409159656,10.1016/j.ijppaw.2025.101068,A vascular filarial nematode in sika deer (Cervus nippon): Morphological and molecular characterization of Elaeophora (Nematoda: Onchocercidae) in Japan,2025,article,true,gold,https://doi.org/10.1016/j.ijppaw.2025.101068,,PMC12001136,40242350,MED,Y,Y,Y,,https://www.ebi.ac.uk/europepmc/webservices/rest/article/PMC12001136/fullTextXML,pmc_xml
https://openalex.org/W4409457567,10.1080/14772000.2025.2476059,"First phylogeny of the shredder caddisfly genus <i>Phylloicus</i> Müller, 1880 (Trichoptera: Calamoceratidae)",2025,article,true,green,http://doi.org/10.1080/14772000.2025.2476059,,,,,,,,,,oa_pdf
https://openalex.org/W4409743994,10.1016/j.pmpp.2025.102709,Detection of fungal trunk pathogens from wood tissues and pruning wood debris of olive trees in Iran,2025,article,false,closed,,,,,,,,,,,paywalled
https://openalex.org/W4410078830,10.3897/mycokeys.117.147002,"Introducing Muciflexus inthanonensis gen. et sp. nov. and updates on Ochronectria (Hypocreales): New insights from leaf litter fungi in Doi Inthanon National Park, Northern Thailand",2025,article,true,gold,https://mycokeys.pensoft.net/article/147002/download/pdf/,cc-by,PMC12070057,40364897,MED,Y,Y,Y,,https://www.ebi.ac.uk/europepmc/webservices/rest/article/PMC12070057/fullTextXML,pmc_xml
https://openalex.org/W4410344646,10.1186/s12864-025-11591-0,Repeatome diversity in sea anemone genomics (Cnidaria: Actiniaria) based on the Actiniaria-REPlib library,2025,article,true,gold,https://bmcgenomics.biomedcentral.com/counter/pdf/10.1186/s12864-025-11591-0,cc-by-nc-nd,PMC12070523,40361000,MED,Y,Y,Y,,https://www.ebi.ac.uk/europepmc/webservices/rest/article/PMC12070523/fullTextXML,pmc_xml
https://openalex.org/W4410348327,10.1002/ece3.71310,Human Fragmentation Effects Are Genetically Detectable After 6 Years in an Island‐Endemic Plant,2025,article,true,gold,https://onlinelibrary.wiley.com/doi/pdfdirect/10.1002/ece3.71310,cc-by,PMC12066984,40357135,MED,Y,Y,Y,,https://www.ebi.ac.uk/europepmc/webservices/rest/article/PMC12066984/fullTextXML,pmc_xml
https://openalex.org/W4411276756,10.1099/ijsem.0.006808,"Morphological and phylogenetic analyses reveal Conidiobolus longivillosus sp. nov., a new cryptic species with long villose conidia in the Conidiobolus coronatus species complex",2025,article,false,closed,,,,40512540,MED,N,N,N,,,paywalled
https://openalex.org/W4411463651,10.1080/01650424.2025.2497551,"Complete mitochondrial genome of <i>Ceriagrion nipponicum</i> Asahina, 1967 (Odonata: Coenagrionidae) and its comparison to Zygoptera",2025,article,false,closed,,,,,,,,,,,paywalled
https://openalex.org/W4411553740,10.1111/cla.12619,"The phylogenetic relationships of Bokermann´s treefrogs: species groups, reproductive biology, and biogeography (Anura: Hylidae: <i>Bokermannohyla</i>)",2025,article,true,bronze,https://onlinelibrary.wiley.com/doi/pdfdirect/10.1111/cla.12619,,,40551375,MED,N,N,N,,,oa_pdf
https://openalex.org/W4411734965,10.1080/23802359.2025.2511153,The first two complete mitochondrial genomes of <i>Butyriboletus roseoflavus</i> (Hai B. Li &amp; Hai L. Wei) D. Arora &amp; J.L. Frank 2014 (Boletales: Boletaceae) and phylogenetic analysis,2025,article,true,diamond,https://doi.org/10.1080/23802359.2025.2511153,,PMC12207772,40589897,MED,Y,Y,Y,,https://www.ebi.ac.uk/europepmc/webservices/rest/article/PMC12207772/fullTextXML,pmc_xml
https://openalex.org/W4411782738,10.1093/isd/ixaf020,"Phylogeny, molecular species delimitation, and biogeography of the cryptic subgenus <i>Ulopsina</i> (Hemiptera: Cicadellidae: Ulopinae)",2025,article,false,closed,,,,,,,,,,,paywalled
https://openalex.org/W4412416120,10.3897/bdj.13.e154654,"Morphological and phylogenetic evaluation of a new species of Rhodoveronaea (Rhamphoriaceae, Rhamphoriales) associated with Quercus fabrei (Fagales) in Yunnan Province, China",2025,article,true,gold,https://bdj.pensoft.net/article/154654/download/pdf/,cc-by,PMC12284583,40703222,MED,Y,Y,Y,,https://www.ebi.ac.uk/europepmc/webservices/rest/article/PMC12284583/fullTextXML,pmc_xml
https://openalex.org/W4412528395,10.1093/zoolinnean/zlaf041,Molecular systematics and species revision of a Neotropical genus of flightless phaneropterine katydids (Orthoptera: Tettigoniidae: Phaneropterinae),2025,article,false,closed,,,,,,,,,,,paywalled
https://openalex.org/W4412551809,10.1111/zsc.70008,"Evolutionary Relationships Among the Amazonian Catfish Genus <i>Hypophthalmus</i> Cuvier, 1829 (Siluriformes, Pimelodidae) Suggest Diversification During Plio‐Pleistocene",2025,article,true,hybrid,https://onlinelibrary.wiley.com/doi/pdfdirect/10.1111/zsc.70008,cc-by,,,,,,,,,oa_pdf
https://openalex.org/W4413080733,10.3897/asp.83.e153079,Systematics of Neotropical freshwater crabs Trichodactylinae based on multi-genes and morphological data: new tribe and new combinations,2025,article,true,diamond,https://arthropod-systematics.arphahub.com/article/153079/download/pdf/,cc-by,,,,,,,,,oa_pdf
https://openalex.org/W4413187399,10.1093/botlinnean/boaf057,Biogeographical evidence suggests a Panama–Northwest South American origin for <i>Dryadella</i> (Orchidaceae: Pleurothallidinae) and two independent lineages of Atlantic Rainforest endemics,2025,article,false,closed,,,,,,,,,,,paywalled
https://openalex.org/W4413253041,10.1007/s11557-025-02061-8,Lignicolous freshwater fungi from karst landforms in China: Introducing Wongia guttulata sp. nov. associated with bamboo,2025,article,false,closed,,,,,,,,,,,paywalled
https://openalex.org/W4413377973,10.3897/mycokeys.121.158724,"Morphological and phylogenetic analyses reveal two new species of Tubeufia (Tubeufiales, Tubeufiaceae) from freshwater habitats in China",2025,article,true,gold,https://mycokeys.pensoft.net/article/158724/download/pdf/,cc-by,PMC12395188,40895209,MED,Y,Y,Y,,https://www.ebi.ac.uk/europepmc/webservices/rest/article/PMC12395188/fullTextXML,pmc_xml
https://openalex.org/W4413756789,10.1007/s00425-025-04807-w,Comparative genomics of plastid genome within Curculigo orchioides subclade (Hypoxidaceae) reveals evolutionary relationships and document the shortest ndhA intron in seed plants,2025,article,false,closed,,,,40866734,MED,N,N,N,,,paywalled
https://openalex.org/W4413772406,10.3390/ijms26178317,"The Complete Mitochondrial Genome of the Deep-Dwelling Goby Suruga fundicola (Teleostei, Gobiidae) Reveals Evidence of Recombination in the Control Region",2025,article,true,gold,https://www.mdpi.com/1422-0067/26/17/8317/pdf?version=1756365118,cc-by,PMC12428434,40943236,MED,Y,Y,Y,,https://www.ebi.ac.uk/europepmc/webservices/rest/article/PMC12428434/fullTextXML,pmc_xml
https://openalex.org/W4413888712,10.1038/s41598-025-15792-1,Emergence of the zoonotic bacterium Necropsobacter rosorum in nutria Myocastor coypus with implications for wildlife and human health,2025,article,true,gold,https://www.nature.com/articles/s41598-025-15792-1.pdf,cc-by-nc-nd,PMC12402309,40890415,MED,Y,Y,Y,,https://www.ebi.ac.uk/europepmc/webservices/rest/article/PMC12402309/fullTextXML,pmc_xml
https://openalex.org/W4416273932,10.1007/s11557-025-02105-z,Two novel species of Hermatomyces (Dothideomycetes) from Fagales in China,2025,article,false,closed,,,,,,,,,,,paywalled
https://openalex.org/W2796026850,10.5852/ejt.2018.421,"Two new meiofaunal species of Trilobodrilus (Dinophilidae, Annelida) from California, USA",2018,article,true,diamond,https://europeanjournaloftaxonomy.eu/index.php/ejt/article/download/549/1249,cc-by,,,,,,,,,oa_pdf
https://openalex.org/W2023847274,10.1371/annotation/06482a0a-b49c-4feb-9aa8-d3c8f72e90fb,Correction: Population Structure and Gene Flow of the Yellow Anaconda (Eunectes notaeus) in Northern Argentina,2012,article,true,gold,https://journals.plos.org/plosone/article/file?type=printable&id=10.1371/journal.pone.0037473,cc-by,PMC3439514,,PMC,Y,Y,N,,https://www.ebi.ac.uk/europepmc/webservices/rest/article/PMC3439514/fullTextXML,pmc_xml
https://openalex.org/W2431315748,10.4238/2015.december.21.17,Are Epichloë endophytes specific to Elymus grass hosts?,2015,article,true,bronze,https://doi.org/10.4238/2015.december.21.17,,,26782389,MED,N,N,N,,,oa_pdf
https://openalex.org/W2895371006,10.1111/njb.02072,The complete plastid genome sequence of <i>Trichomanes trollii</i> (Hymenophyllaceae),2018,article,false,closed,,,,,,,,,,,paywalled
https://openalex.org/W2990771211,10.1111/jpy.12950,"Further investigations on the PHAEOTHAMNIOPHYCEAE using a multigene phylogeny, with descriptions of five new species",2019,article,false,closed,,,,31762049,MED,N,N,N,,,paywalled
https://openalex.org/W2548932959,10.1163/1876312x-47032148,"Molecular phylogeny of lauxaniid flies (Diptera, Cyclorrhapha) confirms non-monophyly of Sapromyza Fallén 1810",2016,article,false,closed,,,,,,,,,,,paywalled
https://openalex.org/W2803435790,10.1080/23802359.2017.1413308,"The complete mitochondrial genome of the cowpea weevil, <i>Callosobruchus maculates</i> (Coleoptera: Chrysomelidae: Bruchinae) and a related phylogenetic analysis of Chrysomelidae",2018,article,true,diamond,https://www.tandfonline.com/doi/pdf/10.1080/23802359.2017.1413308?needAccess=true,,PMC7799975,33474270,MED,Y,Y,Y,,https://www.ebi.ac.uk/europepmc/webservices/rest/article/PMC7799975/fullTextXML,pmc_xml
https://openalex.org/W2899145482,10.1016/j.rbe.2018.10.003,"New systematic position of Itatingamyia Albuquerque (Diptera, Muscidae) based on molecular evidence, and description of the female of I. couriae",2018,article,true,gold,https://doi.org/10.1016/j.rbe.2018.10.003,cc-by-nc-nd,,,,,,,,,oa_pdf
https://openalex.org/W3043560436,10.1080/23802359.2020.1790325,"A new gene order in the mitochondrial genome of the deep-sea diaphanous hatchet fish <i>Sternoptyx diaphana</i> Hermann, 1781 (Stomiiformes: Sternoptychidae)",2020,article,true,diamond,https://www.tandfonline.com/doi/pdf/10.1080/23802359.2020.1790325?needAccess=true,cc-by,PMC7782284,33457974,MED,Y,Y,Y,,https://www.ebi.ac.uk/europepmc/webservices/rest/article/PMC7782284/fullTextXML,pmc_xml
https://openalex.org/W3111124897,10.5252/adansonia2020v42a18,"New molecular and morphological evidences favor a combination of Blechnum bakeri C.Chr. in Cranfillia Gasper &amp; V.A.O.Dittrich (Blechnaceae, Polypodiopsida), thus extending the distribution of Cranfillia to Madagascar and East Africa",2020,article,true,diamond,https://doi.org/10.5252/adansonia2020v42a18,,,,,,,,,,oa_pdf
https://openalex.org/W3207431246,10.1094/pdis-07-21-1530-a,Draft Genome Sequence of <i>Diaporthe batatatis</i> Causing Dry Rot Disease in Sweetpotato,2021,article,false,closed,,,,34633230,MED,N,N,N,,,paywalled
https://openalex.org/W4206630605,10.1111/cla.12497,Combined phylogenetic analysis of <i>Pleurodema</i> (Anura: Leptodactylidae: Leiuperinae),2022,article,false,closed,,,,34985147,MED,N,N,N,,,paywalled
https://openalex.org/W1518874498,10.18452/17094,A biogeographic view on Southeast Asia's history,2015,dissertation,true,green,http://edoc.hu-berlin.de/18452/17746,cc-by,,,,,,,,,oa_pdf
https://openalex.org/W2602470395,10.1016/j.jhevol.2018.06.002,Phylogenetic relationships of living and fossil African papionins: Combined evidence from morphology and molecules,2018,article,false,closed,,,,30057325,MED,N,N,N,,,paywalled
https://openalex.org/W2808738252,10.11646/zootaxa.4438.2.7,"Madangella altirostris, a new genus and species of palaemonid shrimps (Crustacea: Decapoda: Palaemonidae) from Papua New Guinea",2018,article,true,green,http://publication.plazi.org/id/A852E268133BFFD6FF962C3DFFB2FF93,,,30313151,MED,N,N,N,,,oa_pdf
https://openalex.org/W2911365461,10.1080/23802359.2018.1545533,The complete mitochondrial genome of <i>Idgia oculata</i> (Coleoptera: Cleroidea: Prionoceridae) and a related phylogenetic analysis of Cleroidea,2019,article,true,diamond,https://www.tandfonline.com/doi/pdf/10.1080/23802359.2018.1545533?needAccess=true,cc-by,,,,,,,,,oa_pdf
https://openalex.org/W2947033569,10.1134/s1022795419040045,Molecular-Genetic Polymorphism of Puccinia triticina in Southern Dagestan Relating to the Center of the Common Evolution between Agent Causing Leaf Rust and Wheat,2019,article,false,closed,,,,,,,,,,,paywalled
https://openalex.org/W2969210715,10.1002/tax.12067,"The origin of Humboldt and Bonpland's holotype of <i>Oncidium ornithorhynchum</i>, clarified using +200‐year‐old DNA",2019,article,false,closed,,,,,,,,,,,paywalled
https://openalex.org/W2973907758,10.5852/ejt.2019.553,Two new species of Fridericia (Annelida: Enchytraeidae) from Hungarian caves,2019,article,true,diamond,https://europeanjournaloftaxonomy.eu/index.php/ejt/article/download/755/1755,cc-by,,,,,,,,,oa_pdf
https://openalex.org/W2977203530,10.1080/09397140.2019.1663914,A new species of<i>Eirenis</i>(Ophidia: Colubridae) from highland habitats in southern Iran,2019,article,false,closed,,,,,,,,,,,paywalled
https://openalex.org/W2981912245,10.1080/23802359.2019.1682478,"The complete mitochondrial genome sequence and phylogenetic analysis of <i>Lycocerus asperipennis</i> (Coleoptera, Cantharidae)",2019,article,true,diamond,https://www.tandfonline.com/doi/pdf/10.1080/23802359.2019.1682478?needAccess=true,cc-by,PMC7707410,33366182,MED,Y,Y,Y,,https://www.ebi.ac.uk/europepmc/webservices/rest/article/PMC7707410/fullTextXML,pmc_xml
https://openalex.org/W2994791797,10.1080/23802359.2019.1698331,"The complete mitochondrial genome of the seed-borer weevil, <i>Bruchidius uberatus</i> (Coleoptera: Chrysomelidae: Bruchinae)",2019,article,true,diamond,https://www.tandfonline.com/doi/pdf/10.1080/23802359.2019.1698331?needAccess=true,cc-by,PMC7720951,33366533,MED,Y,Y,Y,,https://www.ebi.ac.uk/europepmc/webservices/rest/article/PMC7720951/fullTextXML,pmc_xml
https://openalex.org/W3035151543,10.1080/23802359.2020.1775515,"The complete mitochondrial genome sequence and phylogenetic analysis of <i>Cantharis plagiata</i> (Coleoptera, Canthridae)",2020,article,true,diamond,https://www.tandfonline.com/doi/pdf/10.1080/23802359.2020.1775515?needAccess=true,cc-by,PMC7783027,33457801,MED,Y,Y,Y,,https://www.ebi.ac.uk/europepmc/webservices/rest/article/PMC7783027/fullTextXML,pmc_xml
https://openalex.org/W3035438593,10.1016/j.myc.2020.06.003,Aspergillus jilinensis sp. nov. And its thermostable alkaline enzymes evaluation,2020,article,false,closed,,,,,AGR,N,N,N,,,paywalled
https://openalex.org/W3151064939,10.17159/sajs.2021/7666,Foliar fungi of the enigmatic desert plant Welwitschia mirabilis show little adaptation to their unique host plant,2021,article,true,diamond,https://sajs.co.za/article/download/7666/15883,cc-by,,,,,,,,,oa_pdf
https://openalex.org/W3173107904,10.3989/ajbm.2564,"Diversity of Xanthoparmelia (Parmeliaceae) species in Mexican xerophytic scrub vegetation, evidenced by molecular, morphological and chemistry data",2021,article,true,diamond,https://doi.org/10.3989/ajbm.2564,cc-by,,,,,,,,,oa_pdf
https://openalex.org/W3183782519,10.1007/s00343-021-0446-x,"A new genus and species of shrimp (Crustacea: Axiidea: Axiidae) from the Caroline Ridge, northwest Pacific",2021,article,false,closed,,,,,,,,,,,paywalled
https://openalex.org/W3190610696,10.1071/sb20029,A new genus and species for Chloantheae (Lamiaceae),2021,article,false,closed,,,,,AGR,N,N,N,,,paywalled
https://openalex.org/W3190979814,10.1007/s11756-021-00825-7,"Comparative morphology of female terminalia of Calliopum Strand, 1928, Lauxania Latreille, 1804 (Diptera, Lauxaniidae) and allies",2021,article,false,closed,,,,,,,,,,,paywalled
https://openalex.org/W3213324980,10.1007/s10528-021-10156-6,Complete Mitochondrial Genome of Great Frigatebird (Fregata minor): Phylogenetic Position and Gene Rearrangement,2021,article,false,closed,,,,34800202,MED,N,N,N,,,paywalled
https://openalex.org/W4200385885,10.1080/23802359.2021.2008832,"Characterization of the complete mitochondrial genome of <i>Aspergillus terricola</i> (Aspergillaceae, Eurotiales), isolated from soy sauce fermentation system",2021,article,true,diamond,https://www.tandfonline.com/doi/pdf/10.1080/23802359.2021.2008832?needAccess=true,cc-by,PMC8725983,34993316,MED,Y,Y,Y,,https://www.ebi.ac.uk/europepmc/webservices/rest/article/PMC8725983/fullTextXML,pmc_xml
https://openalex.org/W4223430105,10.5507/fot.2021.014,"A new species of Trachelomonas (Euglenaceae, Euglenophyceae) from China",2022,article,true,diamond,http://fottea.czechphycology.cz/doi/10.5507/fot.2021.014.pdf,,,,,,,,,,oa_pdf
https://openalex.org/W4223462716,10.1631/jzus.b2100682,Shoot rot of Zizania latifolia and the first record of its pathogen Pantoea ananatis in China,2022,article,true,green,https://www.ncbi.nlm.nih.gov/pmc/articles/9002245,,PMC9002245,35403387,MED,Y,N,Y,,,oa_pdf
https://openalex.org/W4283314953,10.3390/d14070505,Is Coloburiscidae (Ephemeroptera) Monophyletic? A Comparison of Datasets,2022,article,true,gold,https://www.mdpi.com/1424-2818/14/7/505/pdf?version=1655957513,cc-by,,,,,,,,,oa_pdf
https://openalex.org/W4297382990,10.3897/asp.80.e84114,"First insights into the phylogeny of the subgenus Cryobius Chaudoir, 1838 (Coleoptera: Carabidae: Pterostichus)",2022,article,true,diamond,https://arthropod-systematics.arphahub.com/article/84114/download/pdf/,cc-by,,,,,,,,,oa_pdf
https://openalex.org/W4318244644,10.11606/1807-0205/2023.63.005,"Taxonomic status of Tamarinus imperator subgrisescens (Lönnberg, 1940) (Cebidae, Callitrichinae)",2023,article,true,diamond,http://dx.doi.org/10.11606/1807-0205/2023.63.005,cc-by,,,,,,,,,oa_pdf
https://openalex.org/W4353100117,10.1016/j.dsr.2023.104026,First observed dolphin fall in the South China sea: Implications for the biogeography,2023,article,true,hybrid,https://doi.org/10.1016/j.dsr.2023.104026,cc-by-nc-nd,,,,,,,,,oa_pdf
https://openalex.org/W4365137408,10.11646/zootaxa.5264.2.4,"Ecology determines appearance: a new taxonomic solution for the soft bottom dwelling spider crab Pisoides bidentatus (A. Milne-Edwards, 1873) from the Sea of Japan, with remarks on Pisoides ortmanni (Balss, 1924) and the northwestern Pacific Pugettia Dana, 1851 (Majoidea: Epialtidae)",2023,article,true,green,http://publication.plazi.org/id/7A62734895303D6BFFB5B42AF274FFB4,,,37518054,MED,N,N,N,,,oa_pdf
https://openalex.org/W2184405679,,"CYPHOPHTHALMUS SOLENTIENSIS SP. NOV. (CYPHOPHTHALMI, SIRONIDAE), A NEW ENDOGEAN MITE HARVESTMAN SPECIES FROM CROATIA, WITH AN APPLICATION OF CONFOCAL LASER MICROSCOPY TO ILLUSTRATE GENITALIA IN OPILIONES",2015,article,false,closed,,,,,,,,,,,no_doi
https://openalex.org/W2286438000,,"An Integrative Approach to Species Delimitation in the Massasauga Rattlesnake (Sistrurus Catenatus) with an Emphasis on the Western Massasauga, S.C. Tergeminus, and Desert Massasauga, S.C. Edwardsii in Texas",2015,article,true,green,https://scholarworks.uttyler.edu/biology_grad/29,,,,,,,,,,no_doi
https://openalex.org/W2772480831,10.1093/zoolinnean/zlx091,Muscular evolution of hemipenis in Imantodini snakes (Squamata: Dipsadidae),2017,article,false,closed,,,,,,,,,,,paywalled
https://openalex.org/W2794057585,10.4102/abc.v48i1.2025,"Assessing &lt;i&gt;Clivia&lt;/i&gt; taxonomy using the core DNA barcode regions, &lt;i&gt;matK&lt;/i&gt; and &lt;i&gt;rbcLa&lt;/i&gt;",2018,article,true,diamond,https://journals.abcjournal.aosis.co.za/index.php/abc/article/download/2025/2336,cc-by,,,,,,,,,oa_pdf
https://openalex.org/W2980125224,10.1007/s11829-019-09720-0,Is there a host-associated molecular and morphological differentiation between sympatrically occurring individuals of the invasive leaf miner Cameraria ohridella?,2019,article,true,hybrid,https://link.springer.com/content/pdf/10.1007/s11829-019-09720-0.pdf,cc-by,,,,,,,,,oa_pdf
https://openalex.org/W2995976982,10.1080/23802359.2019.1699460,"The complete mitochondrial genome of the aquatic coralsnake <i>Micrurus surinamensis</i> (Reptilia, Serpentes, Elapidae)",2019,article,true,diamond,https://www.tandfonline.com/doi/pdf/10.1080/23802359.2019.1699460?needAccess=true,,PMC7748874,33366501,MED,Y,Y,Y,,https://www.ebi.ac.uk/europepmc/webservices/rest/article/PMC7748874/fullTextXML,pmc_xml
https://openalex.org/W2999224731,10.1590/1678-4685-gmb-2018-0371,RNA editing in the chloroplast of Asian Palmyra palm (Borassus flabellifer),2019,article,true,gold,http://www.scielo.br/pdf/gmb/v42n4/1415-4757-GMB-42-04-2018-0371.pdf,cc-by,PMC7206934,31968044,MED,Y,Y,Y,,https://www.ebi.ac.uk/europepmc/webservices/rest/article/PMC7206934/fullTextXML,pmc_xml
https://openalex.org/W2999940060,10.1080/23802359.2019.1703585,"Complete mitochondrial genome of <i>Oberea diversipes</i> (Coleoptera, Cerambycidae)",2020,article,true,diamond,https://www.tandfonline.com/doi/pdf/10.1080/23802359.2019.1703585?needAccess=true,cc-by,PMC7748853,33366563,MED,Y,Y,Y,,https://www.ebi.ac.uk/europepmc/webservices/rest/article/PMC7748853/fullTextXML,pmc_xml
https://openalex.org/W3036886341,10.1080/23802359.2020.1781561,Characterization of the complete mitogenomes of the Asian Paradise Flycatcher <i>Terpsiphone paradisi</i> (Monarchidae) and phylogenetic analysis,2020,article,true,diamond,https://www.tandfonline.com/doi/pdf/10.1080/23802359.2020.1781561?needAccess=true,cc-by,PMC7782136,33457856,MED,Y,Y,Y,,https://www.ebi.ac.uk/europepmc/webservices/rest/article/PMC7782136/fullTextXML,pmc_xml
https://openalex.org/W3045223693,10.1111/efp.12623,"<i>Cenostigma tocantinum</i>, a new host of <i>Colletotrichum siamense</i>",2020,article,false,closed,,,,,,,,,,,paywalled
https://openalex.org/W3088220811,10.1080/00222933.2020.1766143,Morphological and molecular separation between <i>Macrocamptoptera grangeri</i> Soyka and <i>M. metotarsa</i> (Girault) (Hymenoptera: Mymaridae),2020,article,true,green,http://publication.plazi.org/id/FF9DB758FFDDDF74FF81A43FFFD6FFC5,,,,,,,,,,oa_pdf
https://openalex.org/W3112846760,10.1655/0733-1347-31.4.178,"Species Identification of Shed Snake Skins by Scanning Electron Microscopy, with Verification of Intraspecific Variations and Phylogenetic Comparative Analyses of Microdermatoglyphics",2020,article,false,closed,,,,,,,,,,,paywalled
https://openalex.org/W3149051080,10.1007/978-3-030-65606-5_6,"Effects of Sample Size in the Determination of the True Number of Haplogroups or ESUs Within a Species with Phylogeographic and Conservation Purposes: The Case of Cebus albifrons in Ecuador, and the Kinkajous and Coatis Throughout Latin America",2021,book-chapter,false,closed,,,,,,,,,,,paywalled
https://openalex.org/W3160341921,10.1071/is20052,"Unexpected diversity in the sponge-associated shrimps Onycocaridella Bruce, 1981 (Crustacea : Decapoda : Palaemonidae) revealed by bulk collecting techniques and molecular tools",2021,article,false,closed,,,,,,,,,,,paywalled
https://openalex.org/W3168101172,10.11646/phytotaxa.508.1.1,"Donadinia echinacea and Plectania sichuanensis, two novel species of Sarcosomataceae from southwestern China",2021,article,true,green,https://zenodo.org/record/5425725,,,,,,,,,,oa_pdf
https://openalex.org/W3175398036,10.2984/75.2.7,"Molecular Systematics of the Native Seagrass, Ruppia cf. Maritima (Ruppiaceae, Alismatales), on Hawai‘i Island1",2021,article,false,closed,,,,,,,,,,,paywalled
https://openalex.org/W3179368929,10.1080/23802359.2021.1915711,"The complete mitochondrial genome of <i>Traulia minuta</i> Huang &amp; Xia, 1985 (Orthoptera: Catantopinae)",2021,article,true,diamond,https://www.tandfonline.com/doi/pdf/10.1080/23802359.2021.1915711?needAccess=true,cc-by,PMC8259866,34263044,MED,Y,Y,Y,,https://www.ebi.ac.uk/europepmc/webservices/rest/article/PMC8259866/fullTextXML,pmc_xml
https://openalex.org/W3181716861,10.1080/23802359.2021.1945508,Characterization of the complete mitochondrial genome of <i>Peniophora lycii</i> (Russulales: Peniophoraceae) with its phylogenetic analysis,2021,article,true,diamond,https://www.tandfonline.com/doi/pdf/10.1080/23802359.2021.1945508?needAccess=true,cc-by,PMC8266238,34286082,MED,Y,Y,Y,,https://www.ebi.ac.uk/europepmc/webservices/rest/article/PMC8266238/fullTextXML,pmc_xml
https://openalex.org/W3195674831,10.1080/23802359.2021.1967806,"The complete mitochondrial genome of <i>Hemathlophorus brevigenatus</i> Wei, 2005 (Hymenoptera: Tenthredinidae) with phylogenetic analysis",2021,article,true,diamond,https://www.tandfonline.com/doi/pdf/10.1080/23802359.2021.1967806?needAccess=true,cc-by,PMC8405070,34471697,MED,Y,Y,Y,,https://www.ebi.ac.uk/europepmc/webservices/rest/article/PMC8405070/fullTextXML,pmc_xml
https://openalex.org/W4213225048,10.15359/ru.36-1.18,"Distribución, riqueza e identificación molecular de cangrejos araña (Brachyura: Majoidea: Mithracidae) de Costa Rica",2022,article,true,diamond,https://www.revistas.una.ac.cr/index.php/uniciencia/article/download/15345/24383,cc-by-nc-nd,,,,,,,,,oa_pdf
https://openalex.org/W4229078370,10.1094/pdis-03-22-0708-pdn,First Report of <i>Colletotrichum siamense</i> Causing Anthracnose Disease in <i>Santalum album</i> in India,2022,article,false,closed,,,,,,,,,,,paywalled
https://openalex.org/W4281798165,10.1071/pc21015_co,<i>Corrigendum to</i> : Phylogenetics of the skyhoppers ( <i>Kosciuscola</i> ) of the Australian Alps: evolutionary and conservation implications,2022,article,true,bronze,https://www.publish.csiro.au/pc/pdf/pc21015_co,,,,,,,,,,oa_pdf
https://openalex.org/W4289993818,10.3390/genes13081389,"Phylotranscriptomic and Evolutionary Analyses of the Green Algal Order Chaetophorales (Chlorophyceae, Chlorophyta)",2022,article,true,gold,https://doi.org/10.3390/genes13081389,cc-by,PMC9407426,36011300,MED,Y,Y,Y,,https://www.ebi.ac.uk/europepmc/webservices/rest/article/PMC9407426/fullTextXML,pmc_xml
https://openalex.org/W4293041044,10.5358/hsj.41.163,"Systematics and Ecological Data Enrichment for the Recently Described Lushai Hills Dragon Snake, Stoliczkia vanhnuailianai Lalronunga, Lalhmangaiha, Zosangliana, Lalhmingliani, Gower, Das &amp; Deepak, 2021 (Squamata: Xenodermidae) from Northeast India",2022,article,false,closed,,,,,,,,,,,paywalled
https://openalex.org/W4306943989,10.3897/zookeys.1125.85741,"Chimena gen. nov., a new spider genus (Araneae, Mysmenidae) from China, with descriptions of two new species and a new combination",2022,article,true,gold,https://doi.org/10.3897/zookeys.1125.85741,cc-by,PMC9836549,36761288,MED,Y,Y,Y,,https://www.ebi.ac.uk/europepmc/webservices/rest/article/PMC9836549/fullTextXML,pmc_xml
https://openalex.org/W4317209861,10.1007/s10336-022-02043-7,West–east diversification model explains pattern phylogeography of the Band-tailed Manakin Pipra fasciicauda,2023,article,false,closed,,,,,,,,,,,paywalled
https://openalex.org/W4367055573,10.1111/zsc.12596,"Insights into the evolutionary history of Diestramimini cave crickets (Orthoptera, Rhaphidophoridae)",2023,article,true,bronze,https://onlinelibrary.wiley.com/doi/pdfdirect/10.1111/zsc.12596,,,,,,,,,,oa_pdf
https://openalex.org/W4384824531,10.3390/d15070866,Colletotrichum galinsogae sp. nov. Anthracnose Pathogen of Galinsoga parviflora,2023,article,true,gold,https://www.mdpi.com/1424-2818/15/7/866/pdf?version=1689672328,cc-by,,,,,,,,,oa_pdf
https://openalex.org/W4385840118,10.3390/d15080930,Members of the Genus Beauveria Associated with Natural Populations of Locusts in Southern European Russia,2023,article,true,gold,https://www.mdpi.com/1424-2818/15/8/930/pdf?version=1692084410,cc-by,,,,,,,,,oa_pdf
https://openalex.org/W4388125559,10.22541/au.169886240.06160757/v1,Human fragmentation effects are genetically detectable after 6 years in the island-endemic Primulina heterotricha (Gesneriaceae),2023,preprint,true,gold,https://www.authorea.com/doi/pdf/10.22541/au.169886240.06160757,,,,PPR,N,N,N,,,oa_pdf
https://openalex.org/W4389311077,10.7717/peerj.16529,Cryptic diversity and phylogeographic patterns of<i>Deto echinata</i>(Isopoda: Detonidae) in southern Africa,2023,article,true,gold,http://dx.doi.org/10.7717/peerj.16529,cc-by,PMC10702337,38077409,MED,Y,Y,Y,,https://www.ebi.ac.uk/europepmc/webservices/rest/article/PMC10702337/fullTextXML,pmc_xml
https://openalex.org/W4390146410,10.1134/s207908642307006x,Species and Intraspecies Level Diversity of Beauveria in Boreal Forests of Northwestern Russia,2023,article,false,closed,,,,,,,,,,,paywalled
https://openalex.org/W4391164562,10.11646/zootaxa.5404.1.14,A new neopasiphaeine bee associated with flowers of Loasaceae (Hymenoptera: Colletidae: Actenosigynes),2024,article,false,closed,,,,38480399,MED,N,N,N,,,paywalled
https://openalex.org/W4391325679,10.1002/arch.22087,Multiple independent origins of duplicated mitochondrial control regions indicate an apomorphy in the Thysanoptera (Insecta),2024,article,true,hybrid,https://onlinelibrary.wiley.com/doi/pdfdirect/10.1002/arch.22087,public-domain,,38288498,MED,N,N,N,,,oa_pdf
https://openalex.org/W4392777775,10.22541/au.171011604.41251572/v1,Comparative mitogenome research revealed the phylogenetics and evolution of the superfamily Tenebrionoidea (Coleoptera: Polyphage),2024,preprint,true,gold,https://www.authorea.com/doi/pdf/10.22541/au.171011604.41251572,,,,PPR,N,N,N,,,oa_pdf
https://openalex.org/W4393279203,10.1371/journal.pone.0299298,"Describe the morphology and mitochondrial genome of Mecidea indica Dallas, 1851 (Hemiptera, Pentatomidae), with its phylogenetic position",2024,article,true,gold,https://journals.plos.org/plosone/article/file?id=10.1371/journal.pone.0299298&type=printable,cc-by,PMC10977800,38547075,MED,Y,Y,Y,,https://www.ebi.ac.uk/europepmc/webservices/rest/article/PMC10977800/fullTextXML,pmc_xml
https://openalex.org/W4396217675,10.1071/is23055,"A review of Palaemonella (Decapoda: Caridea: Palaemonidae), with clarification of the taxonomic status of Cuapetes americanus, Eupontonia and Vir",2024,review,false,closed,,,,38744492,MED,N,N,N,,,paywalled
https://openalex.org/W4400085073,10.3897/mycokeys.106.125920,"Pezizomycotina species associated with rotten plant materials in Guizhou Province, China",2024,article,true,gold,https://mycokeys.pensoft.net/article/125920/download/pdf/,cc-by,PMC11224676,38974463,MED,Y,Y,Y,,https://www.ebi.ac.uk/europepmc/webservices/rest/article/PMC11224676/fullTextXML,pmc_xml
https://openalex.org/W2547263478,10.1101/085431,Inferring the role of habitat dynamics in driving diversification: evidence for a species pump in Lake Tanganyika cichlids,2016,preprint,true,green,https://www.biorxiv.org/content/biorxiv/early/2017/12/22/085431.full.pdf,cc-by-nc-nd,,,PPR,N,N,N,,,oa_pdf
https://openalex.org/W2963947988,10.1101/713081,Genomic phylogeography of the White-crowned Manakin <i>Pseudopipra pipra</i> (Aves: Pipridae) illuminates a continental-scale radiation out of the Andes,2019,preprint,true,green,https://www.biorxiv.org/content/biorxiv/early/2021/05/05/713081.full.pdf,cc-by-nd,,,PPR,N,N,N,,,oa_pdf
https://openalex.org/W2767874474,10.1101/197087,Biased gene retention in the face of massive nuclear introgression obscures species relationships,2017,preprint,true,green,https://www.biorxiv.org/content/biorxiv/early/2018/10/18/197087.full.pdf,,,,PPR,N,N,N,,,oa_pdf
https://openalex.org/W2791426793,10.1101/283788,The first next-generation sequencing approach to the mitochondrial phylogeny of African monogenean parasites (Platyhelminthes: Gyrodactylidae and Dactylogyridae),2018,preprint,true,green,https://www.biorxiv.org/content/biorxiv/early/2018/03/17/283788.full.pdf,,,,PPR,N,N,N,,,oa_pdf
https://openalex.org/W3214209155,10.21203/rs.3.rs-995291/v1,Molecular Footprint of Parasite Co-introduction with Nile Tilapia in the Congo Basin,2021,preprint,true,green,https://www.researchsquare.com/article/rs-995291/latest.pdf,cc-by,,,PPR,N,N,N,,,oa_pdf
https://openalex.org/W4386728400,10.20944/preprints202309.0905.v1,"Phylogenomic Inference, Divergence-Time Calibration, and Methods for Characterizing Reticulate Evolution",2023,preprint,true,green,https://www.preprints.org/manuscript/202309.0905/v1/download,cc-by,,,,,,,,,oa_pdf
https://openalex.org/W3216412708,10.3897/zookeys.1070.66598,"Mitogenomics of historical type specimens clarifies the taxonomy of Ethiopian Ptychadena Boulenger, 1917 (Anura, Ptychadenidae)",2021,article,true,green,https://doi.org/10.3897/zookeys.1070.66598,cc-by,PMC8604866,34819775,MED,Y,Y,Y,,https://www.ebi.ac.uk/europepmc/webservices/rest/article/PMC8604866/fullTextXML,pmc_xml
https://openalex.org/W2951466567,10.1101/675140,The late blooming amphipods: global change promoted post-Jurassic ecological radiation despite Palaeozoic origin,2019,preprint,true,green,https://doi.org/10.1101/675140,cc-by-nc-nd,,,PPR,N,N,N,,,oa_pdf
https://openalex.org/W3160086298,10.1101/2020.01.20.912956,Description of a widespread bacterial secretion system with chemically diverse substrates,2020,preprint,true,green,https://www.biorxiv.org/content/biorxiv/early/2021/02/19/2020.01.20.912956.full.pdf,cc-by-nc-nd,,,PPR,N,N,N,,,oa_pdf
https://openalex.org/W2773095209,,Molecular Phylogeny of the Neotropical Knifefishes of the Order Gymnotiformes (Actinopterygii),2016,dissertation,true,green,http://hdl.handle.net/1807/80484,,,,,,,,,,no_doi
https://openalex.org/W3198880178,10.1101/2021.09.03.458928,Unearthing modes of climatic adaptation in underground storage organs across Liliales,2021,preprint,true,green,https://www.biorxiv.org/content/biorxiv/early/2022/01/18/2021.09.03.458928.full.pdf,cc-by-nc-nd,,,PPR,N,N,N,,,oa_pdf
https://openalex.org/W2894534672,10.1101/425991,Repeated evolution of a morphological novelty: a phylogenetic analysis of the inflated fruiting calyx in the Physalideae tribe (Solanaceae),2018,preprint,true,green,https://www.biorxiv.org/content/biorxiv/early/2018/09/25/425991.full.pdf,cc-by-nc-nd,,,PPR,N,N,N,,,oa_pdf
https://openalex.org/W2947404508,10.1101/659177,Optimal markers for the identification of <i>Colletotrichum</i> species,2019,preprint,true,green,https://www.biorxiv.org/content/biorxiv/early/2019/06/04/659177.full.pdf,cc-by-nc-nd,,,PPR,N,N,N,,,oa_pdf
https://openalex.org/W3121411567,10.20944/preprints201703.0182.v1,Mitochondrial Genomes Provide Insights into the Phylogeny of Lauxanioidea (Diptera: Cyclorrhapha),2017,preprint,true,green,https://www.preprints.org/manuscript/201703.0182/v1/download,cc-by,,,PPR,N,N,N,,,oa_pdf
https://openalex.org/W3206949713,10.1101/2021.03.30.21254587,Characterizing the countrywide epidemic spread of influenza A(H1N1)pdm09 virus in Kenya between 2009 and 2018,2021,preprint,true,green,https://www.medrxiv.org/content/medrxiv/early/2021/04/04/2021.03.30.21254587.full.pdf,cc-by-nc-nd,,,PPR,N,N,N,,,oa_pdf
https://openalex.org/W4323656995,10.1101/2023.03.08.531752,The endosymbiont of <i>Epithemia clementina</i> is specialized for nitrogen fixation within a photosynthetic eukaryote,2023,preprint,true,green,https://www.biorxiv.org/content/biorxiv/early/2023/04/04/2023.03.08.531752.full.pdf,cc-by-nc-nd,,,PPR,N,N,N,,,oa_pdf
https://openalex.org/W2805546922,10.1101/342519,"The complete mitochondrial genome of Melon thrips, <i>Thrips palmi</i> (Thripinae) and comparative analysis: A vector for Tospoviruses",2018,preprint,true,green,https://www.biorxiv.org/content/biorxiv/early/2018/06/08/342519.full.pdf,cc-by,,,PPR,N,N,N,,,oa_pdf
https://openalex.org/W2924139332,10.1101/588756,Divergent mitochondrial and nuclear OXPHOS genes are candidates for genetic incompatibilities in <i>Ficedula</i> Flycatchers,2019,preprint,true,green,https://www.biorxiv.org/content/biorxiv/early/2019/03/29/588756.full.pdf,cc-by-nc-nd,,,PPR,N,N,N,,,oa_pdf
https://openalex.org/W3036901892,10.1101/2020.06.17.157719,Phylogenomics of Ichneumonoidea (Hymenoptera) and implications for evolution of mode of parasitism and viral endogenization,2020,preprint,true,green,https://www.biorxiv.org/content/biorxiv/early/2020/06/18/2020.06.17.157719.full.pdf,,,,PPR,N,N,N,,,oa_pdf
https://openalex.org/W3102178003,10.1101/2020.11.10.374967,Reductive evolution and unique infection and feeding mode in the CPR predatory bacterium <i>Vampirococcus lugosii</i>,2020,preprint,true,green,https://www.biorxiv.org/content/biorxiv/early/2020/11/10/2020.11.10.374967.full.pdf,,,,PPR,N,N,N,,,oa_pdf
https://openalex.org/W3129057781,10.1101/2021.02.01.429177,Hybridization dynamics and extensive introgression in the <i>Daphnia longispina</i> species complex: new insights from a high-quality <i>Daphnia galeata</i> reference genome,2021,preprint,true,green,https://www.biorxiv.org/content/biorxiv/early/2021/10/20/2021.02.01.429177.full.pdf,cc-by-nc-nd,,,PPR,N,N,N,,,oa_pdf
https://openalex.org/W3155797159,10.1101/2021.04.15.439949,Development and comparison of Loop-Mediated Isothermal Amplification with Quantitative PCR for the specific detection of <i>Saprolegnia</i> spp,2021,preprint,true,green,https://www.biorxiv.org/content/biorxiv/early/2021/04/15/2021.04.15.439949.full.pdf,public-domain,,,PPR,N,N,N,,,oa_pdf
https://openalex.org/W4402936295,10.1101/2024.09.27.615377,"Phylogenetic analysis of pathogenic and non-pathogenic <i>Trichoderma</i> isolates from plants, soil and commercial bio products",2024,preprint,true,green,https://doi.org/10.1101/2024.09.27.615377,cc-by,,,PPR,N,N,N,,,oa_pdf
https://openalex.org/W4403820769,10.1101/2024.10.23.619971,The diversification of mealybugs was triggered by new symbiont acquisitions and followed by adaptive radiations on host plants,2024,preprint,true,green,https://www.biorxiv.org/content/biorxiv/early/2024/10/28/2024.10.23.619971.full.pdf,cc-by-nc-nd,,,PPR,N,N,N,,,oa_pdf
https://openalex.org/W2404791776,10.1101/053611,Model selection in statistical historical biogeography of Neotropical insects—the <i>Exophthalmus</i> genus complex (Curculionidae: Entiminae),2016,preprint,true,green,https://doi.org/10.1101/053611,cc-by-nc-nd,,,PPR,N,N,N,,,oa_pdf
https://openalex.org/W2876807821,10.31390/gradschool_dissertations.4257,"Systematics of targeted flat sedges (Cyperus, Cyperaceae) of the Americas, including a floristic analysis of an imperiled sedge-rich prairie community",2016,dissertation,true,gold,https://repository.lsu.edu/cgi/viewcontent.cgi?article=5264&context=gradschool_dissertations,,,,,,,,,,oa_pdf
https://openalex.org/W2899787647,10.1101/466052,Diversification in the microlepidopteran genus <i>Mompha</i> (Lepidoptera: Gelechioidea: Momphidae) is explained more by tissue specificity than host plant family,2018,preprint,true,green,https://www.biorxiv.org/content/biorxiv/early/2018/11/08/466052.full.pdf,cc-by,,,PPR,N,N,N,,,oa_pdf
https://openalex.org/W3035974469,10.20944/preprints202005.0332.v2,"Witnessing Evolution of SARS-CoV-2 through Comparative Phylogenomics: The Proximate Origin is Guangdong, not Wuhan",2020,preprint,true,green,https://doi.org/10.20944/preprints202005.0332.v2,cc-by,,,PPR,Y,Y,Y,,,oa_pdf
https://openalex.org/W3133376458,10.11606/t.41.2020.tde-08052020-104710,"Phylogenetics and morphology evolution of the family Cosmetidae Koch, 1839 (Arachnida: Opiliones): the curious case of Cosmetidae",2020,dissertation,true,gold,http://www.teses.usp.br/teses/disponiveis/41/41133/tde-08052020-104710/publico/BrittanyNicoleDamronSimplificada.pdf,,,,,,,,,,oa_pdf
https://openalex.org/W3169819596,10.21203/rs.3.rs-557223/v1,A site-and-branch-heterogeneous model on an expanded dataset favor mitochondria as sister to known Alphaproteobacteria,2021,preprint,true,green,https://www.researchsquare.com/article/rs-557223/latest.pdf,cc-by,,,PPR,N,N,N,,,oa_pdf
https://openalex.org/W3192170398,10.1101/2021.08.09.455771,Natural reassortment of a segmented RNA arbovirus illustrates plasticity of phenotype in the arthropod vector and mammalian host <i>in vivo</i>,2021,preprint,true,green,https://www.biorxiv.org/content/biorxiv/early/2021/08/11/2021.08.09.455771.full.pdf,cc-by-nc-nd,,,PPR,N,N,N,,,oa_pdf
https://openalex.org/W3197319776,10.1101/2021.08.25.457574,CALANGO: a phylogeny-aware comparative genomics tool for discovering quantitative genotype-phenotype associations across species,2021,preprint,true,green,https://www.biorxiv.org/content/biorxiv/early/2022/09/06/2021.08.25.457574.full.pdf,cc-by-nc-nd,,,PPR,N,N,N,,,oa_pdf
https://openalex.org/W3200471673,10.1101/2021.09.08.21263309,Local patterns of spread of influenza A(H3N2) virus in coastal Kenya over a one-year period revealed through virus sequence data,2021,preprint,true,green,https://www.medrxiv.org/content/medrxiv/early/2021/09/12/2021.09.08.21263309.full.pdf,cc-by-nc,,,PPR,N,N,N,,,oa_pdf
https://openalex.org/W4220754443,10.1101/2022.03.15.483565,"Like host, like parasite: intraspecific divergence in a polystomatid flatworm parasite across South Africa echoes that of its frog host",2022,preprint,true,green,https://www.biorxiv.org/content/biorxiv/early/2022/03/18/2022.03.15.483565.full.pdf,cc-by-nc-nd,,,PPR,N,N,N,,,oa_pdf
https://openalex.org/W4307279637,10.21203/rs.3.rs-2198153/v1,"Taxonomy and phylogeny of Diaporthales in Guizhou Province, China",2022,preprint,true,green,https://www.researchsquare.com/article/rs-2198153/latest.pdf,cc-by,,,PPR,N,N,N,,,oa_pdf
https://openalex.org/W4393117269,10.1101/2024.03.22.585974,Diversification of an emerging bacterial plant pathogen; insights from the global spread of <i>Xanthomonas euvesicatoria</i> pv. <i>perforans</i>,2024,preprint,true,green,https://www.biorxiv.org/content/biorxiv/early/2024/03/22/2024.03.22.585974.full.pdf,cc-by-nc-nd,,,PPR,N,N,N,,,oa_pdf
https://openalex.org/W4399098701,10.20944/preprints202404.1382.v1,"Identification and Pathogenicity of Pestalotioid Species on Alpinia oxyphylla in Hainan Province, China",2024,preprint,true,green,https://www.preprints.org/frontend/manuscript/feb409c9bc6efc840f0839d2b72945ca/download_pub,cc-by,,,PPR,N,N,N,,,oa_pdf
https://openalex.org/W145057017,,Molecular Epidemiology and Evolution of Influenza A(H1N1) pdm09 Virus in Kenya,2014,dissertation,false,closed,,,,,,,,,,,no_doi
https://openalex.org/W2553088043,10.11606/t.41.2016.tde-04112015-142910,Padrões de diversificação de Bougainvilliidae no contexto evolutivo de Medusozoa (Cnidaria),2016,dissertation,true,gold,http://www.teses.usp.br/teses/disponiveis/41/41133/tde-04112015-142910/publico/Maria_Becerril.pdf,,,,,,,,,,oa_pdf
https://openalex.org/W2620104626,10.1101/119560,Ecological drivers of body size evolution and sexual size dimorphism in short-horned grasshoppers (Orthoptera: Acrididae),2017,preprint,true,green,https://www.biorxiv.org/content/biorxiv/early/2017/03/22/119560.full.pdf,other-oa,,,PPR,N,N,N,,,oa_pdf
https://openalex.org/W2620903954,10.1101/141127,"Parallel diversifications of <i>Cremastosperma</i> and <i>Mosannona</i> (Annonaceae), tropical rainforest trees tracking Neogene upheaval of the South American continent",2017,preprint,true,green,https://www.biorxiv.org/content/biorxiv/early/2017/09/28/141127.full.pdf,cc-by,,,PPR,N,N,N,,,oa_pdf
https://openalex.org/W2775095478,10.11606/t.41.2017.tde-26072017-085234,"Sistemática da tribo Tachymenini Bailey, 1967 (Serpentes, Dipsadidae, Xenodontinae)",2017,dissertation,true,gold,http://www.teses.usp.br/teses/disponiveis/41/41133/tde-26072017-085234/publico/Vivian_Trevine_CORRIG_SIMPL.pdf,,,,,,,,,,oa_pdf
https://openalex.org/W2807215321,10.53846/goediss-6751,Assembly processes in soil animal communities: Integrating phylogeny and trait-based approaches,2018,dissertation,true,gold,https://ediss.uni-goettingen.de/bitstream/11858/00-1735-0000-002E-E372-9/1/Dissertation%20Ting-Wen%20Chen%20v3b.pdf,cc-by-nc-nd,,,,,,,,,oa_pdf
https://openalex.org/W2886420967,10.1101/392357,Enlarged and highly repetitive plastome of <i>Lagarostrobos</i> and plastid phylogenomics of Podocarpaceae,2018,preprint,false,closed,,,,,PPR,N,N,N,,,paywalled
https://openalex.org/W2974284595,10.11606/t.38.2019.tde-16092019-150557,"Phylogenetic systematics and taxonomic review of the snakes of the tribe Philodryadini Cope, 1886 (Dipsadidae: Xenodontinae)",2019,dissertation,true,gold,http://www.teses.usp.br/teses/disponiveis/38/38131/tde-16092019-150557/publico/tesedoutoradoJuanCamiloArredondoSalgarCorrigida.pdf,,,,,,,,,,oa_pdf
https://openalex.org/W2983911860,10.1101/827782,"The complete mitochondrial genome of endangered Assam Roofed Turtle, <i>Pangshura sylhetensis</i> (Testudines: Geoemydidae): Genomic features and Phylogeny",2019,preprint,true,green,https://www.biorxiv.org/content/biorxiv/early/2019/11/01/827782.full.pdf,cc-by,,,PPR,N,N,N,,,oa_pdf
https://openalex.org/W2993287835,10.1101/867986,Faecal DNA to the rescue: Shotgun sequencing of non-invasive samples reveals two subspecies of Southeast Asian primates to be Critically Endangered species,2019,preprint,true,green,https://www.biorxiv.org/content/biorxiv/early/2019/12/08/867986.full.pdf,cc-by-nc-nd,,,PPR,N,N,N,,,oa_pdf
https://openalex.org/W3015728897,10.1101/2020.04.12.037960,Western Ghats Myrtaceae are not Gondwana elements but likely dispersed from south-east Asia,2020,preprint,true,green,https://www.biorxiv.org/content/biorxiv/early/2020/04/13/2020.04.12.037960.full.pdf,cc-by-nc-nd,,,PPR,N,N,N,,,oa_pdf
https://openalex.org/W3027782196,10.20944/preprints202005.0332.v1,A Comprehensive Comparative Phylogenomics and Demographic Evolutionary History of the SARS-CoV-2,2020,preprint,true,green,https://doi.org/10.20944/preprints202005.0332.v1,cc-by,,,,,,,,,oa_pdf
https://openalex.org/W3099221397,10.1101/182709,Molecular phylogenetics supports a clade of red algal parasites retaining native plastids: taxonomy and terminology revised,2017,preprint,true,green,https://www.biorxiv.org/content/biorxiv/early/2018/11/20/182709.full.pdf,cc-by-nc-nd,,,PPR,N,N,N,,,oa_pdf
https://openalex.org/W3129225194,10.21203/rs.3.rs-157741/v1,Systematics and Phylogeography of The Non-Ethiopian Speckled-Pelage Brush-Furred Rats (Lophuromys Flavopunctatus Group) Inferred From Integrative Genetics and Morphometry,2021,preprint,true,green,https://www.researchsquare.com/article/rs-157741/latest.pdf,cc-by,,,PPR,N,N,N,,,oa_pdf
https://openalex.org/W3157305839,10.21203/rs.2.10146/v1,Virulence analysis of 81 of Pseudomonas aeruginosa genomes available in public sequence databases,2019,preprint,true,gold,https://www.researchsquare.com/article/rs-1224/v1.pdf,cc-by,,,PPR,N,N,N,,,oa_pdf
https://openalex.org/W3162818351,10.21203/rs.3.rs-433487/v1,"Digitodesmium polybrachiatum sp. nov., a new species of Dictyosporiaceae from Brazil",2021,preprint,true,green,https://www.researchsquare.com/article/rs-433487/latest.pdf,cc-by,,,PPR,N,N,N,,,oa_pdf
https://openalex.org/W3172836662,10.21203/rs.3.rs-186207/v1,A morphological and molecular survey of Neoconidiobolus reveals a new species and two new combinations,2021,preprint,true,green,https://www.researchsquare.com/article/rs-186207/latest.pdf,cc-by,,,PPR,N,N,N,,,oa_pdf
https://openalex.org/W3192813701,10.1101/2021.08.05.455338,Evolution of andrenine bees reveals a long and complex history of faunal interchanges between the Americas during the Mesozoic and Cenozoic,2021,preprint,true,green,https://www.biorxiv.org/content/biorxiv/early/2021/08/06/2021.08.05.455338.full.pdf,cc-by-nc-nd,,,PPR,N,N,N,,,oa_pdf
https://openalex.org/W3203432388,10.21203/rs.3.rs-926828/v1,"Identity Crisis: An Integrative Re-Evaluation of Typhlatya Shrimp within the Karst Aquifer of the Yucatan Peninsula, Mexico.",2021,preprint,true,green,https://www.researchsquare.com/article/rs-926828/latest.pdf,cc-by,,,PPR,N,N,N,,,oa_pdf
https://openalex.org/W3203602645,10.21203/rs.3.rs-906638/v1,"Gene Rearrangements in the Mitochondrial Genomes of Whiteflies (Hemiptera: Aleyrodinae): Plesiomorphies, Synapomorphies and Autapomorphies",2021,preprint,true,green,https://www.researchsquare.com/article/rs-906638/latest.pdf,cc-by,,,PPR,N,N,N,,,oa_pdf
https://openalex.org/W4212770064,10.21203/rs.3.rs-1291889/v1,Production and Partial Purification of Pectinases Produced by Three Novel Cladosporium Species Isolated from Egypt,2022,preprint,true,green,https://www.researchsquare.com/article/rs-1291889/latest.pdf,cc-by,,,PPR,N,N,N,,,oa_pdf
https://openalex.org/W4220944879,10.21203/rs.3.rs-1414066/v1,Global regulatory factor FsveA up-regulate the production of antitumor substance in endophytic Fusarium solani,2022,preprint,true,green,https://www.researchsquare.com/article/rs-1414066/latest.pdf,cc-by,,,PPR,N,N,N,,,oa_pdf
https://openalex.org/W4249160406,10.21203/rs.3.rs-17996/v1,Fast recognition of Lecanicillium spp. and its virulence against Frankliniella occidentalis,2020,preprint,true,green,https://www.researchsquare.com/article/rs-17996/latest.pdf,cc-by,,,PPR,N,N,N,,,oa_pdf
https://openalex.org/W4283784485,10.1101/2022.07.01.497312,"Dating the photosynthetic organelle evolution in Archaeplastida, <i>Paulinella</i> and secondary-plastid bearing lineages",2022,preprint,true,green,https://www.biorxiv.org/content/biorxiv/early/2022/07/03/2022.07.01.497312.full.pdf,cc-by-nd,,,PPR,N,N,N,,,oa_pdf
https://openalex.org/W4285085716,10.35537/10915/139429,"El género &lt;i&gt;Stevia&lt;/i&gt; Cav. (Asteraceae, Eupatorieae): sistemática y análisis filogenético molecular con énfasis en las especies del sur de América del Sur",2022,dissertation,true,gold,http://sedici.unlp.edu.ar/bitstream/handle/10915/139429/Documento_completo.pdf?sequence=1,cc-by-nc-nd,,,,,,,,,oa_pdf
https://openalex.org/W4293672291,10.1101/2022.08.23.505037,Evolution and codon usage bias of mitochondrial and nuclear genomes in <i>Aspergillus</i> section <i>Flavi</i>,2022,preprint,true,green,https://www.biorxiv.org/content/biorxiv/early/2022/08/26/2022.08.23.505037.full.pdf,cc-by-nc,,,PPR,N,N,N,,,oa_pdf
https://openalex.org/W4309155382,10.21203/rs.3.rs-2260460/v1,"Ontogenetic Transitions, Biomechanical Trade-Offs and Macroevolution of Scyphozoan Medusae Swimming Patterns",2022,preprint,true,green,https://www.researchsquare.com/article/rs-2260460/latest.pdf,cc-by,,,PPR,N,N,N,,,oa_pdf
https://openalex.org/W4311197272,10.1101/2022.12.01.518802,"<i>Candida khanbhai</i> sp. nov., a new clinically relevant yeast within the <i>Candida haemulonii</i> species complex",2022,preprint,true,green,https://www.biorxiv.org/content/biorxiv/early/2022/12/02/2022.12.01.518802.full.pdf,cc-by-nc-nd,,,PPR,N,N,N,,,oa_pdf
https://openalex.org/W4324347726,10.1101/2023.03.14.532325,Mitochondrial genome evolution in the Diprionidae: Major gene rearrangement in the basal Hymenoptera,2023,preprint,true,green,https://www.biorxiv.org/content/biorxiv/early/2023/03/15/2023.03.14.532325.full.pdf,,,,PPR,N,N,N,,,oa_pdf
https://openalex.org/W4327614621,10.1101/2023.03.15.532755,Comparative mitogenomics of native European and alien Ponto-Caspian amphipods,2023,preprint,true,green,https://www.biorxiv.org/content/biorxiv/early/2023/03/15/2023.03.15.532755.full.pdf,cc-by-nc,,,PPR,N,N,N,,,oa_pdf
https://openalex.org/W4393052651,10.21203/rs.3.rs-4106565/v1,Update on the taxonomy of Clavulina in China Ⅰ: description of three new species and one newly recorded species,2024,preprint,true,green,https://www.researchsquare.com/article/rs-4106565/latest.pdf,cc-by,,,PPR,N,N,N,,,oa_pdf
https://openalex.org/W4393315620,10.20944/preprints202403.1653.v1,&lt;em&gt;Coniocybe&lt;/em&gt; Ach. Revisited,2024,preprint,true,green,https://www.preprints.org/manuscript/202403.1653/v1/download,cc-by,,,PPR,N,N,N,,,oa_pdf
https://openalex.org/W4407273779,10.1101/2025.02.07.637142,Genomic Characterization of Novel Endophyte Strains from Tall Fescue Shows Genome Fragmentation Post-Hybridization,2025,preprint,true,green,https://www.biorxiv.org/content/biorxiv/early/2025/02/08/2025.02.07.637142.full.pdf,,,,PPR,N,N,N,,,oa_pdf
https://openalex.org/W4413109649,10.1101/2025.08.08.668976,Phylogeny and chromosomal differentiation in Cestreae (Solanaceae),2025,preprint,true,green,https://www.biorxiv.org/content/biorxiv/early/2025/08/09/2025.08.08.668976.full.pdf,,,,PPR,N,N,N,,,oa_pdf
https://openalex.org/W995744,10.11606/d.41.2014.tde-26082014-154148,"Filogenia, filogeografia e avaliação do código de barras de DNA em roedores do gênero Euryoryzomys (Sigmodontinae: Oryzomyini)",2014,dissertation,true,gold,http://www.teses.usp.br/teses/disponiveis/41/41131/tde-26082014-154148/publico/Keila_Almeida_COMP.pdf,,,,,,,,,,oa_pdf
https://openalex.org/W1559589221,10.11606/t.41.2014.tde-19032015-094823,Sistemática e história evolutiva do gênero de morcegos neotropical Pteronotus (Chiroptera: Mormoopidae),2014,dissertation,true,gold,http://www.teses.usp.br/teses/disponiveis/41/41131/tde-19032015-094823/publico/AnaCarolina_Pavan.pdf,,,,,,,,,,oa_pdf
https://openalex.org/W1578425755,10.23860/thesis-jones-annaliese-2015,"ISOLATION, MOLECULAR &amp; PHYSIOLOGICAL CHARACTERIZATION OF SULFATE-REDUCING, HETEROTROPHIC, DIAZOTROPHS",2015,dissertation,true,gold,https://digitalcommons.uri.edu/cgi/viewcontent.cgi?article=1503&context=theses,cc-by,,,,,,,,,oa_pdf
https://openalex.org/W2255100516,10.34626/mt58-1180,Evolutionary characterization of genes involved in development and adaptation in vertebrates under differential environmental conditions of selective pressure,2014,article,true,green,https://hdl.handle.net/10216/81357,other-oa,,,,,,,,,oa_pdf
https://openalex.org/W2341702545,,management of invasive alien species: assessing the genetic impact of a recently introduced island bird,2015,article,false,closed,,,,,,,,,,,no_doi
https://openalex.org/W2342926074,10.23860/thesis-wadland-katelyn-2016,Phylogenetic Analysis of a Cryptic Microscopic Red Alga,2016,dissertation,true,gold,https://digitalcommons.uri.edu/cgi/viewcontent.cgi?article=1856&context=theses,cc-by,,,,,,,,,oa_pdf
https://openalex.org/W2548016692,,Phylogenetics And Molecular Evolution Of Highly Eusocial Wasps,2016,article,true,green,https://scholarworks.uvm.edu/graddis/569,,,,,,,,,,no_doi
https://openalex.org/W2602368919,10.11606/t.41.2017.tde-19122016-112548,"Filogenômica, morfologia e taxonomia na tribo Malmeeae (Malmeoideae, Annonaceae): implicações na evolução da androdioicia",2017,dissertation,true,gold,http://www.teses.usp.br/teses/disponiveis/41/41132/tde-19122016-112548/publico/JeniferdeCarvalho_Lopes.pdf,,,,,,,,,,oa_pdf
https://openalex.org/W2607991722,10.18174/409855,From species to trait evolution in Aethionema (Brassicaceae),2017,dissertation,true,gold,https://edepot.wur.nl/409855,,,,,,,,,,oa_pdf
https://openalex.org/W2612747447,10.11606/d.38.2016.tde-07072016-132811,Sistemática do gênero Erythrolamprus Boie 1826 (Serpentes: Dipsadidae) utilizando dados morfológicos e moleculares,2016,dissertation,true,gold,http://www.teses.usp.br/teses/disponiveis/38/38131/tde-07072016-132811/publico/Systematics_Erythrolamprus_VParcial.pdf,,,,,,,,,,oa_pdf
https://openalex.org/W2626239132,10.3897/zookeys.679.12805,"The genus Apodrosus Marshall, 1922 in Cuba (Coleoptera, Curculionidae, Entiminae, Polydrusini)",2017,article,true,gold,https://doi.org/10.3897/zookeys.679.12805,cc-by,PMC5523398,28769710,MED,Y,Y,Y,,https://www.ebi.ac.uk/europepmc/webservices/rest/article/PMC5523398/fullTextXML,pmc_xml
https://openalex.org/W2726365266,10.31390/gradschool_theses.3348,Bridging Research and Education: A Look into the Evolutionary History of Batfishes and How Museum Exhibits Can be Used to Engage the Public,2014,dissertation,true,gold,https://repository.lsu.edu/cgi/viewcontent.cgi?article=4347&context=gradschool_theses,,,,,,,,,,oa_pdf
https://openalex.org/W2737189011,10.23860/diss-salomaki-eric-2017,Organellar Genome Evolution in Red Algal Parasites: Differences in Adelpho- and Alloparasites,2017,dissertation,true,gold,https://digitalcommons.uri.edu/cgi/viewcontent.cgi?article=1635&context=oa_diss,cc-by,,,,,,,,,oa_pdf
https://openalex.org/W2738942395,10.11606/t.41.2017.tde-18042017-100633,"Diferenciação molecular e variação morfológica em lagartos da tribo Iphisini (Squamata, Gymnophthalmidae)",2017,dissertation,true,gold,http://www.teses.usp.br/teses/disponiveis/41/41133/tde-18042017-100633/publico/RenadoSousaRecoder_simplificado.pdf,other-oa,,,,,,,,,oa_pdf
https://openalex.org/W2746525100,10.31390/gradschool_dissertations.601,Phylogenetic and Morphological Community Structure of North American Desert Bats,2014,dissertation,true,gold,https://repository.lsu.edu/cgi/viewcontent.cgi?article=1600&context=gradschool_dissertations,,,,,,,,,,oa_pdf
https://openalex.org/W2749366942,10.11606/t.41.2014.tde-15012015-155724,Análise filogenética de Leptothecata (Hydrozoa; Hydroidolina) e evolução da metagênese,2014,dissertation,true,gold,http://www.teses.usp.br/teses/disponiveis/41/41131/tde-15012015-155724/publico/Max_Maronna.pdf,,,,,,,,,,oa_pdf
https://openalex.org/W2759644252,10.11606/t.41.2017.tde-12122016-122033,Diversidade das algas calcárias crostosas do Brasil baseada em marcadores moleculares e morfologia,2017,dissertation,true,gold,http://www.teses.usp.br/teses/disponiveis/41/41132/tde-12122016-122033/publico/TalitaVieiraPinto_completacorrigida.pdf,,,,,,,,,,oa_pdf
https://openalex.org/W2762643319,,"Climate-Driven Habitat Shifts in South America: Biogeography, Historical Demography, and Population Genomics of Anole Lizards",2017,article,true,green,https://academicworks.cuny.edu/cgi/viewcontent.cgi?article=3443&context=gc_etds,,,,,,,,,,no_doi
https://openalex.org/W2768237533,10.11606/t.42.2017.tde-30102017-102244,"Emprego de técnicas morfométricas, espectrometria MALDI-TOF e sequenciamento genético para classificação e filogenia de Culicidae (Diptera).",2017,dissertation,true,gold,http://www.teses.usp.br/teses/disponiveis/42/42135/tde-30102017-102244/publico/Camila_Lorenz_doutorado_corrigida_parcial.pdf,,,,,,,,,,oa_pdf
https://openalex.org/W2769692744,10.11606/t.41.2017.tde-09082017-094303,Systematics of Drosera sect. Drosera s.s. (Droseraceae),2017,dissertation,true,gold,http://www.teses.usp.br/teses/disponiveis/41/41132/tde-09082017-094303/publico/TESE_GONELLA.pdf,,,,,,,,,,oa_pdf
https://openalex.org/W2788077418,,Modeling Trait Evolutionary Processes with More Than One Gene,2017,article,true,green,https://digitalrepository.unm.edu/math_etds/106,,,,,,,,,,no_doi
https://openalex.org/W2790062523,10.5531/sd.sp.29,"Supplemental Material for 'A new collared lizard (Tropidurus, Tropiduridae) endemic to the western Bolivian Andes and its implications for seasonally dry tropical forests. (American Museum novitates, no. 3896)'",2018,dataset,false,closed,,,,,,,,,,,paywalled
https://openalex.org/W2790895200,10.1656/058.017.0115,"First Record of <i>Selenops submaculosus</i> Bryant (Araneae, Selenopidae; a flattie spider) from Louisiana",2018,article,false,closed,,,,,,,,,,,paywalled
https://openalex.org/W2808174971,10.17660/actahortic.2018.1201.67,"<i>Clivia</i>taxonomy revisited, using DNA barcode regions",2018,article,false,closed,,,,,,,,,,,paywalled
https://openalex.org/W2810299212,10.1101/361402,"The first complete mitochondrial genome of marigold pest thrips, <i>Neohydatothrips samayunkur</i> (Sericothripinae) and comparative analysis",2018,preprint,true,green,https://www.biorxiv.org/content/biorxiv/early/2018/07/03/361402.full.pdf,,,,PPR,N,N,N,,,oa_pdf
https://openalex.org/W2903059220,10.1130/abs/2018am-319174,PROTOCONCH ENLARGEMENT IN WESTERN ATLANTIC TURRITELLINE GASTROPOD SPECIES FOLLOWING THE CLOSURE OF THE CENTRAL AMERICAN SEAWAY,2018,article,false,closed,,,,,,,,,,,paywalled
https://openalex.org/W2905507519,10.1101/497073,Phylogenetic reconstruction and divergence time estimation of Blumea DC. (Asteraceae: Inuleae) in China based on nrDNA ITS and cpDNA trnL-F sequences,2018,preprint,true,green,https://www.biorxiv.org/content/biorxiv/early/2018/12/17/497073.full.pdf,cc-by-nd,,,PPR,N,N,N,,,oa_pdf
https://openalex.org/W2906419638,10.7287/peerj.6131v0.1/reviews/1,"Peer Review #1 of ""Characterization of the mitochondrial genome of Arge bella Wei &amp; Du sp. nov. (Hymenoptera: Argidae) (v0.1)""",2018,peer-review,true,gold,https://doi.org/10.7287/peerj.6131v0.1/reviews/1,cc-by,,,,,,,,,oa_pdf
https://openalex.org/W2906457096,10.7287/peerj.6131v0.1/reviews/2,"Peer Review #2 of ""Characterization of the mitochondrial genome of Arge bella Wei &amp; Du sp. nov. (Hymenoptera: Argidae) (v0.1)""",2018,peer-review,true,gold,https://doi.org/10.7287/peerj.6131v0.1/reviews/2,cc-by,,,,,,,,,oa_pdf
https://openalex.org/W2918100259,10.1101/560102,The genome and mRNA transcriptome of the cosmopolitan calanoid copepod <i>Acartia tonsa</i> Dana improve the understanding of copepod genome size evolution,2019,preprint,true,green,https://www.biorxiv.org/content/biorxiv/early/2019/02/27/560102.full.pdf,cc-by-nc-nd,,,PPR,N,N,N,,,oa_pdf
https://openalex.org/W2928282410,10.53846/goediss-7280,"Habitat selection, cryptic diversity, phylogeny, and phylogeography of the European Lepidocyrtus lanuginosus species group (Collembola: Entomobryidae)",2019,dissertation,true,gold,https://ediss.uni-goettingen.de/bitstream/11858/00-1735-0000-002E-E58C-1/1/Dissertation_Bing_Zhang_PhD.pdf,cc-by-nc-nd,,,,,,,,,oa_pdf
https://openalex.org/W2942892391,10.11606/d.41.2019.tde-01032019-083159,"Acanthobothrium Blanchard, 1948 from the northwest Atlantic and their phylogenetic relationships with freshwater lineages",2019,dissertation,true,green,http://www.teses.usp.br/teses/disponiveis/41/41133/tde-01032019-083159/,,,,,,,,,,oa_pdf
https://openalex.org/W2964427445,10.7287/peerj.7317v0.1/reviews/2,"Peer Review #2 of ""Mitochondrial phylogeny and comparative mitogenomics of closely related pine moth pests (Lepidoptera: Dendrolimus) (v0.1)""",2019,peer-review,true,gold,https://doi.org/10.7287/peerj.7317v0.1/reviews/2,cc-by,,,,,,,,,oa_pdf
https://openalex.org/W2966654123,10.7287/peerj.7317v0.1/reviews/1,"Peer Review #1 of ""Mitochondrial phylogeny and comparative mitogenomics of closely related pine moth pests (Lepidoptera: Dendrolimus) (v0.1)""",2019,peer-review,true,gold,https://peerj.com/articles/7317v0.2/submission,cc-by,,,,,,,,,oa_pdf
https://openalex.org/W2967809714,10.14232/phd.9958,Az Aspergillus nemzetség átfogó filogenetikai analízise; potenciális mikotoxin-termelő és opportunista patogén fekete Aspergillus törzsek jellemzése,2018,dissertation,true,gold,http://doktori.bibl.u-szeged.hu/9958/1/Disszertacio_Szigeti_Gyongyi.pdf,,,,,,,,,,oa_pdf
https://openalex.org/W2979427984,10.7287/peerj.7853v0.2/reviews/1,"Peer Review #1 of ""Complete mitochondrial genome sequence of Labriocimbex sinicus, a new genus and new species of Cimbicidae (Hymenoptera) from China (v0.2)""",2019,peer-review,true,gold,https://doi.org/10.7287/peerj.7853v0.2/reviews/1,cc-by,,,,,,,,,oa_pdf
https://openalex.org/W2980095357,10.7287/peerj.7853v0.1/reviews/1,"Peer Review #1 of ""Complete mitochondrial genome sequence of Labriocimbex sinicus, a new genus and new species of Cimbicidae (Hymenoptera) from China (v0.1)""",2019,peer-review,true,gold,https://doi.org/10.7287/peerj.7853v0.1/reviews/1,cc-by,,,,,,,,,oa_pdf
https://openalex.org/W2980253727,10.7287/peerj.7853v0.3/reviews/1,"Peer Review #1 of ""Complete mitochondrial genome sequence of Labriocimbex sinicus, a new genus and new species of Cimbicidae (Hymenoptera) from China (v0.3)""",2019,peer-review,true,gold,https://doi.org/10.7287/peerj.7853v0.3/reviews/1,cc-by,,,,,,,,,oa_pdf
https://openalex.org/W2980255571,10.7287/peerj.7853v0.4/reviews/1,"Peer Review #1 of ""Complete mitochondrial genome sequence of Labriocimbex sinicus, a new genus and new species of Cimbicidae (Hymenoptera) from China (v0.4)""",2019,peer-review,true,gold,https://doi.org/10.7287/peerj.7853v0.4/reviews/1,cc-by,,,,,,,,,oa_pdf
https://openalex.org/W2980464695,10.7287/peerj.7869v0.1/reviews/2,"Peer Review #2 of ""A new frog of the Leptodactylus fuscus species group (Anura: Leptodactylidae), endemic from the South American Gran Chaco (v0.1)""",2019,peer-review,true,gold,https://doi.org/10.7287/peerj.7869v0.1/reviews/2,cc-by,,,,,,,,,oa_pdf
https://openalex.org/W2996007155,10.1080/23802359.2019.1696241,The complete chloroplast genome sequence of <i>Platanthera minor</i>,2019,article,true,diamond,https://www.tandfonline.com/doi/pdf/10.1080/23802359.2019.1696241?needAccess=true,cc-by,PMC7721053,33366423,MED,Y,Y,Y,,https://www.ebi.ac.uk/europepmc/webservices/rest/article/PMC7721053/fullTextXML,pmc_xml
https://openalex.org/W3011339858,,Bumblebee catfishes in Colombia: disentangling macro and microevolution in the genus Pseudopimelodus (Siluriformes: Pseudopimelodidae),2019,article,false,closed,,,,,,,,,,,no_doi
https://openalex.org/W3014781126,10.18002/10612/11589,Caracterización evolutiva y molecular de la biosíntesis de trichotecenos y análisis del papel de los esteroles de membrana de trichoderma en la interacción con plantas = Evolutionary and molecular characterization of the trichothecen biosynthesis and analysis of the role of Trichoderma membrane sterols in the interaction with plants,2019,dissertation,true,gold,https://buleria.unileon.es/bitstream/10612/11589/1/1_LINDO_YUGUEROS_LAURA_TESIS_DOCTORAL.pdf,,,,,,,,,,oa_pdf
https://openalex.org/W3017307498,10.17582/journal.pjz/20190710090746,Molecular Phylogenetics of Saw-scaled Viper (Echis carinatus) from Pakistan,2020,article,true,diamond,http://researcherslinks.com/base/downloads.php?jid=20&aid=2848&acid=1&path=pdf&file=1587062072PJZ_52_4_1517-1524.pdf,cc-by,,,,,,,,,oa_pdf
https://openalex.org/W3041673628,10.1111/jse.12658,Multiple Pleistocene refugia and recent diversification for <i>Streptocarpus ionanthus</i> (Gesneriaceae) complex: Insights from multiple molecular sources,2020,article,false,closed,,,,,,,,,,,paywalled
https://openalex.org/W3126390992,10.11606/d.41.2020.tde-15062020-144613,"Phylogenetic analysis of the genus Mischonyx Bertkau, 1880, with taxonomic changes and new species descriptions (Opiliones: Gonylepitdae: Gonyleptinae)",2020,dissertation,true,gold,http://www.teses.usp.br/teses/disponiveis/41/41133/tde-15062020-144613/publico/CaioGuerattoCoelhodaSilvaCorrigida.pdf,,,,,,,,,,oa_pdf
https://openalex.org/W3127088093,10.1080/23802359.2020.1866448,Complete mitochondrial genome of<i>Chroicocephalus brunnicephalus</i>from India: phylogeny with other Larids,2021,article,true,diamond,https://www.tandfonline.com/doi/pdf/10.1080/23802359.2020.1866448?needAccess=true,,PMC7872550,33659671,MED,Y,Y,Y,,https://www.ebi.ac.uk/europepmc/webservices/rest/article/PMC7872550/fullTextXML,pmc_xml
https://openalex.org/W3130885504,10.1080/23802359.2021.1875915,Characterization of the complete mitogenomes of Baillon's Crake <i>Porzana pusilla</i> and phylogenetic analysis,2021,article,true,diamond,https://www.tandfonline.com/doi/pdf/10.1080/23802359.2021.1875915?needAccess=true,cc-by,PMC7889097,33628937,MED,Y,Y,Y,,https://www.ebi.ac.uk/europepmc/webservices/rest/article/PMC7889097/fullTextXML,pmc_xml
https://openalex.org/W3135008773,10.11606/t.41.2020.tde-08052020-105711,Phylogeny of the subfamily Streblinae (Diptera: Streblidae) and historical host-parasite association,2020,dissertation,true,gold,http://www.teses.usp.br/teses/disponiveis/41/41133/tde-08052020-105711/publico/DanielMaximoCorreaAlcantaraSimplificada.pdf,,,,,,,,,,oa_pdf
https://openalex.org/W3137097691,10.1080/23802359.2021.1884020,"Complete mitochondrial genome of <i>Gampsocleis fletcheri</i> (Burr, 1899)",2021,article,true,diamond,https://www.tandfonline.com/doi/pdf/10.1080/23802359.2021.1884020?needAccess=true,cc-by,PMC7954433,33763594,MED,Y,Y,Y,,https://www.ebi.ac.uk/europepmc/webservices/rest/article/PMC7954433/fullTextXML,pmc_xml
https://openalex.org/W3142708466,10.4995/thesis/10251/153808,Detection and identification of Phytophthora spp. in woody plant nurseries and holm oak forests,2020,dissertation,true,gold,https://riunet.upv.es/bitstream/10251/153808/5/Mora%20-%20Detection%20and%20identification%20of%20Phytophthora%20spp.%20in%20woody%20plant%20nurseries%20and%20holm%20oak%20fo....pdf,cc-by-nc-nd,,,,,,,,,oa_pdf
https://openalex.org/W3158453188,10.7287/peerj.11310v0.1/reviews/2,"Peer Review #2 of ""Bosminopsis deitersi (Crustacea: Cladocera) as an ancient species group: a revision (v0.1)""",2021,peer-review,true,gold,https://doi.org/10.7287/peerj.11310v0.1/reviews/2,cc-by,,,,,,,,,oa_pdf
https://openalex.org/W3160381789,10.7287/peerj.11294v0.2/reviews/1,"Peer Review #1 of ""First complete mitogenomes of Diamesinae, Orthocladiinae, Prodiamesinae, Tanypodinae (Diptera: Chironomidae) and their implication in phylogenetics (v0.2)""",2021,peer-review,true,gold,https://doi.org/10.7287/peerj.11294v0.2/reviews/1,cc-by,,,,,,,,,oa_pdf
https://openalex.org/W3163260191,10.21203/rs.3.rs-476684/v1,Complete mtgenome sequences of Anopheles peditaeniatus and An. nitidus and phylogenetic relationships of the genus Anopheles based on mtgenome sequences (Diptera: Culicidae: Anophelinae),2021,preprint,true,green,https://www.researchsquare.com/article/rs-476684/latest.pdf,cc-by,,,PPR,N,N,N,,,oa_pdf
https://openalex.org/W3163288749,10.11606/t.41.2021.tde-05042021-212235,Filogenia e tempos de divergência das moscas caliptradas (Diptera: Schizophora: Calyptratae) e classificação da tribo Tachinini (Oestroidea: Tachinidae),2021,dissertation,true,gold,http://www.teses.usp.br/teses/disponiveis/41/41133/tde-05042021-212235/publico/FilipeMacedoGudinSimplificada.pdf,,,,,,,,,,oa_pdf
https://openalex.org/W3163434434,10.7287/peerj.11294v0.1/reviews/1,"Peer Review #1 of ""First complete mitogenomes of Diamesinae, Orthocladiinae, Prodiamesinae, Tanypodinae (Diptera: Chironomidae) and their implication in phylogenetics (v0.1)""",2021,peer-review,true,gold,https://doi.org/10.7287/peerj.11294v0.1/reviews/1,cc-by,,,,,,,,,oa_pdf
https://openalex.org/W3166974616,10.7287/peerj.11435v0.1/reviews/3,"Peer Review #3 of ""Molecular characterization and phylogenetic analyses of Lophodermella needle pathogens (Rhytismataceae) on Pinus species in the USA and Europe (v0.1)""",2021,peer-review,true,gold,https://doi.org/10.7287/peerj.11435v0.1/reviews/3,cc-by,,,,,,,,,oa_pdf
https://openalex.org/W3170248354,10.7287/peerj.11435v0.1/reviews/1,"Peer Review #1 of ""Molecular characterization and phylogenetic analyses of Lophodermella needle pathogens (Rhytismataceae) on Pinus species in the USA and Europe (v0.1)""",2021,peer-review,true,gold,https://doi.org/10.7287/peerj.11435v0.1/reviews/1,cc-by,,,,,,,,,oa_pdf
https://openalex.org/W3178198193,10.21203/rs.3.rs-675617/v1,"Species Diversity in Penicillium and Acaulium From Herbivore Dung in China, and Description of Acaulium stericum Sp. Nov.",2021,preprint,true,green,https://www.researchsquare.com/article/rs-675617/latest.pdf,cc-by,,,PPR,N,N,N,,,oa_pdf
https://openalex.org/W3179616599,10.1080/23802359.2021.1945967,The first complete chloroplast genome of <i>Fagopyrum leptopodum</i> (Diels) Hedberg (Caryophyllales: Polygonaceae) with phylogenetic implications,2021,article,true,diamond,https://www.tandfonline.com/doi/pdf/10.1080/23802359.2021.1945967?needAccess=true,cc-by,PMC8259871,34263050,MED,Y,Y,Y,,https://www.ebi.ac.uk/europepmc/webservices/rest/article/PMC8259871/fullTextXML,pmc_xml
https://openalex.org/W3191985545,10.1080/23802359.2021.1944383,The first complete mitochondrial genome of <i>Macalpinomyces bursus</i> (Ustilaginales: Ustilaginaceae) and insights into its phylogeny,2021,article,true,diamond,https://www.tandfonline.com/doi/pdf/10.1080/23802359.2021.1944383?needAccess=true,cc-by,PMC8330779,34377791,MED,Y,Y,Y,,https://www.ebi.ac.uk/europepmc/webservices/rest/article/PMC8330779/fullTextXML,pmc_xml
https://openalex.org/W3199643991,10.7287/peerj.11954v0.1/reviews/1,"Peer Review #1 of ""The importance of molecular characters when morphological variability hinders diagnosability: systematics of the moon jellyfish genus Aurelia (Cnidaria: Scyphozoa) (v0.1)""",2021,peer-review,true,gold,https://doi.org/10.7287/peerj.11954v0.1/reviews/1,cc-by,,,,,,,,,oa_pdf
https://openalex.org/W3202878499,10.7287/peerj.11682v0.1/reviews/1,"Peer Review #1 of ""Phylogenetic relationships of the genus Mischonyx Bertkau, 1880, with taxonomic changes and three new species description (Opiliones: Gonyleptidae) (v0.1)""",2021,peer-review,true,gold,https://peerj.com/articles/11682v0.3/submission,cc-by,,,,,,,,,oa_pdf
https://openalex.org/W3214892061,10.7287/peerj.12465v0.1/reviews/1,"Peer Review #1 of ""Comparative analysis of twelve mitogenomes of Caliscelidae (Hemiptera: Fulgoromorpha) and their phylogenetic implications (v0.1)""",2021,peer-review,true,gold,https://doi.org/10.7287/peerj.12465v0.1/reviews/1,cc-by,,,,,,,,,oa_pdf
https://openalex.org/W3215462266,10.7287/peerj.12465v0.2/reviews/1,"Peer Review #1 of ""Comparative analysis of twelve mitogenomes of Caliscelidae (Hemiptera: Fulgoromorpha) and their phylogenetic implications (v0.2)""",2021,peer-review,true,gold,https://peerj.com/articles/12465v0.3/submission,cc-by,,,,,,,,,oa_pdf
https://openalex.org/W3217600198,10.7287/peerj.12465v0.3/reviews/1,"Peer Review #1 of ""Comparative analysis of twelve mitogenomes of Caliscelidae (Hemiptera: Fulgoromorpha) and their phylogenetic implications (v0.3)""",2021,peer-review,true,gold,https://doi.org/10.7287/peerj.12465v0.3/reviews/1,cc-by,,,,,,,,,oa_pdf
https://openalex.org/W4200033025,10.7287/peerj.12465v0.1/reviews/2,"Peer Review #2 of ""Comparative analysis of twelve mitogenomes of Caliscelidae (Hemiptera: Fulgoromorpha) and their phylogenetic implications (v0.1)""",2021,peer-review,true,gold,https://doi.org/10.7287/peerj.12465v0.1/reviews/2,cc-by,,,,,,,,,oa_pdf
https://openalex.org/W4200054961,10.7287/peerj.12465v0.1/reviews/3,"Peer Review #3 of ""Comparative analysis of twelve mitogenomes of Caliscelidae (Hemiptera: Fulgoromorpha) and their phylogenetic implications (v0.1)""",2021,peer-review,true,gold,https://doi.org/10.7287/peerj.12465v0.1/reviews/3,cc-by,,,,,,,,,oa_pdf
https://openalex.org/W4200077509,10.7287/peerj.12465v0.2/reviews/2,"Peer Review #2 of ""Comparative analysis of twelve mitogenomes of Caliscelidae (Hemiptera: Fulgoromorpha) and their phylogenetic implications (v0.2)""",2021,peer-review,true,gold,https://doi.org/10.7287/peerj.12465v0.2/reviews/2,cc-by,,,,,,,,,oa_pdf
https://openalex.org/W4200259907,10.7287/peerj.11954v0.1/reviews/2,"Peer Review #2 of ""The importance of molecular characters when morphological variability hinders diagnosability: systematics of the moon jellyfish genus Aurelia (Cnidaria: Scyphozoa) (v0.1)""",2021,peer-review,true,gold,https://doi.org/10.7287/peerj.11954v0.1/reviews/2,cc-by,,,,,,,,,oa_pdf
https://openalex.org/W4200389145,10.22541/au.163766157.70555401/v1,Comparative analysis of the complete mitochondrial genomes of four cordyceps fungi,2021,preprint,true,gold,https://www.authorea.com/doi/pdf/10.22541/au.163766157.70555401,,,,PPR,N,N,N,,,oa_pdf
https://openalex.org/W4200461453,10.7287/peerj.11954v0.1/reviews/3,"Peer Review #3 of ""The importance of molecular characters when morphological variability hinders diagnosability: systematics of the moon jellyfish genus Aurelia (Cnidaria: Scyphozoa) (v0.1)""",2021,peer-review,true,gold,https://peerj.com/articles/11954v0.2/submission,cc-by,,,,,,,,,oa_pdf
https://openalex.org/W4205136748,10.7287/peerj.12181v0.1/reviews/1,"Peer Review #1 of ""Influence of Pleistocene climatic oscillations on the phylogeography and demographic history of endemic vulnerable trees (section Magnolia) of the Tropical Montane Cloud Forest in Mexico (v0.1)""",2021,peer-review,true,gold,https://doi.org/10.7287/peerj.12181v0.1/reviews/1,cc-by,,,,,,,,,oa_pdf
https://openalex.org/W4205480659,10.7287/peerj.11435v0.1/reviews/2,"Peer Review #2 of ""Molecular characterization and phylogenetic analyses of Lophodermella needle pathogens (Rhytismataceae) on Pinus species in the USA and Europe (v0.1)""",2021,peer-review,true,gold,https://peerj.com/articles/11435v0.2/submission,cc-by,,,,,,,,,oa_pdf
https://openalex.org/W4205534119,10.7287/peerj.12181v0.1/reviews/3,"Peer Review #3 of ""Influence of Pleistocene climatic oscillations on the phylogeography and demographic history of endemic vulnerable trees (section Magnolia) of the Tropical Montane Cloud Forest in Mexico (v0.1)""",2021,peer-review,true,gold,https://doi.org/10.7287/peerj.12181v0.1/reviews/3,cc-by,,,,,,,,,oa_pdf
https://openalex.org/W4205557801,10.7287/peerj.12181v0.2/reviews/3,"Peer Review #3 of ""Influence of Pleistocene climatic oscillations on the phylogeography and demographic history of endemic vulnerable trees (section Magnolia) of the Tropical Montane Cloud Forest in Mexico (v0.2)""",2021,peer-review,true,gold,https://doi.org/10.7287/peerj.12181v0.2/reviews/3,cc-by,,,,,,,,,oa_pdf
https://openalex.org/W4205714958,10.7287/peerj.12181v0.2/reviews/1,"Peer Review #1 of ""Influence of Pleistocene climatic oscillations on the phylogeography and demographic history of endemic vulnerable trees (section Magnolia) of the Tropical Montane Cloud Forest in Mexico (v0.2)""",2021,peer-review,true,gold,https://peerj.com/articles/12181v0.4/submission,cc-by,,,,,,,,,oa_pdf
https://openalex.org/W4205780928,10.7287/peerj.12181v0.2/reviews/2,"Peer Review #2 of ""Influence of Pleistocene climatic oscillations on the phylogeography and demographic history of endemic vulnerable trees (section Magnolia) of the Tropical Montane Cloud Forest in Mexico (v0.2)""",2021,peer-review,true,gold,https://doi.org/10.7287/peerj.12181v0.2/reviews/2,cc-by,,,,,,,,,oa_pdf
https://openalex.org/W4205797218,10.7287/peerj.11682v0.1/reviews/2,"Peer Review #2 of ""Phylogenetic relationships of the genus Mischonyx Bertkau, 1880, with taxonomic changes and three new species description (Opiliones: Gonyleptidae) (v0.1)""",2021,peer-review,true,gold,https://doi.org/10.7287/peerj.11682v0.1/reviews/2,cc-by,,,,,,,,,oa_pdf
https://openalex.org/W4206104932,10.7287/peerj.11682v0.2/reviews/2,"Peer Review #2 of ""Phylogenetic relationships of the genus Mischonyx Bertkau, 1880, with taxonomic changes and three new species description (Opiliones: Gonyleptidae) (v0.2)""",2021,peer-review,true,gold,https://doi.org/10.7287/peerj.11682v0.2/reviews/2,cc-by,,,,,,,,,oa_pdf
https://openalex.org/W4206118506,10.7287/peerj.12181v0.3/reviews/3,"Peer Review #3 of ""Influence of Pleistocene climatic oscillations on the phylogeography and demographic history of endemic vulnerable trees (section Magnolia) of the Tropical Montane Cloud Forest in Mexico (v0.3)""",2021,peer-review,true,gold,https://doi.org/10.7287/peerj.12181v0.3/reviews/3,cc-by,,,,,,,,,oa_pdf
https://openalex.org/W4206119227,10.7287/peerj.12181v0.1/reviews/2,"Peer Review #2 of ""Influence of Pleistocene climatic oscillations on the phylogeography and demographic history of endemic vulnerable trees (section Magnolia) of the Tropical Montane Cloud Forest in Mexico (v0.1)""",2021,peer-review,true,gold,https://doi.org/10.7287/peerj.12181v0.1/reviews/2,cc-by,,,,,,,,,oa_pdf
https://openalex.org/W4206221907,10.1080/23802359.2021.2016082,Characterization and phylogenetic analysis of the mitochondrial genome of <i>Holotrichia parallela</i> (Coleoptera: Scarabaeidae: Melolonthinae),2022,article,true,diamond,https://www.tandfonline.com/doi/pdf/10.1080/23802359.2021.2016082?needAccess=true,cc-by,PMC8774056,35071757,MED,Y,Y,Y,,https://www.ebi.ac.uk/europepmc/webservices/rest/article/PMC8774056/fullTextXML,pmc_xml
https://openalex.org/W4206312897,10.1080/23802359.2021.2016079,Complete mitochondrial genome sequence of <i>Abraximorpha davidii</i> (Lepidoptera: Hesperiidae: Tagiadinae),2022,article,true,diamond,https://www.tandfonline.com/doi/pdf/10.1080/23802359.2021.2016079?needAccess=true,cc-by,PMC8741239,35005233,MED,Y,Y,Y,,https://www.ebi.ac.uk/europepmc/webservices/rest/article/PMC8741239/fullTextXML,pmc_xml
https://openalex.org/W4206670586,10.7287/peerj.12181v0.3/reviews/2,"Peer Review #2 of ""Influence of Pleistocene climatic oscillations on the phylogeography and demographic history of endemic vulnerable trees (section Magnolia) of the Tropical Montane Cloud Forest in Mexico (v0.3)""",2021,peer-review,true,gold,https://doi.org/10.7287/peerj.12181v0.3/reviews/2,cc-by,,,,,,,,,oa_pdf
https://openalex.org/W4206897932,10.7287/peerj.11294v0.1/reviews/3,"Peer Review #3 of ""First complete mitogenomes of Diamesinae, Orthocladiinae, Prodiamesinae, Tanypodinae (Diptera: Chironomidae) and their implication in phylogenetics (v0.1)""",2021,peer-review,true,gold,https://doi.org/10.7287/peerj.11294v0.1/reviews/3,cc-by,,,,,,,,,oa_pdf
https://openalex.org/W4206931308,10.7287/peerj.12735v0.1/reviews/1,"Peer Review #1 of ""A review of the common crab genus Macromedaeus Ward, 1942 (Brachyura, Xanthidae) from China Seas with description of a new species using integrative taxonomy methods (v0.1)""",2022,peer-review,true,gold,https://peerj.com/articles/12735v0.3/submission,cc-by,,,,,,,,,oa_pdf
https://openalex.org/W4206949836,10.7287/peerj.12735v0.1/reviews/2,"Peer Review #2 of ""A review of the common crab genus Macromedaeus Ward, 1942 (Brachyura, Xanthidae) from China Seas with description of a new species using integrative taxonomy methods (v0.1)""",2022,peer-review,true,gold,https://doi.org/10.7287/peerj.12735v0.1/reviews/2,cc-by,,,,,,,,,oa_pdf
https://openalex.org/W4206985322,10.7287/peerj.11294v0.2/reviews/2,"Peer Review #2 of ""First complete mitogenomes of Diamesinae, Orthocladiinae, Prodiamesinae, Tanypodinae (Diptera: Chironomidae) and their implication in phylogenetics (v0.2)""",2021,peer-review,true,gold,https://doi.org/10.7287/peerj.11294v0.2/reviews/2,cc-by,,,,,,,,,oa_pdf
https://openalex.org/W4207007051,10.5852/naturae2022a2,"Mise en forme et contrôle qualité de données, l’informatique au service de l’écologie",2022,article,true,diamond,https://sciencepress.mnhn.fr/sites/default/files/articles/pdf/naturae2022a2.pdf,,,,,,,,,,oa_pdf
https://openalex.org/W4207032718,10.7287/peerj.11294v0.2/reviews/3,"Peer Review #3 of ""First complete mitogenomes of Diamesinae, Orthocladiinae, Prodiamesinae, Tanypodinae (Diptera: Chironomidae) and their implication in phylogenetics (v0.2)""",2021,peer-review,true,gold,https://doi.org/10.7287/peerj.11294v0.2/reviews/3,cc-by,,,,,,,,,oa_pdf
https://openalex.org/W4207081349,10.7287/peerj.11294v0.1/reviews/2,"Peer Review #2 of ""First complete mitogenomes of Diamesinae, Orthocladiinae, Prodiamesinae, Tanypodinae (Diptera: Chironomidae) and their implication in phylogenetics (v0.1)""",2021,peer-review,true,gold,https://peerj.com/articles/11294v0.3/submission,cc-by,,,,,,,,,oa_pdf
https://openalex.org/W4212930518,10.3390/books978-3-03936-979-9,Fungal Diversity in the Mediterranean Area,2020,book,true,gold,https://doi.org/10.3390/books978-3-03936-979-9,cc-by,,,,,,,,,oa_pdf
https://openalex.org/W4220722068,10.21203/rs.3.rs-1413222/v1,"Phylogenetic relationships of sleeper gobies (Eleotridae: Gobiiformes: Gobioidei), with comments on the position of the miniature genus Microphilypnus",2022,preprint,true,green,https://www.researchsquare.com/article/rs-1413222/latest.pdf,cc-by,,,PPR,N,N,N,,,oa_pdf
https://openalex.org/W4221136937,10.1101/2022.03.24.485721,Utilisation of Oxford Nanopore sequencing to generate six complete gastropod mitochondrial genomes as part of a biodiversity curriculum,2022,preprint,true,green,https://www.biorxiv.org/content/biorxiv/early/2022/03/27/2022.03.24.485721.full.pdf,cc-by-nc,,,PPR,N,N,N,,,oa_pdf
https://openalex.org/W4224006122,10.1101/2022.04.04.486993,"Climate change will redefine taxonomic, functional, and phylogenetic diversity patterns of Odonata in space and time",2022,preprint,true,green,https://www.biorxiv.org/content/biorxiv/early/2022/04/05/2022.04.04.486993.full.pdf,cc-by-nd,,,PPR,N,N,N,,,oa_pdf
https://openalex.org/W4229054497,10.1007/s10658-022-02512-y,Phytopythium chamaehyphon causing corm and root rot of uncultivated taro (Colocasia esculenta),2022,article,true,green,https://repository.lsu.edu/entomology_pubs/502,,,,AGR,N,N,N,,,oa_pdf
https://openalex.org/W4229650516,10.7287/peerj.6866v0.2/reviews/2,"Peer Review #2 of ""Characterization of the mitochondrial genome of Analcellicampa xanthosoma gen. et sp. nov. (Hymenoptera: Tenthredinidae) (v0.2)""",2019,peer-review,true,gold,https://doi.org/10.7287/peerj.6866v0.2/reviews/2,cc-by,,,,,,,,,oa_pdf
https://openalex.org/W4230757145,10.7287/peerj.6866v0.3/reviews/2,"Peer Review #2 of ""Characterization of the mitochondrial genome of Analcellicampa xanthosoma gen. et sp. nov. (Hymenoptera: Tenthredinidae) (v0.3)""",2019,peer-review,true,gold,https://doi.org/10.7287/peerj.6866v0.3/reviews/2,cc-by,,,,,,,,,oa_pdf
https://openalex.org/W4231271923,10.1656/058.017.0114,"First Record of <i>Selenops submaculosus</i> Bryant (Araneae, Selenopidae; a flattie spider) from Louisiana",2018,article,false,closed,,,,,,,,,,,paywalled
https://openalex.org/W4231793789,10.7287/peerj.8603v0.1/reviews/1,"Peer Review #1 of ""The complete mitogenome of Arion vulgaris Moquin-Tandon, 1855 (Gastropoda: Stylommatophora): mitochondrial genome architecture, evolution and phylogenetic considerations within Stylommatophora (v0.1)""",2020,peer-review,true,gold,https://doi.org/10.7287/peerj.8603v0.1/reviews/1,cc-by,,,,,,,,,oa_pdf
https://openalex.org/W4232438781,10.7287/peerj.11310v0.1/reviews/1,"Peer Review #1 of ""Bosminopsis deitersi (Crustacea: Cladocera) as an ancient species group: a revision (v0.1)""",2021,peer-review,true,gold,https://peerj.com/articles/11310v0.3/submission,cc-by,,,,,,,,,oa_pdf
https://openalex.org/W4234169093,10.7287/peerj.6866v0.4/reviews/2,"Peer Review #2 of ""Characterization of the mitochondrial genome of Analcellicampa xanthosoma gen. et sp. nov. (Hymenoptera: Tenthredinidae) (v0.4)""",2019,peer-review,true,gold,https://doi.org/10.7287/peerj.6866v0.4/reviews/2,cc-by,,,,,,,,,oa_pdf
https://openalex.org/W4238385837,10.7287/peerj.10804v0.1/reviews/2,"Peer Review #2 of ""Unexpected mitochondrial lineage diversity within the genus Alonella Sars, 1862 (Crustacea: Cladocera) across the Northern Hemisphere (v0.1)""",2021,peer-review,true,gold,https://peerj.com/articles/10804v0.3/submission,cc-by,,,,,,,,,oa_pdf
https://openalex.org/W4239003231,10.21203/rs.2.20989/v1,MtOrt: An empirical mitochondrial amino acid substitution model for evolutionary studies of Orthoptera insects,2020,preprint,true,green,https://www.researchsquare.com/article/rs-11587/v1.pdf?c=1579215115000,cc-by,,,,,,,,,oa_pdf
https://openalex.org/W4240982756,10.7287/peerj.7853v0.3/reviews/2,"Peer Review #2 of ""Complete mitochondrial genome sequence of Labriocimbex sinicus, a new genus and new species of Cimbicidae (Hymenoptera) from China (v0.3)""",2019,peer-review,true,gold,https://peerj.com/articles/7853v0.5/submission,cc-by,,,,,,,,,oa_pdf
https://openalex.org/W4241054661,10.7287/peerj.7869v0.1/reviews/1,"Peer Review #1 of ""A new frog of the Leptodactylus fuscus species group (Anura: Leptodactylidae), endemic from the South American Gran Chaco (v0.1)""",2019,peer-review,true,gold,https://peerj.com/articles/7869v0.2/submission,cc-by,,,,,,,,,oa_pdf
https://openalex.org/W4241163001,10.25148/etd.fidc006820,The Adaptive Evolution of Herbivory in Freshwater Systems,2018,dissertation,true,gold,https://digitalcommons.fiu.edu/cgi/viewcontent.cgi?article=4916&context=etd,cc-by,,,,,,,,,oa_pdf
https://openalex.org/W4241571021,10.7287/peerj.8603v0.2/reviews/1,"Peer Review #1 of ""The complete mitogenome of Arion vulgaris Moquin-Tandon, 1855 (Gastropoda: Stylommatophora): mitochondrial genome architecture, evolution and phylogenetic considerations within Stylommatophora (v0.2)""",2020,peer-review,true,gold,https://doi.org/10.7287/peerj.8603v0.2/reviews/1,cc-by,,,,,,,,,oa_pdf
https://openalex.org/W4244434499,10.7287/peerj.6866v0.1/reviews/1,"Peer Review #1 of ""Characterization of the mitochondrial genome of Analcellicampa xanthosoma gen. et sp. nov. (Hymenoptera: Tenthredinidae) (v0.1)""",2019,peer-review,true,gold,https://peerj.com/articles/6866v0.4/submission,cc-by,,,,,,,,,oa_pdf
https://openalex.org/W4245257813,10.7287/peerj.10804v0.1/reviews/1,"Peer Review #1 of ""Unexpected mitochondrial lineage diversity within the genus Alonella Sars, 1862 (Crustacea: Cladocera) across the Northern Hemisphere (v0.1)""",2021,peer-review,true,gold,https://doi.org/10.7287/peerj.10804v0.1/reviews/1,cc-by,,,,,,,,,oa_pdf
https://openalex.org/W4245286688,10.7287/peerj.7853v0.4/reviews/2,"Peer Review #2 of ""Complete mitochondrial genome sequence of Labriocimbex sinicus, a new genus and new species of Cimbicidae (Hymenoptera) from China (v0.4)""",2019,peer-review,true,gold,https://doi.org/10.7287/peerj.7853v0.4/reviews/2,cc-by,,,,,,,,,oa_pdf
https://openalex.org/W4246692477,10.7287/peerj.6866v0.2/reviews/1,"Peer Review #1 of ""Characterization of the mitochondrial genome of Analcellicampa xanthosoma gen. et sp. nov. (Hymenoptera: Tenthredinidae) (v0.2)""",2019,peer-review,true,gold,https://doi.org/10.7287/peerj.6866v0.2/reviews/1,cc-by,,,,,,,,,oa_pdf
https://openalex.org/W4248231632,10.21203/rs.2.20989/v2,MtOrt: An empirical mitochondrial amino acid substitution model for evolutionary studies of Orthoptera insects,2020,preprint,true,green,https://www.researchsquare.com/article/rs-11587/v2.pdf?c=1631847144000,cc-by,,,PPR,N,N,N,,,oa_pdf
https://openalex.org/W4249553555,10.7287/peerj.6866v0.1/reviews/2,"Peer Review #2 of ""Characterization of the mitochondrial genome of Analcellicampa xanthosoma gen. et sp. nov. (Hymenoptera: Tenthredinidae) (v0.1)""",2019,peer-review,true,gold,https://doi.org/10.7287/peerj.6866v0.1/reviews/2,cc-by,,,,,,,,,oa_pdf
https://openalex.org/W4250646534,10.7287/peerj.6131v0.1/reviews/3,"Peer Review #3 of ""Characterization of the mitochondrial genome of Arge bella Wei &amp; Du sp. nov. (Hymenoptera: Argidae) (v0.1)""",2018,peer-review,true,gold,https://peerj.com/articles/6131v0.2/submission,cc-by,,,,,,,,,oa_pdf
https://openalex.org/W4252088957,10.7287/peerj.10804v0.2/reviews/1,"Peer Review #1 of ""Unexpected mitochondrial lineage diversity within the genus Alonella Sars, 1862 (Crustacea: Cladocera) across the Northern Hemisphere (v0.2)""",2021,peer-review,true,gold,https://doi.org/10.7287/peerj.10804v0.2/reviews/1,cc-by,,,,,,,,,oa_pdf
https://openalex.org/W4253964487,10.7287/peerj.10804v0.2/reviews/2,"Peer Review #2 of ""Unexpected mitochondrial lineage diversity within the genus Alonella Sars, 1862 (Crustacea: Cladocera) across the Northern Hemisphere (v0.2)""",2021,peer-review,true,gold,https://doi.org/10.7287/peerj.10804v0.2/reviews/2,cc-by,,,,,,,,,oa_pdf
https://openalex.org/W4254728283,10.7287/peerj.6866v0.3/reviews/1,"Peer Review #1 of ""Characterization of the mitochondrial genome of Analcellicampa xanthosoma gen. et sp. nov. (Hymenoptera: Tenthredinidae) (v0.3)""",2019,peer-review,true,gold,https://doi.org/10.7287/peerj.6866v0.3/reviews/1,cc-by,,,,,,,,,oa_pdf
https://openalex.org/W4255507584,10.7287/peerj.8603v0.1/reviews/2,"Peer Review #2 of ""The complete mitogenome of Arion vulgaris Moquin-Tandon, 1855 (Gastropoda: Stylommatophora): mitochondrial genome architecture, evolution and phylogenetic considerations within Stylommatophora (v0.1)""",2020,peer-review,true,gold,https://peerj.com/articles/8603v0.2/submission,cc-by,,,,,,,,,oa_pdf
https://openalex.org/W4255881634,10.7287/peerj.7317v0.1/reviews/3,"Peer Review #3 of ""Mitochondrial phylogeny and comparative mitogenomics of closely related pine moth pests (Lepidoptera: Dendrolimus) (v0.1)""",2019,peer-review,true,gold,https://doi.org/10.7287/peerj.7317v0.1/reviews/3,cc-by,,,,,,,,,oa_pdf
https://openalex.org/W4256299173,10.7287/peerj.7853v0.2/reviews/2,"Peer Review #2 of ""Complete mitochondrial genome sequence of Labriocimbex sinicus, a new genus and new species of Cimbicidae (Hymenoptera) from China (v0.2)""",2019,peer-review,true,gold,https://doi.org/10.7287/peerj.7853v0.2/reviews/2,cc-by,,,,,,,,,oa_pdf
https://openalex.org/W4280637009,10.1111/ivb.12370,"Evidence for spatial niche partitioning in the ectocommensal <i>Symbion americanus</i> (Cycliophora) on its lobster host, <scp><i>Homarus americanus</i></scp> (Arthropoda, Malacostraca)",2022,article,false,closed,,,,,,,,,,,paywalled
https://openalex.org/W4285799372,10.11606/t.41.2022.tde-20062022-174236,"Filogenia, tempos de divergência e evolução de Oecanthidae n. status (Insecta, Orthoptera, Grylloidea)",2022,dissertation,true,gold,http://www.teses.usp.br/teses/disponiveis/41/41133/tde-20062022-174236/publico/Lucas_Campos_SIMPL.pdf,,,,,,,,,,oa_pdf
https://openalex.org/W4286794589,10.7287/peerj.13720v0.1/reviews/1,"Peer Review #1 of ""Diversity and distribution of air-breathing sea slug genus Peronia Fleming, 1822 (Gastropoda: Onchidiidae) in southern Japanese waters (v0.1)""",2022,peer-review,true,gold,https://peerj.com/articles/13720v0.2/submission,cc-by,,,,,,,,,oa_pdf
https://openalex.org/W4286794612,10.7287/peerj.13720v0.1/reviews/2,"Peer Review #2 of ""Diversity and distribution of air-breathing sea slug genus Peronia Fleming, 1822 (Gastropoda: Onchidiidae) in southern Japanese waters (v0.1)""",2022,peer-review,true,gold,https://doi.org/10.7287/peerj.13720v0.1/reviews/2,cc-by,,,,,,,,,oa_pdf
https://openalex.org/W4293101504,10.21203/rs.3.rs-1457719/v1,Harrison’s Rule Corroborated Among Nomadine Cuckoo Bees (Hymenoptera: Apidae: Nomadinae) : The Role of Body Size in Host-Switching Dynamics,2022,preprint,true,green,https://www.researchsquare.com/article/rs-1457719/latest.pdf,cc-by,,,PPR,N,N,N,,,oa_pdf
https://openalex.org/W4293149671,10.21203/rs.3.rs-1974845/v1,"Black and white: Molecular phylogeny reveals distinct evolutionary lineages of the Banded Krait, Bungarus fasciatus (Squamata: Elapidae) in Asia",2022,preprint,true,green,https://www.researchsquare.com/article/rs-1974845/latest.pdf,cc-by,,,PPR,N,N,N,,,oa_pdf
https://openalex.org/W4300427415,10.7287/peerj.13884v0.1/reviews/1,"Peer Review #1 of ""A phylogenetic analysis of Bromus (Poaceae: Pooideae: Bromeae) based on nuclear ribosomal and plastid data, with a focus on Bromus sect. Bromus (v0.1)""",2022,peer-review,true,gold,https://doi.org/10.7287/peerj.13884v0.1/reviews/1,cc-by,,,,,,,,,oa_pdf
https://openalex.org/W4300962103,10.7287/peerj.13884v0.2/reviews/1,"Peer Review #1 of ""A phylogenetic analysis of Bromus (Poaceae: Pooideae: Bromeae) based on nuclear ribosomal and plastid data, with a focus on Bromus sect. Bromus (v0.2)""",2022,peer-review,true,gold,https://peerj.com/articles/13884v0.2/submission,cc-by,,,,,,,,,oa_pdf
https://openalex.org/W4300962691,10.7287/peerj.13884v0.2/reviews/2,"Peer Review #2 of ""A phylogenetic analysis of Bromus (Poaceae: Pooideae: Bromeae) based on nuclear ribosomal and plastid data, with a focus on Bromus sect. Bromus (v0.2)""",2022,peer-review,true,gold,https://doi.org/10.7287/peerj.13884v0.2/reviews/2,cc-by,,,,,,,,,oa_pdf
https://openalex.org/W4300963465,10.7287/peerj.13884v0.1/reviews/2,"Peer Review #2 of ""A phylogenetic analysis of Bromus (Poaceae: Pooideae: Bromeae) based on nuclear ribosomal and plastid data, with a focus on Bromus sect. Bromus (v0.1)""",2022,peer-review,true,gold,https://doi.org/10.7287/peerj.13884v0.1/reviews/2,cc-by,,,,,,,,,oa_pdf
https://openalex.org/W4306875486,10.47328/ufvbbt.2022.194,"Isolates of Aspergillus, Clonostachys and Trichoderma from Africa as potential biocontrol agents against coffee leaf rust",2022,dissertation,true,gold,https://www.locus.ufv.br/bitstream/123456789/30090/1/texto%20completo.pdf,,,,,,,,,,oa_pdf
https://openalex.org/W4307422845,10.21203/rs.3.rs-2210374/v1,Historical biogeography of neotropical Monkey tree frogs (Anura: Phyllomedusidae) indicates a diversification driven by dispersal and sympatry,2022,preprint,true,green,https://www.researchsquare.com/article/rs-2210374/latest.pdf,cc-by-nc,,,PPR,N,N,N,,,oa_pdf
https://openalex.org/W4308527419,10.1007/s11692-022-09583-z,"The Role of Vicariance and Paleoclimatic Shifts in the Diversification of Uranoscodon superciliosus (Squamata, Tropiduridae) of the Amazonian Floodplains",2022,article,false,closed,,,,,,,,,,,paywalled
https://openalex.org/W4309318391,10.31993/2308-6459-2022-105-3,,2022,paratext,true,diamond,https://plantprotect.ru/index.php/vizr/issue/view/778/105%283%29,cc-by,,,,,,,,,oa_pdf
https://openalex.org/W4319063218,10.1080/23802359.2023.2167478,"The complete mitochondrial genome of <i>Cuspidaria undata</i> (Bivalvia, Anomalodesmata, Cuspidariidae)",2023,article,true,diamond,http://dx.doi.org/10.1080/23802359.2023.2167478,cc-by,PMC9888449,36733275,MED,Y,Y,Y,,https://www.ebi.ac.uk/europepmc/webservices/rest/article/PMC9888449/fullTextXML,pmc_xml
https://openalex.org/W4320075626,10.21248/kochia.v15.131,"Identität, Verbreitung und mögliche Verwandtschaft von Elymus arenosus",2022,article,true,bronze,https://ojs.ub.uni-frankfurt.de/kochia/index.php/kochia/article/download/131/253,,,,,,,,,,oa_pdf
https://openalex.org/W4321489030,10.3897/zookeys.1149.85627,"Performance of intron 7 of the β-fibrinogen gene for phylogenetic analysis: An example using gladiator frogs, Boana Gray, 1825 (Anura, Hylidae, Cophomantinae)",2023,article,true,gold,https://zookeys.pensoft.net/article/85627/download/pdf/,cc-by,PMC10209274,37250917,MED,Y,Y,Y,,https://www.ebi.ac.uk/europepmc/webservices/rest/article/PMC10209274/fullTextXML,pmc_xml
https://openalex.org/W4360999500,10.3897/zse.99.101795,"A new deep-sea species of Elliptiolucina Cosel &amp;amp; Bouchet, 2008 (Bivalvia, Lucinida, Lucinidae) from cold seep of the South China Sea",2023,article,true,gold,https://zse.pensoft.net/article/101795/download/pdf/,cc-by,,,,,,,,,oa_pdf
https://openalex.org/W4368339902,10.1093/zoolinnean/zlac093,A revision of the genus <i>Porteria</i> and the phylogeny and biogeography of Porteriinae (Araneae: Desidae),2023,article,true,green,https://zenodo.org/record/8007404,,,,,,,,,,oa_pdf
https://openalex.org/W4368372398,10.21203/rs.3.rs-2817771/v1,"Diversity, prevalence and virulence of Colletotrichum species causing anthracnose on cassava leaves in the northern region of Brazil",2023,preprint,true,green,https://www.researchsquare.com/article/rs-2817771/latest.pdf,cc-by,,,PPR,N,N,N,,,oa_pdf
https://openalex.org/W4377983381,10.1101/2023.05.18.541288,"The first complete mitochondrial genome of <i>Sphaeniscus atilius</i> (Walker, 1849) (Diptera: Tephritidae) and implications for the phylogenetic relationships of Tephritidae",2023,preprint,true,green,https://www.biorxiv.org/content/biorxiv/early/2023/05/24/2023.05.18.541288.full.pdf,cc-by,,,PPR,N,N,N,,,oa_pdf
https://openalex.org/W4379879102,10.21203/rs.3.rs-3022174/v1,"Investigations of CZEUM cultures reveal new genera and species of Cladochytriales (Cladochytriomycetes, Chytridiomycota)",2023,preprint,true,green,https://www.researchsquare.com/article/rs-3022174/latest.pdf,cc-by,,,PPR,N,N,N,,,oa_pdf
https://openalex.org/W4381278970,10.21203/rs.3.rs-2984186/v1,Rapid identification and characterization of pineapple fruitlet core rot pathogens on the ‘TN20’ cultivar in Taiwan,2023,preprint,true,green,https://www.researchsquare.com/article/rs-2984186/latest.pdf,cc-by,,,PPR,N,N,N,,,oa_pdf
https://openalex.org/W4384304283,10.2139/ssrn.4511109,Colletotrichum Truncatum Causing Anthracnose of Catharanhthus Roseus in Brazil,2023,preprint,true,green,http://dx.doi.org/10.2139/ssrn.4511109,,,,,,,,,,oa_pdf
https://openalex.org/W4385546589,10.21203/rs.3.rs-2206377/v1,"Marine introgressions and Andean uplift drives diversification in neotropical Monkey tree frogs (Anura,Phyllomedusinae)",2023,preprint,true,green,https://www.researchsquare.com/article/rs-2206377/latest.pdf,cc-by-nc,,,PPR,N,N,N,,,oa_pdf
https://openalex.org/W4386304103,10.3390/insects14090733,"Identification of Sympetrum depressiusculum Sélys, 1841 in South Korea (Odonata: Libellulidae) According to Morphology and Genetic Markers",2023,article,true,gold,https://www.mdpi.com/2075-4450/14/9/733/pdf?version=1694003226,cc-by,PMC10531817,37754702,MED,Y,Y,Y,,https://www.ebi.ac.uk/europepmc/webservices/rest/article/PMC10531817/fullTextXML,pmc_xml
https://openalex.org/W4387340118,10.31080/asmi.2023.06.1305,The Lack of Concordance in Evolutionary Pattern of Carboxysome Proteins – Repercussions of HGT or Diverse Evolutionary Potential?,2023,article,true,diamond,https://doi.org/10.31080/asmi.2023.06.1305,,,,,,,,,,oa_pdf
https://openalex.org/W4387868347,10.21203/rs.3.rs-3466248/v1,Comparative genomics of the Neodiprion sertifer nucleopolyhedrovirus from Turkey with the fewest ORFs among baculoviruses,2023,preprint,true,green,https://www.researchsquare.com/article/rs-3466248/latest.pdf,cc-by,,,PPR,N,N,N,,,oa_pdf
https://openalex.org/W4387901995,10.1111/jph.13224,First report of leaf spot caused by <i>Canariomyces microsporus</i> in hulless barley in China,2023,article,false,closed,,,,,,,,,,,paywalled
https://openalex.org/W4388517868,10.21203/rs.3.rs-3567636/v1,200 years of taxonomic confusion: Sporendonema and allies,2023,preprint,true,green,https://www.researchsquare.com/article/rs-3567636/latest.pdf,cc-by,,,PPR,N,N,N,,,oa_pdf
https://openalex.org/W4388621727,10.11646/phytotaxa.625.3,,2023,paratext,true,bronze,https://phytotaxa.mapress.com/pt/article/view/phytotaxa.625.3.1/51282,,,,,,,,,,oa_pdf
https://openalex.org/W4388856030,10.47749/t/unicamp.2021.1162355,Taxonomia integrativa de espécies de Gastrotricha semi-planctônico e classificação baseada em evidência total,2021,dissertation,true,gold,http://dx.doi.org/10.47749/t/unicamp.2021.1162355,,,,,,,,,,oa_pdf
https://openalex.org/W4389581733,10.2139/ssrn.4646470,Bioactivity of Essential Oils in the Control of &lt;i&gt;Alternaria Alternata&lt;/i&gt; in Grape Fruits (&lt;i&gt;Vitis Labrusca&lt;/i&gt;): &lt;i&gt;In Vitro&lt;/i&gt; and &lt;i&gt;in Situ&lt;/i&gt; Study,2023,preprint,true,green,http://dx.doi.org/10.2139/ssrn.4646470,,,,,,,,,,oa_pdf
https://openalex.org/W4390697814,10.1101/2024.01.07.24300955,Phylogeography and reassortment patterns of human influenza A viruses in sub-Saharan Africa,2024,preprint,true,green,https://www.medrxiv.org/content/medrxiv/early/2024/01/09/2024.01.07.24300955.full.pdf,cc-by-nc,,,PPR,Y,Y,Y,,,oa_pdf
https://openalex.org/W4391252649,10.3897/zse.100.115692,"Molecular characterization and phylogenetic position of the giant deep-sea oyster Neopycnodonte zibrowii Gofas, Salas &amp;amp; Taviani, 2009",2024,article,true,gold,https://zse.pensoft.net/article/115692/download/pdf/,cc-by,,,,,,,,,oa_pdf
https://openalex.org/W4391399357,10.22541/au.170667125.55077758/v1,Phylogeographic patterns driven by river isolations in an island-endemic montane plant,2024,preprint,true,gold,https://www.authorea.com/doi/pdf/10.22541/au.170667125.55077758,,,,PPR,N,N,N,,,oa_pdf
https://openalex.org/W4391583276,10.11626/kjeb.2023.41.4.608,Morphology and molecular phylogeny of harmful dinoflagellate &lt;i&gt;Pseudocochlodinium profundisulcus&lt;/i&gt; from Korean coastal area,2023,article,false,closed,,,,,,,,,,,paywalled
https://openalex.org/W4391602828,10.47328/ufvbbt.2023.522,Shedding light on the fungal darkness: cave fungi from the Southern Espinhaço mountain range of Minas Gerais,2023,dissertation,true,green,https://locus.ufv.br//handle/123456789/32112,,,,,,,,,,oa_pdf
https://openalex.org/W4391842682,10.26496/bjz.2024.118,Intraspecific morphological and genetic variation in South African populations of a polystomatid flatworm parasite,2024,article,true,diamond,https://belgianjournalofzoology.eu/index.php/BJZ/article/download/118/198,cc-by,,,,,,,,,oa_pdf
https://openalex.org/W4391845253,10.21203/rs.3.rs-3896148/v1,Update on the taxonomy of Clavulina in China II: description of four new species from Hainan Island.,2024,preprint,true,green,https://www.researchsquare.com/article/rs-3896148/latest.pdf,cc-by,,,PPR,N,N,N,,,oa_pdf
https://openalex.org/W4392245041,10.1016/j.jcz.2024.02.002,"Callainireinwardtia Savage (Diptera, Muscidae) is a Cyrtoneurininae of uncertain position: Systematics and description of a new species from Brazil",2024,article,false,closed,,,,,,,,,,,paywalled
https://openalex.org/W4392551013,10.1016/j.aspen.2024.102223,"Phylogenetic study about Korean Asobara Foerster (Hymenoptera: Braconidae: Alysiinae) species, with description of a new species",2024,article,false,closed,,,,,,,,,,,paywalled
https://openalex.org/W4392633680,10.1101/2024.03.08.584182,Analyses of <i>Xenorhabdus griffiniae</i> genomes reveal two distinct sub-species that display intra-species variation due to prophages,2024,preprint,true,green,https://www.biorxiv.org/content/biorxiv/early/2024/03/09/2024.03.08.584182.full.pdf,cc-by,,,PPR,N,N,N,,,oa_pdf
https://openalex.org/W4392663455,10.21203/rs.3.rs-4019244/v1,Pseudoplagiostoma perseae sp. nov. causes leaf spot disease on avocado leaves in Taiwan,2024,preprint,true,green,https://www.researchsquare.com/article/rs-4019244/latest.pdf,cc-by,,,PPR,N,N,N,,,oa_pdf
https://openalex.org/W4392699079,10.21203/rs.3.rs-3913079/v1,A new species of Anthopleura (Cnidaria: Anthozoa: Actiniaria) from the Mexican Pacific,2024,preprint,true,green,https://www.researchsquare.com/article/rs-3913079/latest.pdf,cc-by,,,PPR,N,N,N,,,oa_pdf
https://openalex.org/W4392817413,10.21203/rs.3.rs-4058013/v1,"Molecular phylogeny elucidates the taxonomy of Indian Dipcadi Medik. (Asparagaceae) and reveal a new species from the bank of Hiranyakeshi River, Maharashtra, India",2024,preprint,true,green,https://www.researchsquare.com/article/rs-4058013/latest.pdf,cc-by,,,PPR,N,N,N,,,oa_pdf
https://openalex.org/W4392859092,10.1600/036364423x17000842213605,"Three Newly Described Species of <i>Ziziphus</i> from Maharashtra, India Based on Morphological and Molecular Evidence",2023,article,false,closed,,,,,,,,,,,paywalled
https://openalex.org/W4394278300,10.6084/m9.figshare.16576097,Additional file 2 of Complete mitogenomes of Anopheles peditaeniatus and Anopheles nitidus and phylogenetic relationships within the genus Anopheles inferred from mitogenomes,2021,dataset,true,green,,cc-by,,,,,,,,,paywalled
https://openalex.org/W4394470415,10.6084/m9.figshare.21622613,Additional file 10 of Comparative analyses of three complete Primula mitogenomes with insights into mitogenome size variation in Ericales,2022,dataset,true,green,,cc-by,,,,,,,,,paywalled
https://openalex.org/W4396702395,10.11646/zootaxa.5447.3.7,"A new genus and one new species of the family Uristidae Hurley, 1963 (Amphipoda, Lysianassoidea) described from hydrothermal vent of the Okinawa Trough, NW pacific",2024,article,true,green,https://doi.org/10.11646/zootaxa.5447.3.7,,,39645821,MED,N,N,N,,,oa_pdf
https://openalex.org/W4398146001,10.1080/23802359.2024.2356133,"Mitochondrial genomic characteristics and phylogenetic analysis of a brewing fungus, <i>Rhizopus microsporus</i> Tiegh. 1875 (Mucorales: Rhizopodaceae)",2024,article,true,diamond,https://www.tandfonline.com/doi/pdf/10.1080/23802359.2024.2356133?needAccess=true,cc-by,PMC11107855,38774188,MED,Y,Y,Y,,https://www.ebi.ac.uk/europepmc/webservices/rest/article/PMC11107855/fullTextXML,pmc_xml
https://openalex.org/W4398241967,10.21203/rs.3.rs-4403036/v1,"Molecular phylogenetic reconstructions elucidate the taxonomy of Indian Dipcadi Medik. (Asparagaceae) and reveal a new species from the bank of Hiranyakeshi River, Maharashtra, India",2024,preprint,true,green,https://www.researchsquare.com/article/rs-4403036/latest.pdf,cc-by,,,PPR,N,N,N,,,oa_pdf
https://openalex.org/W4398250964,10.3897/zse.100.114758,"A new species of Eusirus Krøyer, 1845 (Amphipoda, Amphilochidea, Eusiridae) from the seamount of the Caroline Plate, with redescription of Meteusiroides keyensis Pirlot, 1934",2024,article,true,gold,https://zse.pensoft.net/article/114758/download/pdf/,cc-by,,,,,,,,,oa_pdf
https://openalex.org/W4399020716,10.1101/2024.05.22.595384,The phylogeny of Triticeae Dumort. (Poaceae): resolution and phylogenetic conflict based on a genome-wide selection of nuclear loci,2024,preprint,true,green,https://www.biorxiv.org/content/biorxiv/early/2024/05/24/2024.05.22.595384.full.pdf,,,,PPR,N,N,N,,,oa_pdf
https://openalex.org/W4399541430,10.1007/s00338-024-02517-5,Morphological convergence from independent crab lineages contributes to the flourishing symbiotic diversity between crabs and branching corals,2024,article,false,closed,,,,,,,,,,,paywalled
https://openalex.org/W4399682012,10.21203/rs.3.rs-4379775/v1,"Four new species of Chlorociboria from Yunnan, China",2024,preprint,true,green,https://www.researchsquare.com/article/rs-4379775/latest.pdf,cc-by,,,PPR,N,N,N,,,oa_pdf
https://openalex.org/W4399684733,10.1080/23802359.2024.2364756,Characterization and phylogenetic analysis of the complete mitochondrial genome of <i>Saccharomycopsis fibuligera</i> (lindner) Klocker 1907 (saccharomycetales: saccharomycopsidaceae),2024,article,true,diamond,http://dx.doi.org/10.1080/23802359.2024.2364756,cc-by,PMC11182061,38887218,MED,Y,Y,Y,,https://www.ebi.ac.uk/europepmc/webservices/rest/article/PMC11182061/fullTextXML,pmc_xml
https://openalex.org/W4400466661,10.2139/ssrn.4889292,Discosia Brasiliensis Causing Discosia Leaf Blight on Tea Plant (Camellia Sinensis) in China,2024,preprint,true,green,http://dx.doi.org/10.2139/ssrn.4889292,,,,,,,,,,oa_pdf
https://openalex.org/W4400769261,10.2139/ssrn.4898987,Root Rot Disease of Polygala Crotalarioides Caused by Fusarium Oxysporum in China,2024,preprint,true,green,http://dx.doi.org/10.2139/ssrn.4898987,,,,,,,,,,oa_pdf
https://openalex.org/W4400936887,10.11646/zootaxa.5486.2.3,"Cryptic invasions of Pseudopolydora (Annelida: Spionidae), with description of a new species from Queensland, Australia",2024,article,true,green,http://publication.plazi.org/id/FE251C56FF89EC40FF87B31D0E5C5222,,,39646834,MED,N,N,N,,,oa_pdf
https://openalex.org/W4401081633,10.1007/s11557-024-01980-2,Update on the taxonomy of Clavulina in China I: description of three new species and one newly recorded species,2024,article,false,closed,,,,,,,,,,,paywalled
https://openalex.org/W4401338519,10.1127/nova_hedwigia/2024/0956,"New and interesting Laboulbeniales (Fungi, Ascomycota) from the Netherlands, II",2024,article,true,green,https://repository.naturalis.nl/pub/800726/Caenegem-2024_New_and_interesting_Laboulbeniales_Fungi_Ascomycota_from_the_Netherlands_II_105557-A.pdf,,,,,,,,,,oa_pdf
https://openalex.org/W4401385042,10.1007/s11557-024-01988-8,Update on the taxonomy of Clavulina in China II: description of four new species from Hainan Island,2024,article,false,closed,,,,,,,,,,,paywalled
https://openalex.org/W4401385589,10.15560/20.4.976,"First documented occurrence of Neoconidiobolus lachnodes (Drechsler) B. Huang &amp;amp; Y. Nie (Zoopagomycota, Entomophthorales) in central China",2024,article,true,gold,https://checklist.pensoft.net/article/126377/download/pdf/,cc-by,,,,,,,,,oa_pdf
https://openalex.org/W4401438620,10.1093/zoolinnean/zlae092,Molecular phylogeny of Trictenotomidae (Coleoptera: Tenebrionoidea): insights into species validation and biogeography of genus <i>Autocrates</i>,2024,article,true,green,http://publication.plazi.org/id/9D2AFF87883D913D8530FF8DFFED9B09,,,,,,,,,,oa_pdf
https://openalex.org/W4401546117,10.3897/mycokeys.107.125571,"Campanophyllum microsporum (Agaricales, Agaricomycetes), Calocera multiramosa, and Dacrymyces naematelioides (Dacrymycetales, Dacrymycetes), three new species from Yunnan Province, southwestern China",2024,article,true,gold,https://mycokeys.pensoft.net/article/125571/download/pdf/,cc-by,PMC11336384,39169991,MED,Y,Y,Y,,https://www.ebi.ac.uk/europepmc/webservices/rest/article/PMC11336384/fullTextXML,pmc_xml
https://openalex.org/W4401556049,10.11646/zootaxa.5493.4.6,"Phylogenetic position, morphological data, call, and geographic distribution of the elusive treefrog Ololygon skuki (Hylidae: Hylinae: Scinaxini)",2024,article,true,green,https://hdl.handle.net/11449/298661,,,39646566,MED,N,N,N,,,oa_pdf
https://openalex.org/W4401670640,10.22541/au.172394784.48937067/v1,"The influence of the forest corridors to the north of the Andes on the diversification of the Bright-rumped Attila, Attila spadiceus (Passeriformes, Tyrannidae), during the climatic oscillations of the middle Pleistocene",2024,preprint,true,gold,https://www.authorea.com/doi/pdf/10.22541/au.172394784.48937067,,,,PPR,N,N,N,,,oa_pdf
https://openalex.org/W4402170923,10.1093/isd/ixae017,Discovery in leaf litter: uncovering the systematics of <i>Porcelloderes</i> (Heteroptera: Reduviidae: Phimophorinae),2024,article,false,closed,,,,,,,,,,,paywalled
https://openalex.org/W4402375013,10.1080/14772000.2024.2383215,A Lankan invasion? An intriguing case of the presence of a Sri Lankan endemic skink on the southwestern Indian Coast,2024,article,true,green,https://mpra.ub.uni-muenchen.de/86350/4/MPRA_paper_86350.pdf,,,,,,,,,,oa_pdf
https://openalex.org/W4402413196,10.3390/d16090564,"Taxonomic Exploration of Rare Amphipods: A New Genus and Two New Species (Amphipoda, Iphimedioidea, Laphystiopsidae) Described from Seamounts in the Western Pacific",2024,article,true,gold,https://www.mdpi.com/1424-2818/16/9/564/pdf?version=1725963355,cc-by,,,,,,,,,oa_pdf
https://openalex.org/W4402434748,10.11646/zootaxa.5507.2.7,"A new species of stauromedusa, Calvadosia festivala (Cnidaria: Staurozoa: Kishinouyeidae) from India",2024,article,false,closed,,,,39646621,MED,N,N,N,,,paywalled
https://openalex.org/W4402675540,10.1016/j.micpath.2024.106972,Discosia brasiliensis causing Discosia leaf blight on tea plant (Camellia sinensis) in China,2024,article,false,closed,,,,39307199,MED,N,N,N,,,paywalled
https://openalex.org/W4402821220,10.21203/rs.3.rs-4934034/v1,Biogeographical origin of Andrographis Wall. ex Nees (Acanthaceae) in eastern peninsular India based on molecular phylogenetics,2024,preprint,true,green,https://www.researchsquare.com/article/rs-4934034/latest.pdf,cc-by,,,PPR,N,N,N,,,oa_pdf
https://openalex.org/W4402950560,10.1163/15685403-bja10373,"Heteronika paranesisi sp. nov. (Caridea, Pandalidae) from the Caroline Plate seamounts in the northwestern Pacific",2024,article,false,closed,,,,,,,,,,,paywalled
https://openalex.org/W4403084568,10.6620/zs.2024.63-04,"Morphology and Phylogenetic Position of the Sargassum Nudibranch <i>Scyllaea fulva</i> Quoy & Gaimard, 1824 (Nudibranchia: Scyllaeidae): First Record in Hong Kong.",2024,article,true,green,https://www.ncbi.nlm.nih.gov/pmc/articles/11443427,,PMC11443427,39355317,MED,Y,N,Y,,,oa_pdf
https://openalex.org/W4403112844,10.1643/h2024012,A New Species of the Scinax granulatus Group (Hylinae: Scinaxini) from Northeastern Brazil,2024,article,true,green,https://hdl.handle.net/11449/304534,,,,,,,,,,oa_pdf
https://openalex.org/W4403185571,10.1556/1777.2024.00050,"Taxonomy and evolution of the Canarian Issus Fabricius, 1803 (Hemiptera: Fulgoroidea: Issidae) based on morphological and molecular data",2024,article,true,diamond,https://doi.org/10.1556/1777.2024.00050,,,,,,,,,,oa_pdf
https://openalex.org/W4403200333,10.21203/rs.3.rs-5000235/v1,"Species diversity of genera Peronia, Wallaconchis and Onchidella (Gastropoda: Onchidiidae) in intertidal coral reef environments of the Ryukyu Islands",2024,preprint,true,green,https://www.researchsquare.com/article/rs-5000235/latest.pdf,cc-by,,,PPR,N,N,N,,,oa_pdf
https://openalex.org/W4403209426,10.1038/s41598-024-74218-6,Local patterns of spread of influenza A H3N2 virus in coastal Kenya over a 1-year period revealed through virus sequence data,2024,article,true,gold,https://www.nature.com/articles/s41598-024-74218-6.pdf,cc-by-nc-nd,PMC11461663,39379445,MED,Y,Y,Y,,https://www.ebi.ac.uk/europepmc/webservices/rest/article/PMC11461663/fullTextXML,pmc_xml
https://openalex.org/W4403412799,10.11646/zootaxa.5523.3.4,"A new species of the Genus Margattea (Blattodea: Pseudophyllodromiidae) from Yonaguni-jima Island, the Ryukyus, Japan",2024,article,false,closed,,,,39645932,MED,N,N,N,,,paywalled
https://openalex.org/W4403485432,10.3897/zookeys.1215.128795,"Phylogeography of the Colombian water snake Helicops danieli Amaral, 1938 (Reptilia, Squamata, Dipsadidae) with comments on the systematics and evolution of the genus Helicops Wagler, 1828",2024,article,true,gold,https://zookeys.pensoft.net/article/128795/download/pdf/,cc-by,PMC11502946,39464298,MED,Y,Y,Y,,https://www.ebi.ac.uk/europepmc/webservices/rest/article/PMC11502946/fullTextXML,pmc_xml
https://openalex.org/W4403902896,10.1007/s13127-024-00661-y,"Too many spines, or an integrative foundation of the Echiniscus spinulosus morphogroup (Heterotardigrada: Echiniscidae)",2024,article,true,hybrid,https://link.springer.com/content/pdf/10.1007/s13127-024-00661-y.pdf,cc-by,,,,,,,,,oa_pdf
https://openalex.org/W4404346244,10.36253/a_h-16188,"Phylogenetic placement of the Mount Bamboutos endemic skink, Trachylepis mekuana (Chirio and Ineich, 2001)",2024,article,true,diamond,https://oaj.fupress.net/index.php/ah/article/download/16188/13159,cc-by,,,,,,,,,oa_pdf
https://openalex.org/W4404376445,10.3390/plants13223199,"Chloroplast Genome and Description of Borodinellopsis insignis sp. nov. (Chlamydomonadales, Chlorophyta), a Rare Aerial Alga from China",2024,article,true,gold,https://doi.org/10.3390/plants13223199,cc-by,PMC11598102,39599408,MED,Y,Y,Y,,https://www.ebi.ac.uk/europepmc/webservices/rest/article/PMC11598102/fullTextXML,pmc_xml
https://openalex.org/W4404413397,10.1016/j.flora.2024.152641,The phylogenetic context of corolla symmetry in Canscora Lam. (Gentianaceae),2024,article,false,closed,,,,,,,,,,,paywalled
https://openalex.org/W4404597642,10.1080/00222933.2024.2415061,A remarkable new species of <i>Platystethynium</i> Ogloblin (Hymenoptera: Mymaridae) with apterous females from Italy,2024,article,true,green,http://publication.plazi.org/id/092B8926FF98FFFB5C4AFFE2E40D3D26,,,,,,,,,,oa_pdf
https://openalex.org/W4404597679,10.3897/bdj.12.e128970,"A new species of the genus Truncocolumella (Basidiomycota, Boletales) found in the Hengduan Mountains of China",2024,article,true,gold,https://bdj.pensoft.net/article/128970/download/pdf/,cc-by,PMC11605293,39619291,MED,Y,Y,Y,,https://www.ebi.ac.uk/europepmc/webservices/rest/article/PMC11605293/fullTextXML,pmc_xml
https://openalex.org/W4404616750,10.3897/bdj.12.e137989,"Paramirandina guttulata (Microthyriaceae, Microthyriales), a new lignicolous freshwater fungi from a plateau lake in Yunnan Province, China",2024,article,true,gold,https://bdj.pensoft.net/article/137989/download/pdf/,cc-by,PMC11607587,39619292,MED,Y,Y,Y,,https://www.ebi.ac.uk/europepmc/webservices/rest/article/PMC11607587/fullTextXML,pmc_xml
https://openalex.org/W4404722621,10.21203/rs.3.rs-5314107/v1,"Morphological and molecular variability of the species complex of Actinostella flosculifera (Le Sueur, 1817) (Cnidaria: Actiniaria: Actiniidae) across the western and eastern Atlantic Ocean: are there cryptic species involved?",2024,preprint,true,green,https://www.researchsquare.com/article/rs-5314107/latest.pdf,cc-by,,,PPR,N,N,N,,,oa_pdf
https://openalex.org/W4404912293,10.1515/mammalia-2024-0025,Filling gaps in the distribution of the Guianan broad-nosed bat (<i>Platyrrhinus guianensis</i>): an extension in distribution beyond the Guiana Shield,2024,article,false,closed,,,,,,,,,,,paywalled
https://openalex.org/W4405110503,10.17660/actahortic.2024.1414.8,Phylogenomics of Orchidaceae: concatenated and coalescent analyses of the plastomes provide different insights into orchid phylogeny,2024,article,false,closed,,,,,,,,,,,paywalled
https://openalex.org/W4405199756,10.1080/23802359.2024.2438275,The first complete mitochondrial genome of <i>Phellinus pomaceus</i> var. <i>prunastri</i> (Pers.) Pat. 1926 (Hymenochaetales: Hymenochaetaceae) and phylogenetic analysis,2024,article,true,diamond,https://doi.org/10.1080/23802359.2024.2438275,cc-by,PMC11632937,39664029,MED,Y,Y,Y,,https://www.ebi.ac.uk/europepmc/webservices/rest/article/PMC11632937/fullTextXML,pmc_xml
https://openalex.org/W4405383171,10.1080/23802359.2024.2439465,"The complete mitochondrial genome of <i>Phyllobrotica signata</i> (Mannerheim, 1825) (Coleoptera: Chrysomelidae: Galerucinae): characterization and phylogenetic implications",2024,article,true,diamond,https://doi.org/10.1080/23802359.2024.2439465,,PMC11648148,39687443,MED,Y,Y,Y,,https://www.ebi.ac.uk/europepmc/webservices/rest/article/PMC11648148/fullTextXML,pmc_xml
https://openalex.org/W4405507004,10.21769/bioprotoc.5008,Extraction of Orthologs from Genome-Sequencing Data for Phylogenetic Analysis,2024,article,true,diamond,https://doi.org/10.21769/bioprotoc.5008,cc-by-nc,,,,,,,,,oa_pdf
https://openalex.org/W4405661333,10.3897/mycokeys.111.136202,"Assigning Xiuguozhangia (genus incertae sedis) to Pseudoberkleasmiaceae (Dothideomycetes, Pleosporomycetidae, Pleosporales) and introducing X. broussonetiae as a novel species",2024,article,true,gold,https://mycokeys.pensoft.net/article/136202/download/pdf/,cc-by,PMC11681335,39735653,MED,Y,Y,Y,,https://www.ebi.ac.uk/europepmc/webservices/rest/article/PMC11681335/fullTextXML,pmc_xml
https://openalex.org/W4406080283,10.1016/j.rsma.2024.104009,Evolutionary history and population dynamics of a widespread mantis shrimp Oratosquilla oratoria: Evidence from mitogenomic analysis and species distribution modeling,2025,article,false,closed,,,,,,,,,,,paywalled
https://openalex.org/W4406136171,10.11646/phytotaxa.681.1.2,"Cryptocoryneum polyramosum sp. nov., associated with Camellia sinensis in Sichuan Province, China",2025,article,true,bronze,https://phytotaxa.mapress.com/pt/article/download/phytotaxa.681.1.2/52462,,,,,,,,,,oa_pdf
https://openalex.org/W4406213825,10.3897/evolsyst.9.142771,"The first DNA-supported record of Platicrista angustata (Eutardigrada, Hypsibiidae) from Germany and reply to Scheirer et al. (2024)",2025,article,true,gold,https://evolsyst.pensoft.net/article/142771/download/pdf/,cc-by,,,,,,,,,oa_pdf
https://openalex.org/W4406668631,10.1111/syen.12667,Molecular phylogeny of the tribe Luciini (Lepidoptera: Lycaenidae): systematics and life history evolution,2025,article,true,hybrid,https://onlinelibrary.wiley.com/doi/pdfdirect/10.1111/syen.12667,cc-by-nc-nd,,,,,,,,,oa_pdf
https://openalex.org/W4406925025,10.3114/sim.2024.110.02,A new family of ant-associated fungi in <i>Chaetothyriales</i>,2025,article,false,closed,,,,,,,,,,,paywalled
https://openalex.org/W4406966207,10.1093/jisesa/ieaf009,Multi-sample long-read nanopore sequencing of <i>Agabus bipustulatus</i> (Coleoptera: Dytiscidae: Agabinae) mitogenome produces effectively reliable data for downstream analyses,2025,article,true,gold,https://academic.oup.com/jinsectscience/article-pdf/25/1/9/61686515/ieaf009.pdf,cc-by-nc,PMC11780178,39882938,MED,Y,Y,Y,,https://www.ebi.ac.uk/europepmc/webservices/rest/article/PMC11780178/fullTextXML,pmc_xml
https://openalex.org/W4407209654,10.11646/zootaxa.5584.2.1,"Diversity and phylogenetic position of the amphi-American lineages of the tapeworms of the genus Anthocephalum Linton, 1890 (Rhinebothriidea: Anthocephaliidae)",2025,article,true,green,http://publication.plazi.org/id/FFA0FFF6FF98E6621A01FFE2FFDCFFDD,,,40174082,MED,N,N,N,,,oa_pdf
https://openalex.org/W4407278497,10.1080/12298093.2025.2457192,Phylogenetic and Taxonomic Study of <i>Asteroconium saccardoi</i> : A Fungal Species with Aster-shaped Spores Infecting <i>Machilus thunbergii</i>,2025,article,true,gold,https://doi.org/10.1080/12298093.2025.2457192,,PMC11841111,39980705,MED,Y,Y,Y,,https://www.ebi.ac.uk/europepmc/webservices/rest/article/PMC11841111/fullTextXML,pmc_xml
https://openalex.org/W4407652942,10.1101/2025.02.14.638241,Discovery of a Novel Double-Stranded DNA Virus Reveals its Long-term Co-evolution with Ants,2025,preprint,true,green,https://doi.org/10.1101/2025.02.14.638241,cc-by-nc-nd,,,PPR,N,N,N,,,oa_pdf
https://openalex.org/W4408184380,10.2139/ssrn.5168418,Detection of Fungal Trunk Pathogens from Wood Tissues and Pruning Wood Debris of Olive Trees in Iran,2025,preprint,true,green,https://doi.org/10.2139/ssrn.5168418,,,,,,,,,,oa_pdf
https://openalex.org/W4408524484,10.3897/mycokeys.115.145330,Unveiling Sordariomycetes taxa associated with woody litter in Northern Thailand,2025,article,true,gold,https://mycokeys.pensoft.net/article/145330/download/pdf/,cc-by,PMC11933910,40134631,MED,Y,Y,Y,,https://www.ebi.ac.uk/europepmc/webservices/rest/article/PMC11933910/fullTextXML,pmc_xml
https://openalex.org/W4408713298,10.1080/24701394.2025.2482202,"Description and characterization of the small mitochondrial genome of <i>Trichoderma cerinum</i> (Hypocreales, Hypocreaceae) and its evolutionary perspectives",2025,article,false,closed,,,,40116597,MED,N,N,N,,,paywalled
https://openalex.org/W4408748642,10.1002/tax.13329,"Diversity, taxonomic delimitation, and character evolution of the subfamily Makinoelloideae (Oocystaceae, Trebouxiophyceae, Chlorophyta)",2025,article,true,bronze,https://onlinelibrary.wiley.com/doi/pdfdirect/10.1002/tax.13329,,,,,,,,,,oa_pdf
https://openalex.org/W4408921875,10.1080/00275514.2025.2470793,"Identification and fungicide sensitivity of <i>Brunneomyces pennisetum</i> , a new species causing wilt disease of <i>Pennisetum purpureum × P. americanum</i> in southern China",2025,article,false,closed,,,,40145665,MED,N,N,N,,,paywalled
https://openalex.org/W4409433286,10.1017/s0025315425000372,"First record of <i>Goniadella gracilis</i> (Verrill, 1873) (Glyceriformia, Goniadidae) in the Italian waters",2025,article,false,closed,,,,,,,,,,,paywalled
https://openalex.org/W4409467766,10.2139/ssrn.5217525,First Report of Anthracnose Caused by Colletotrichum Species in Pachira Aquatica in Brazil,2025,preprint,true,green,https://doi.org/10.2139/ssrn.5217525,,,,,,,,,,oa_pdf
https://openalex.org/W4409774956,10.7717/peerj.19355,"A phylogeographic pattern of the trans-Palaearctic littoral water flea <i>Pleuroхus truncatus</i> (O.F. Müller, 1785) (Cladocera: Chydoridae)",2025,article,true,gold,https://peerj.com/articles/19355.pdf,cc-by,PMC12034245,40292101,MED,Y,Y,Y,,https://www.ebi.ac.uk/europepmc/webservices/rest/article/PMC12034245/fullTextXML,pmc_xml
https://openalex.org/W4409867939,10.7717/peerj.19168,"Redescription of four <i>Epiperipatus</i> species with an update on the distribution of <i>Epiperipatus acacioi</i> (Marcus &amp; Marcus, 1955)",2025,article,true,gold,https://doi.org/10.7717/peerj.19168,cc-by,PMC12045270,40313385,MED,Y,Y,Y,,https://www.ebi.ac.uk/europepmc/webservices/rest/article/PMC12045270/fullTextXML,pmc_xml
https://openalex.org/W4410208544,10.2139/ssrn.5246923,"Taxonomy and Systematics of Lepidodermella (Gastrotricha: Chaetonotidae): New Species, New Records, Neotype Designation and Molecular Data from Brazil",2025,preprint,true,green,https://doi.org/10.2139/ssrn.5246923,,,,,,,,,,oa_pdf
https://openalex.org/W4410248700,10.2139/ssrn.5247793,Seek and Describe: An Integrative Description of a New Species of Ornamentula (Gastrotricha: Paucitubulatina),2025,preprint,true,green,https://doi.org/10.2139/ssrn.5247793,,,,,,,,,,oa_pdf
https://openalex.org/W4410291394,10.1080/23802359.2025.2502477,"Complete mitochondrial genomes of the Perilla leaf moth, <i>Pyrausta phoenicealis</i> (Hübner, 1818) (Lepidoptera: Crambidae)",2025,article,true,diamond,https://doi.org/10.1080/23802359.2025.2502477,,PMC12077445,40371126,MED,Y,Y,Y,,https://www.ebi.ac.uk/europepmc/webservices/rest/article/PMC12077445/fullTextXML,pmc_xml
https://openalex.org/W4410307025,10.1080/23802359.2025.2500528,"The complete mitochondrial genomes of the freshwater mussel <i>Ortmanniana ligamentina</i> (Lamarck, 1819): male and female mitotypes",2025,article,true,diamond,https://doi.org/10.1080/23802359.2025.2500528,public-domain,PMC12077482,40371128,MED,Y,Y,Y,,https://www.ebi.ac.uk/europepmc/webservices/rest/article/PMC12077482/fullTextXML,pmc_xml
https://openalex.org/W4410449550,10.1002/ajp.70040,The Earliest Known Radiation of Pitheciine Primates,2025,review,true,hybrid,https://doi.org/10.1002/ajp.70040,cc-by,PMC12082270,40375807,MED,Y,Y,Y,,https://www.ebi.ac.uk/europepmc/webservices/rest/article/PMC12082270/fullTextXML,pmc_xml
https://openalex.org/W4410495421,10.3897/mycokeys.118.151514,"Two new species of Neohelicosporium (Tubeufiaceae, Tubeufiales) from freshwater and terrestrial habitats in China",2025,article,true,gold,https://mycokeys.pensoft.net/article/151514/download/pdf/,cc-by,PMC12107276,40438522,MED,Y,Y,Y,,https://www.ebi.ac.uk/europepmc/webservices/rest/article/PMC12107276/fullTextXML,pmc_xml
https://openalex.org/W4410519717,10.3390/plants14101531,Characterization of Fusarium Diversity and Head Microbiota Associated with Rice Spikelet Rot Disease,2025,article,true,gold,https://www.mdpi.com/2223-7747/14/10/1531/pdf?version=1747729030,cc-by,PMC12114772,40431096,MED,Y,Y,Y,,https://www.ebi.ac.uk/europepmc/webservices/rest/article/PMC12114772/fullTextXML,pmc_xml
https://openalex.org/W4410547155,10.1007/s00606-025-01950-5,"Morphological complexity disguises a natural hybrid of Euphorbia from the sandstone hills of Belagavi, India",2025,article,false,closed,,,,,,,,,,,paywalled
https://openalex.org/W4410720398,10.1080/23802359.2025.2509806,"Characterization and phylogenetic analysis of the complete mitochondrial genome of <i>Fomitopsis palustris</i> (Berk. &amp; M.A. Curtis) Gilb. &amp; Ryvarden, 1985 (Polyporales: Fomitopsidaceae)",2025,article,true,diamond,https://doi.org/10.1080/23802359.2025.2509806,cc-by,PMC12107645,40433467,MED,Y,Y,Y,,https://www.ebi.ac.uk/europepmc/webservices/rest/article/PMC12107645/fullTextXML,pmc_xml
https://openalex.org/W4410876588,10.1016/j.cropro.2025.107296,Gray mold caused by Botrytis cinerea on Stemona japonica (BaiBu) in the Guizhou Province of China,2025,article,false,closed,,,,,,,,,,,paywalled
https://openalex.org/W4410903479,10.3897/imafungus.16.143796,"Emendation of morphology and infrageneric standards of Parasola (Psathyrellaceae, Agaricales) and its species diversity in China",2025,article,true,gold,https://imafungus.pensoft.net/article/143796/download/pdf/,cc-by,PMC12144557,40485957,MED,Y,Y,Y,,https://www.ebi.ac.uk/europepmc/webservices/rest/article/PMC12144557/fullTextXML,pmc_xml
https://openalex.org/W4411213561,10.3389/fpls.2025.1599564,Transcriptomic profiling reveals response mechanisms of Lactuca indica seedlings to seawater irrigation stress,2025,article,true,gold,https://www.frontiersin.org/journals/plant-science/articles/10.3389/fpls.2025.1599564/pdf,cc-by,PMC12188455,40567413,MED,Y,Y,Y,,https://www.ebi.ac.uk/europepmc/webservices/rest/article/PMC12188455/fullTextXML,pmc_xml
https://openalex.org/W4411216506,10.1098/rspb.2025.0407,Cretaceous entomopathogenic fungi illuminate the early evolution of insect <b>–</b> fungal associations,2025,article,false,closed,,,,40495814,MED,N,N,N,,,paywalled
https://openalex.org/W4411226697,10.1101/2025.06.09.658674,Organellar data sets confirm overall angiosperm relationships if problematic RNA-edit sites are accounted for in mitochondrial genomes,2025,preprint,true,green,https://www.biorxiv.org/content/biorxiv/early/2025/06/12/2025.06.09.658674.full.pdf,cc-by-nc-nd,,,PPR,N,N,N,,,oa_pdf
https://openalex.org/W4411265485,10.1016/j.cropro.2025.107314,"First report of anthracnose caused by Colletotrichum jiangxiense in Epimedium sagittatum (Sieb. et Zucc.) Maxim. from Guizhou Province, China",2025,article,false,closed,,,,,,,,,,,paywalled
https://openalex.org/W4411345871,10.3390/ijms26125714,Genomic Insights into Basal Diptera Phylogeny: The Non-Monophyletic Nature of Blephariceromorpha,2025,article,true,gold,https://www.mdpi.com/1422-0067/26/12/5714/pdf?version=1749884149,cc-by,PMC12192722,40565177,MED,Y,Y,Y,,https://www.ebi.ac.uk/europepmc/webservices/rest/article/PMC12192722/fullTextXML,pmc_xml
https://openalex.org/W4411347829,10.1093/botlinnean/boaf026,Phylogenetic insights into Indian <i>Eugenia</i> emphasizing the resolution of the position of the monotypic genus <i>Meteoromyrtus</i> (Myrtaceae),2025,article,false,closed,,,,,,,,,,,paywalled
https://openalex.org/W4411546422,10.1080/0028825x.2025.2495622,"A new entolomatoid species of <i>Rhodophana</i> (Entolomataceae, Agaricales) from Thailand",2025,article,false,closed,,,,,,,,,,,paywalled
https://openalex.org/W4411611738,10.3390/microorganisms13071459,"New Species, New Record, and Antagonistic Potential of Torula (Torulaceae, Pleosporales) from Jilin Province, China",2025,article,true,gold,https://www.mdpi.com/2076-2607/13/7/1459/pdf?version=1750692684,cc-by,PMC12300790,40731969,MED,Y,Y,Y,,https://www.ebi.ac.uk/europepmc/webservices/rest/article/PMC12300790/fullTextXML,pmc_xml
https://openalex.org/W4411673720,10.3390/ani15131891,"The Nariño Cat, the Tigrinas and Their Problematic Systematics and Phylogeography: The Real Story",2025,article,true,gold,https://doi.org/10.3390/ani15131891,cc-by,PMC12248488,40646789,MED,Y,Y,Y,,https://www.ebi.ac.uk/europepmc/webservices/rest/article/PMC12248488/fullTextXML,pmc_xml
https://openalex.org/W4411711111,10.1016/j.jcz.2025.06.004,"Milnesium (Tardigrada: Apochela) having elongated buccal tube from Mt. Yukikuradake (Toyama and Niigata prefecture, Japan)",2025,article,true,hybrid,https://doi.org/10.1016/j.jcz.2025.06.004,cc-by,,,,,,,,,oa_pdf
https://openalex.org/W4411897630,10.1080/12298093.2025.2518787,Overview of the Genus <i>Pseudocercospora</i> on Vitaceous Plants in Korea with Introduction of <i>Pseudocercospora neovitis</i> sp. nov.,2025,review,true,gold,https://doi.org/10.1080/12298093.2025.2518787,,PMC12217106,40606409,MED,Y,Y,Y,,https://www.ebi.ac.uk/europepmc/webservices/rest/article/PMC12217106/fullTextXML,pmc_xml
https://openalex.org/W4412095702,10.1002/ece3.71716,Regional Climate Drives Spatial Variation in Species Richness in the Most Diverse Family of Neotropical Snakes (Colubroidea: Dipsadidae),2025,article,true,gold,https://doi.org/10.1002/ece3.71716,cc-by,PMC12230370,40625336,MED,Y,Y,Y,,https://www.ebi.ac.uk/europepmc/webservices/rest/article/PMC12230370/fullTextXML,pmc_xml
https://openalex.org/W4412476648,10.1038/s41598-025-08793-7,"Multilocus phylogeny and phylogeographical patterns suggest the need for a comprehensive revision of the systematics of Stelliferinae Sasaki, 1989 (Sciaenidae, Acanthuriformes)",2025,article,true,gold,https://www.nature.com/articles/s41598-025-08793-7.pdf,cc-by-nc-nd,PMC12267589,40670448,MED,Y,Y,Y,,https://www.ebi.ac.uk/europepmc/webservices/rest/article/PMC12267589/fullTextXML,pmc_xml
https://openalex.org/W4412587135,10.1007/s10682-025-10349-0,The size of hoverfly mimics relative to their models and its implications for the evolution of mimicry,2025,article,false,closed,,,,,,,,,,,paywalled
https://openalex.org/W4412617535,10.1071/is25029,Phylogeny and evolution of male genitalia in Withiidae (Arachnida: Pseudoscorpiones),2025,article,false,closed,,,,40977157,MED,N,N,N,,,paywalled
https://openalex.org/W4412728269,10.3897/imafungus.16.150451,Phylogenetic and evolutionary insights from 30 newly-assembled Onygenales Mitochondrial Genomes: co-evolution of introns and HEGs shapes mitogenome size variation,2025,article,true,gold,https://imafungus.pensoft.net/article/150451/download/pdf/,cc-by,PMC12290462,40717938,MED,Y,Y,Y,,https://www.ebi.ac.uk/europepmc/webservices/rest/article/PMC12290462/fullTextXML,pmc_xml
https://openalex.org/W4412845882,10.1093/biolinnean/blaf035,Beetle in the hay: investigating the molecular phylogeny and geometric morphometrics of the genus <i>Pedinus</i> (Coleoptera: Tenebrionidae) in Greece,2025,article,false,closed,,,,,,,,,,,paywalled
https://openalex.org/W4412853011,10.1111/zsc.70006,Long‐Distance Dispersal Explains the Contemporary Distribution of a Peninsular Indian Endemic Skink,2025,article,true,bronze,https://onlinelibrary.wiley.com/doi/pdfdirect/10.1111/zsc.70006,,,,,,,,,,oa_pdf
https://openalex.org/W4412908674,10.1094/pdis-09-24-2013-sr,Characterization of <i>Pestalotiopsis</i> Species Causing Black Leaf Spot on Italian Ryegrass in Southwestern China,2025,article,false,closed,,,,41980335,MED,N,N,N,,,paywalled
https://openalex.org/W4412999482,10.1111/1748-5967.70057,Complete Mitochondrial Genome of <scp><i>Tropilaelaps mercedesae</i></scp> (Acari: Laelapidae): Genomic Comparison and Phylogenetic Inference in the Dermanyssoidea Superfamily,2025,article,false,closed,,,,,,,,,,,paywalled
https://openalex.org/W4413000786,10.2139/ssrn.5380990,"Three New Species of the Centipede Newportia Gervais, 1847 (Scolopendromorpha, Scolopocryptopidae, Newportiinae) from the Central South America, with Remarks on the Discovery of Several Lineages within Newportia (Tidops) Balzanii Silvestri",2025,preprint,true,green,https://doi.org/10.2139/ssrn.5380990,,,,,,,,,,oa_pdf
https://openalex.org/W4413225883,10.3390/agriculture15161721,Diversity and Spatial Distribution of Phytopathogenic Fungi as Biological Control Agents for Goosegrass (Eleusine indica),2025,article,true,gold,https://www.mdpi.com/2077-0472/15/16/1721/pdf?version=1754729731,cc-by,,,,,,,,,oa_pdf
https://openalex.org/W4413310940,10.1111/zsc.70009,"Evolution of Mayflies (Ephemeroptera) Across the Palearctic Mountains: The Biogeographical Links Between the Caucasus and Adjacent Ranges, Central Asia and the Himalayas",2025,article,true,hybrid,https://onlinelibrary.wiley.com/doi/pdfdirect/10.1111/zsc.70009,cc-by-nc-sa,,,,,,,,,oa_pdf
https://openalex.org/W4413374128,10.1111/zsc.70015,"The Large Carpenter Bees (<i>Xylocopa</i>, Apidae) of the Neotropical Region: Phylogenetics, Classification and Biogeography",2025,article,true,hybrid,https://onlinelibrary.wiley.com/doi/pdfdirect/10.1111/zsc.70015,cc-by,,,,,,,,,oa_pdf
https://openalex.org/W4413397990,10.3897/mycokeys.121.155432,"Species diversity and systematic taxonomy of Sarcosomataceae (Ascomycota, Pezizales), with an emphasis on subtropical regions of China",2025,article,true,gold,https://mycokeys.pensoft.net/article/155432/download/pdf/,cc-by,PMC12395190,40895208,MED,Y,Y,Y,,https://www.ebi.ac.uk/europepmc/webservices/rest/article/PMC12395190/fullTextXML,pmc_xml
https://openalex.org/W4413399947,10.1111/zsc.70007,"An Integrative Approach With Cytogenetic and Molecular Data of the Leaf‐Cutting Ant <i>Acromyrmex hystrix</i> (Latreille, 1802) Highlights a Notably Derived Karyotype in the Genus",2025,article,true,green,https://hal.science/hal-05468439,,,,,,,,,,oa_pdf
https://openalex.org/W4413402951,10.7717/peerj.19870,"Evaluating <i>COI</i> and ITS2 dual barcoding for molecular delimitation and taxonomic insights in <i>Arenosetella</i> Wilson, 1932 (Harpacticoida: Ectinosomatidae) along Turkish Coasts",2025,article,true,gold,https://peerj.com/articles/19870.pdf,cc-by,PMC12375299,40860682,MED,Y,Y,Y,,https://www.ebi.ac.uk/europepmc/webservices/rest/article/PMC12375299/fullTextXML,pmc_xml
https://openalex.org/W4413408492,10.3897/mycokeys.121.158160,"Two new species of Stilbochaeta (Chaetosphaeriaceae, Chaetosphaeriales) from freshwater and terrestrial habitats in China",2025,article,true,gold,https://mycokeys.pensoft.net/article/158160/download/pdf/,cc-by,PMC12395187,40895207,MED,Y,Y,Y,,https://www.ebi.ac.uk/europepmc/webservices/rest/article/PMC12395187/fullTextXML,pmc_xml
https://openalex.org/W4413480740,10.3390/fermentation11090494,Preliminary Genetic and Physiological Characterization of Starmerella magnoliae from Spontaneous Mead Fermentation in Patagonia,2025,article,true,gold,https://www.mdpi.com/2311-5637/11/9/494/pdf?version=1756027449,cc-by,,,,,,,,,oa_pdf
https://openalex.org/W4413509287,10.1111/cla.70008,Marine and inland biogeographical processes shaped Earth's singular brackish biodiversity hotspot,2025,article,false,closed,,,,40853735,MED,N,N,N,,,paywalled
https://openalex.org/W4413642725,10.1655/herpetologica-d-24-00060,A New Species of the Scinax eurydice Group (Anura: Hylidae: Scinaxini) from the Amazonian Forests of Northern Peru,2025,article,false,closed,,,,,,,,,,,paywalled
https://openalex.org/W4413643205,10.1655/herpetologica-d-24-00061,A New Species of the Atlantic Forest Endemic Genus Paratelmatobius (Anura: Leptodactylidae: Paratelmatobiinae) with a Reappraisal of the Advertisement Calls in the Genus,2025,article,true,green,https://hdl.handle.net/11449/313297,,,,,,,,,,oa_pdf
https://openalex.org/W4413805000,10.1186/s12879-025-11442-z,"Epidemiological dynamics of influenza B virus across multiple seasons in Kenya and Uganda inferred from sequence data, 2010–2021",2025,article,true,gold,https://bmcinfectdis.biomedcentral.com/counter/pdf/10.1186/s12879-025-11442-z,cc-by-nc-nd,PMC12395813,40883700,MED,Y,Y,Y,,https://www.ebi.ac.uk/europepmc/webservices/rest/article/PMC12395813/fullTextXML,pmc_xml
https://openalex.org/W4413991489,10.3897/zse.101.157306,"Systematics of Stenocercus chrysopygus Boulenger, 1900 (Squamata, Tropiduridae) species complex using genetic and morphological evidence",2025,article,true,gold,https://zse.pensoft.net/article/157306/download/pdf/,cc-by,,,,,,,,,oa_pdf
https://openalex.org/W4414019422,10.3897/mycokeys.122.161224,"Additions to woody litter fungi of Byssosphaeria, Phaeoseptum and Pseudothyridariella (Pleosporales, Ascomycota) from China",2025,article,true,gold,https://mycokeys.pensoft.net/article/161224/download/pdf/,cc-by,PMC12432522,40951766,MED,Y,Y,Y,,https://www.ebi.ac.uk/europepmc/webservices/rest/article/PMC12432522/fullTextXML,pmc_xml
https://openalex.org/W4414042114,10.1094/phyto-05-25-0157-r,Multi-Omics Profiling Unveils Antifungal Secondary Metabolites Mediating <i>Epicoccum layuense</i> LQ's Biocontrol Efficacy Against <i>Colletotrichum fructicola</i>,2025,article,false,closed,,,,40914904,MED,N,N,N,,,paywalled
https://openalex.org/W4414085373,10.1093/g3journal/jkaf208,"De novo assembled nuclear, chloroplast, and mitochondrial genomes show high intraspecific variation in the tropical rainforest species <i>Symphonia globulifera</i>",2025,article,true,gold,https://academic.oup.com/g3journal/advance-article-pdf/doi/10.1093/g3journal/jkaf208/64234916/jkaf208.pdf,cc-by,PMC12611251,40927848,MED,Y,Y,Y,,https://www.ebi.ac.uk/europepmc/webservices/rest/article/PMC12611251/fullTextXML,pmc_xml
https://openalex.org/W4414091566,10.3390/d17090637,A New Species of the Genus Pseudoparamenexenus (Phasmatodea: Lonchodidae: Necrosciinae) and Its Phylogenetic Relationships,2025,article,true,gold,https://www.mdpi.com/1424-2818/17/9/637/pdf?version=1757507523,cc-by,,,,,,,,,oa_pdf
https://openalex.org/W4414109983,10.1080/00275514.2025.2516370,"A revised circumscription of Marthamycetales based on a complete sampling of the types of genera, Propoliaceae, fam. nov., and placement of <i>Cryptomycina pteridis</i> in Leotiomycetes",2025,article,false,closed,,,,40929422,MED,N,N,N,,,paywalled
https://openalex.org/W4414121456,10.3897/mycokeys.122.161816,"Morpho-phylogenetic evidence reveals novel species and new records of Torula (Torulaceae, Pleosporales) from medicinal plants in China",2025,article,true,gold,https://mycokeys.pensoft.net/article/161816/download/pdf/,cc-by,PMC12447081,40980478,MED,Y,Y,Y,,https://www.ebi.ac.uk/europepmc/webservices/rest/article/PMC12447081/fullTextXML,pmc_xml
https://openalex.org/W4414149271,10.36253/phyto-16049,First report of Biscogniauxia mediterranea causing cankers on almond trees (Prunus dulcis),2025,article,true,gold,https://oajournals.fupress.net/index.php/pm/article/download/16049/15168,cc-by,,,,,,,,,oa_pdf
https://openalex.org/W4414154200,10.3897/mycokeys.122.153767,Morphology and phylogeny reveal two new species of pestalotioid fungi associated with hawthorn in Northeast China,2025,article,true,gold,https://mycokeys.pensoft.net/article/153767/download/pdf/,cc-by,PMC12447080,40980474,MED,Y,Y,Y,,https://www.ebi.ac.uk/europepmc/webservices/rest/article/PMC12447080/fullTextXML,pmc_xml
https://openalex.org/W4414159718,10.1016/j.hal.2025.102945,"Genotypic diversity and growth responses to temperature and salinity variations of Coolia malayensis (Gonyaulacales, Dinophyceae) in Chinese coastal waters",2025,article,true,hybrid,https://doi.org/10.1016/j.hal.2025.102945,cc-by-nc-nd,,40935531,MED,N,N,N,,,oa_pdf
https://openalex.org/W4414168760,10.1002/jobm.70102,"Identification and Genome Analysis of <i>Clonostachys reniana</i> , a Novel Mycoparasitic Fungal Species",2025,article,false,closed,,,,40947941,MED,N,N,N,,,paywalled
https://openalex.org/W4414243583,10.3897/mycokeys.122.164339,"Two novel species of Neomonodictys and Phaeoisaria (Pleurotheciaceae, Pleurotheciales) from freshwater habitats in China",2025,article,true,gold,https://mycokeys.pensoft.net/article/164339/download/pdf/,cc-by,PMC12457910,41001581,MED,Y,Y,Y,,https://www.ebi.ac.uk/europepmc/webservices/rest/article/PMC12457910/fullTextXML,pmc_xml
https://openalex.org/W4414284529,10.1128/jvi.01178-25,Discovery of a novel double-stranded DNA virus associated with ant labial gland disease reveals its long-term interaction with ants,2025,article,true,diamond,https://doi.org/10.1128/jvi.01178-25,cc-by,PMC12548425,40960313,MED,Y,Y,Y,,https://www.ebi.ac.uk/europepmc/webservices/rest/article/PMC12548425/fullTextXML,pmc_xml
https://openalex.org/W4414328373,10.3897/mycokeys.122.164540,Morphological and multi-gene phylogenetic analyses reveal Nigrellomyces gen. nov. and one new species in Pleurotheciaceae from China,2025,article,true,gold,https://doi.org/10.3897/mycokeys.122.164540,cc-by,PMC12464557,41018912,MED,Y,Y,Y,,https://www.ebi.ac.uk/europepmc/webservices/rest/article/PMC12464557/fullTextXML,pmc_xml
https://openalex.org/W4414524760,10.1002/tax.70049,Phylogeny and chromosomal differentiation in Cestreae (Solanaceae),2025,article,false,closed,,,,,,,,,,,paywalled
https://openalex.org/W4414526594,10.3897/asp.83.e144844,A new perspective on the phylogeny of Polietina Schnabl &amp;amp; Dziedzicki (Diptera: Muscidae): integrating morphological and molecular evidence,2025,article,true,diamond,https://arthropod-systematics.arphahub.com/article/144844/download/pdf/,cc-by,,,,,,,,,oa_pdf
https://openalex.org/W4414529274,10.3897/zse.101.161784,"Redescriptions have consequences: biogeographic and conservation insights from the redescription of a widespread freshwater amphipod (Amphipoda, Gammaridae)",2025,article,true,gold,https://zse.pensoft.net/article/161784/download/pdf/,cc-by,,,,,,,,,oa_pdf
https://openalex.org/W4414643014,10.1007/s11557-025-02077-0,Paraphoma rubrobrunnea sp. nov. and Paraphoma cirsii sp. nov. from Cirsium species and biological characterization of their phytotoxins,2025,article,false,closed,,,,,,,,,,,paywalled
https://openalex.org/W4414778736,10.1038/s41598-025-17679-7,Integrative taxonomy elucidates phylogenetic position of a clawless African eutardigrade (Tardigrada) supporting the erection of a new genus,2025,article,true,gold,https://www.nature.com/articles/s41598-025-17679-7.pdf,cc-by,PMC12494984,41044180,MED,Y,Y,Y,,https://www.ebi.ac.uk/europepmc/webservices/rest/article/PMC12494984/fullTextXML,pmc_xml
https://openalex.org/W4415009161,10.1371/journal.pone.0332412,"Evolutionary history of the snooks: Phylogeny, biogeography and diversification of the genus Centropomus",2025,article,true,gold,https://doi.org/10.1371/journal.pone.0332412,cc-by,PMC12510552,41066314,MED,Y,Y,Y,,https://www.ebi.ac.uk/europepmc/webservices/rest/article/PMC12510552/fullTextXML,pmc_xml
https://openalex.org/W4415060353,10.1016/j.cropro.2025.107444,Identification and characterization of Colletotrichum boninense causing anthracnose on Epimedium sagittatum in China,2025,article,false,closed,,,,,,,,,,,paywalled
https://openalex.org/W4415067228,10.3897/zookeys.1255.161942,"Euroscaptor darwini sp. nov., a new species of mole (Mammalia, Eulipotyphla, Talpidae) from the north-central mountains in Vietnam",2025,article,true,gold,https://zookeys.pensoft.net/article/161942/download/pdf/,cc-by,PMC12534793,41113183,MED,Y,Y,Y,,https://www.ebi.ac.uk/europepmc/webservices/rest/article/PMC12534793/fullTextXML,pmc_xml
https://openalex.org/W4415106061,10.3897/mycokeys.123.164006,"Morphological and phylogenetic analyses reveal Xenosporidesmiaceae fam. nov, with seven Xenosporidesmium species",2025,article,true,gold,https://mycokeys.pensoft.net/article/164006/download/pdf/,cc-by,PMC12538220,41127500,MED,Y,Y,Y,,https://www.ebi.ac.uk/europepmc/webservices/rest/article/PMC12538220/fullTextXML,pmc_xml
https://openalex.org/W4415210823,10.1016/j.jcz.2025.10.007,"Three new species of the centipede Newportia Gervais, 1847 (Scolopendromorpha, Scolopocryptopidae, Newportiinae) from central South America, with remarks on the discovery of several lineages within Newportia (Tidops) balzanii Silvestri",2025,article,false,closed,,,,,,,,,,,paywalled
https://openalex.org/W4415279108,10.1111/jbi.70074,Historical Drainage Evolution and Water Level Fluctuations in the African Great Lakes Shaped Phylogeny and Biogeography of Freshwater Gastropods,2025,article,true,hybrid,https://doi.org/10.1111/jbi.70074,cc-by,,,,,,,,,oa_pdf
https://openalex.org/W4415283553,10.3390/ani15203022,Genetic Diversity and Population Structure of Sika Deer (Cervus nippon) Inferred by mtDNA and Y-Chromosomal Genes,2025,article,true,gold,https://www.mdpi.com/2076-2615/15/20/3022/pdf,cc-by,PMC12561076,41153949,MED,Y,Y,Y,,https://www.ebi.ac.uk/europepmc/webservices/rest/article/PMC12561076/fullTextXML,pmc_xml
https://openalex.org/W4415295276,10.3897/vz.75.e159878,"Unearthing the names of burrowing frogs: The taxonomic status of the Chacoan populations of Leptodactylus fuscus (Schneider, 1799) (Anura: Leptodactylidae)",2025,article,true,diamond,https://vertebrate-zoology.arphahub.com/article/159878/download/pdf/,cc-by,,,,,,,,,oa_pdf
https://openalex.org/W4415296118,10.3897/mycokeys.123.164334,"Morphological and phylogenetic evidence reveals three new arthropod-associated species of Hypocreales (Clavicipitaceae, Bionectriaceae, and Myrotheciomycetaceae) from karst habitats in Guizhou, China",2025,article,true,gold,https://mycokeys.pensoft.net/article/164334/download/pdf/,cc-by,PMC12552844,41140783,MED,Y,Y,Y,,https://www.ebi.ac.uk/europepmc/webservices/rest/article/PMC12552844/fullTextXML,pmc_xml
https://openalex.org/W4415356344,10.3897/mycokeys.123.167930,"Morphological and phylogenetic analyses reveal two new species of Rhodoveronaea (Rhamphoriaceae, Rhamphoriales) from China",2025,article,true,gold,https://mycokeys.pensoft.net/article/167930/download/pdf/,cc-by,PMC12534790,41111949,MED,Y,Y,Y,,https://www.ebi.ac.uk/europepmc/webservices/rest/article/PMC12534790/fullTextXML,pmc_xml
https://openalex.org/W4415377250,10.3390/d17100736,A Sea Anemone Once Thought to Be Invasive in Argentina Is Native to the Southern Atlantic Coast,2025,article,true,gold,https://www.mdpi.com/1424-2818/17/10/736/pdf?version=1761042465,cc-by,,,,,,,,,oa_pdf
https://openalex.org/W4415431039,10.1111/cla.70007,New evidence for an old acquaintance: <i>Neoprocoela edentata</i> from the Oligocene of central Patagonia is the oldest species of <i>Nannophryne</i> (Anura: Bufonidae),2025,article,true,bronze,https://onlinelibrary.wiley.com/doi/pdfdirect/10.1111/cla.70007,,,41123374,MED,N,N,N,,,oa_pdf
https://openalex.org/W4415476717,10.3897/mycokeys.124.168385,"Morphological and phylogenetic analyses reveal two new species of Camporesiomyces (Tubeufiaceae, Tubeufiales) from terrestrial habitats in China",2025,article,true,gold,https://mycokeys.pensoft.net/article/168385/download/pdf/,cc-by,PMC12576476,41179844,MED,Y,Y,Y,,https://www.ebi.ac.uk/europepmc/webservices/rest/article/PMC12576476/fullTextXML,pmc_xml
https://openalex.org/W4415609111,10.1007/s42995-025-00327-4,"Species-specific marker development for accurate identification of three red algae (Grateloupia asiatica, Pachymeniopsis lanceolata and Polyopes affinis) based on complete organelle genomes",2025,article,true,hybrid,https://link.springer.com/content/pdf/10.1007/s42995-025-00327-4.pdf,cc-by,PMC12662926,41322260,MED,Y,Y,Y,,https://www.ebi.ac.uk/europepmc/webservices/rest/article/PMC12662926/fullTextXML,pmc_xml
https://openalex.org/W4415625776,10.3390/agronomy15112502,"The Identification, Characterization, and Fungicide Sensitivity of Leptosphaerulina trifolii Causing Didymellaceae Leaf Spot of Elymus Plants in China",2025,article,true,gold,https://www.mdpi.com/2073-4395/15/11/2502/pdf?version=1761663473,cc-by,,,,,,,,,oa_pdf
https://openalex.org/W4415819867,10.3390/d17110762,"Cordyceps biarmica sp. nov., an Entomopathogenic Fungus from Boreal Forests of North European Russia",2025,article,true,gold,https://www.mdpi.com/1424-2818/17/11/762/pdf?version=1762140734,cc-by,,,,,,,,,oa_pdf
https://openalex.org/W4416235643,10.1007/s10592-025-01732-z,"Saving what’s left: conservation genomics of Plethobasus, a critically endangered genus of freshwater mussel",2025,article,true,hybrid,https://link.springer.com/content/pdf/10.1007/s10592-025-01732-z.pdf,cc-by,,,,,,,,,oa_pdf
https://openalex.org/W4416293329,10.1111/cla.70018,On a recent phylogenetic reanalysis of Sphaenorhynchini (Anura: Hylidae: Hylinae): Does it all come down to the method?,2025,article,false,closed,,,,41243423,MED,N,N,N,,,paywalled
https://openalex.org/W4416459569,10.1155/jzs/9912359,"Shallow Waters, Deep Divergence: Epigean Amphipods Utilize Shallow Hyporheic Habitats in the Western Allegheny Plateau",2025,article,true,diamond,https://onlinelibrary.wiley.com/doi/pdfdirect/10.1155/jzs/9912359,cc-by,,,,,,,,,oa_pdf
https://openalex.org/W4416501387,10.3897/subtbiol.54.168846,"Gateways to the underworld: molecular phylogenetic analyses identify patterns of groundwater fauna and two new species of hypogean Hyalella Smith, 1874 (Amphipoda, Hyalellidae) from the northern Mojave Desert",2025,article,true,diamond,https://subtbiol.pensoft.net/article/168846/download/pdf/,cc-by,,,,,,,,,oa_pdf
https://openalex.org/W4416501396,10.3897/mycokeys.125.168897,"Penicillium and Talaromyces diversity in cystic fibrosis patient sample and the description of a new species, Penicillium subluteum sp. nov. (Eurotiales, Aspergillaceae)",2025,article,true,gold,https://mycokeys.pensoft.net/article/168897/download/pdf/,cc-by,PMC12663725,41324062,MED,Y,Y,Y,,https://www.ebi.ac.uk/europepmc/webservices/rest/article/PMC12663725/fullTextXML,pmc_xml
https://openalex.org/W4416912758,10.3897/mycokeys.126.168652,"Three new species of Ochrolechia (Ochrolechiaceae, Pertusariales) from Guizhou Province, China",2025,article,true,gold,https://doi.org/10.3897/mycokeys.126.168652,cc-by,PMC12690386,41383660,MED,Y,Y,Y,,https://www.ebi.ac.uk/europepmc/webservices/rest/article/PMC12690386/fullTextXML,pmc_xml
https://openalex.org/W4416996272,10.3897/mycokeys.126.174148,"Novel Helicotubeufia and Tubeufia (Tubeufiaceae, Tubeufiales) species from terrestrial habitats in Hainan Province, China",2025,article,true,gold,https://mycokeys.pensoft.net/article/174148/download/pdf/,cc-by,PMC12699344,41395224,MED,Y,Y,Y,,https://www.ebi.ac.uk/europepmc/webservices/rest/article/PMC12699344/fullTextXML,pmc_xml
https://openalex.org/W4417088608,10.1080/21501203.2025.2569933,Exploring the dominant endophytic pleosporalean fungi in <i>Poaceae</i> plants: taxonomic novelties within the suborder <i>Massarineae</i>,2025,article,true,gold,https://doi.org/10.1080/21501203.2025.2569933,cc-by,,,,,,,,,oa_pdf
https://openalex.org/W4417105109,10.1007/s11802-026-6197-8,Comparative Analysis Provides Insights into the Phylogeny of Chamidae (Bivalvia: Veneroida) Through a Mitogenomic Approach,2025,article,false,closed,,,,,,,,,,,paywalled
https://openalex.org/W4417351144,10.1002/arch.70119,Paradoxical Evolution of <i>Apis mellifera</i> Mitogenomes: Deviation From the Mutation‐Selection‐Drift Balance,2025,article,true,bronze,https://onlinelibrary.wiley.com/doi/pdfdirect/10.1002/arch.70119,,,41398568,MED,N,N,N,,,oa_pdf
https://openalex.org/W4417434065,10.3897/imafungus.16.167717,Discoveries of Dothideomycetes (Fungi) associated with pteridophytes in China,2025,article,true,gold,https://doi.org/10.3897/imafungus.16.167717,cc-by,PMC12739469,41458571,MED,Y,Y,Y,,https://www.ebi.ac.uk/europepmc/webservices/rest/article/PMC12739469/fullTextXML,pmc_xml
https://openalex.org/W7106277198,10.2139/ssrn.5779309,Efficient Lipid Production from Macrofilamentous Alga Vaucheria hamata FACHB-3853,2025,preprint,true,green,https://doi.org/10.2139/ssrn.5779309,,,,,,,,,,oa_pdf
https://openalex.org/W7108228162,10.1007/s12041-025-01517-w,"Characterization and phylogenetic analysis of the mitochondrial genome of Amatitlania nigrofasciata (Günther, 1867)",2025,article,false,closed,,,,,,,,,,,paywalled
https://openalex.org/W7109061272,10.1155/jzs/9987020,Multilocus Molecular Phylogeny Brings Insight Into Systematics and Evolution of Genus <i>Tridentiger</i> (Teleostei: Gobiiformes),2025,article,true,diamond,https://onlinelibrary.wiley.com/doi/pdfdirect/10.1155/jzs/9987020,cc-by,,,,,,,,,oa_pdf
https://openalex.org/W7115019781,10.2139/ssrn.5915444,Identification of Two Trichoderma  Species Exhibiting Nematicidal Activity and the Ability to Utilize Crop Residues,2025,preprint,true,green,https://doi.org/10.2139/ssrn.5915444,,,,,,,,,,oa_pdf
https://openalex.org/W7117897453,10.1016/j.ympev.2025.108528,"Integrative phylogenetics and geography unveil Quaternary diversification and mitochondrial-nuclear discordance in Odorrana schmackeri sensu lato (Anura, Ranidae): Roles of Qinghai-Tibetan uplift, climate oscillations, and asymmetric gene flow",2026,article,false,closed,,,,41483887,MED,N,N,N,,,paywalled
https://openalex.org/W7118651887,10.1186/s12870-025-08035-y,Covariation in reproductive investment between sterile and fertile sex organs contributes to sterile stamens persistence in cryptically dioecious Actinidia,2026,article,true,gold,https://doi.org/10.1186/s12870-025-08035-y,cc-by-nc-nd,PMC12882231,41507772,MED,Y,Y,Y,,https://www.ebi.ac.uk/europepmc/webservices/rest/article/PMC12882231/fullTextXML,pmc_xml
https://openalex.org/W7119515538,10.3897/imafungus.17.175874,The distribution and evolution of muscarine and the ibotenic acid biosynthetic gene cluster within the genus Amanita section Amanita revealed by phylogenomics,2026,article,true,gold,https://doi.org/10.3897/imafungus.17.175874,cc-by,PMC12811753,41551105,MED,Y,Y,Y,,https://www.ebi.ac.uk/europepmc/webservices/rest/article/PMC12811753/fullTextXML,pmc_xml
https://openalex.org/W7120144460,10.1111/jbi.70130,"The Florida Peninsula as an Engine of Estuarine Evolution: Insights From <i>Gammarus daiberi</i> Bousfield, 1969 (Crustacea: Amphipoda)",2026,article,true,bronze,https://onlinelibrary.wiley.com/doi/pdfdirect/10.1111/jbi.70130,,,,,,,,,,oa_pdf
https://openalex.org/W7124162046,10.3897/imafungus.17.177411,"New sordarialean lineage Garciamycella chlamydospora (Sordariales, Schizotheciaceae) produces rare antifungal papulacandins",2026,article,true,gold,https://imafungus.pensoft.net/article/177411/download/pdf/,cc-by,PMC12824588,41584736,MED,Y,Y,Y,,https://www.ebi.ac.uk/europepmc/webservices/rest/article/PMC12824588/fullTextXML,pmc_xml
https://openalex.org/W7124265981,10.59717/j.xinn-life.2026.100197,How a fungal order &lt;i&gt;Hymenochaetales&lt;/i&gt; diversified in China inferred from its spatiotemporal pattern,2026,article,true,diamond,https://doi.org/10.59717/j.xinn-life.2026.100197,cc-by,,,,,,,,,oa_pdf
https://openalex.org/W7124468893,10.1186/s12864-026-12534-z,The phylogeny and evolution of blow flies (Diptera: Calliphoridae) from the perspective of mitogenomics,2026,article,true,gold,https://doi.org/10.1186/s12864-026-12534-z,cc-by-nc-nd,PMC12892450,41545964,MED,Y,Y,Y,,https://www.ebi.ac.uk/europepmc/webservices/rest/article/PMC12892450/fullTextXML,pmc_xml
https://openalex.org/W7124612564,10.1007/s10531-025-03244-1,Autochthonous microorganisms of a soil contaminated by polycyclic aromatic hydrocarbons: allies or silent threats?,2026,article,false,closed,,,,,,,,,,,paywalled
https://openalex.org/W7124719449,10.1093/zoolinnean/zlaf064,"Unveiling hidden species’ diversity within Southern Ocean Iphimediidae (Crustacea: Amphipoda) through DNA and 3D-geometric morphometrics, with the description of 10 new species",2025,article,true,green,https://orbi.uliege.be/handle/2268/341218,,,,,,,,,,oa_pdf
https://openalex.org/W7125098172,10.1098/rsbl.2025.0600,Do contest-related traits evolve faster? A test of the exaggerated evolution hypothesis in a clade of neotropical arachnids,2026,article,true,hybrid,https://royalsocietypublishing.org/rsbl/article-pdf/doi/10.1098/rsbl.2025.0600/5664826/rsbl.2025.0600.pdf,cc-by,,41562570,MED,N,N,N,,,oa_pdf
https://openalex.org/W7125105693,10.54207/bsmps1000-2025-55j9w7,Strobilanthes riteshii (Acanthaceae): a new species from the Indian Himalaya,2025,article,false,closed,,,,,,,,,,,paywalled
https://openalex.org/W7125681960,10.3897/mycokeys.127.180874,"Two new species of Periconia and a new record of Paramonodictys from Miscanthus sinensis in Guizhou Province, China",2026,article,true,gold,https://mycokeys.pensoft.net/article/180874/download/pdf/,cc-by,PMC12865394,41640794,MED,Y,Y,Y,,https://www.ebi.ac.uk/europepmc/webservices/rest/article/PMC12865394/fullTextXML,pmc_xml
https://openalex.org/W7125791052,10.3389/fmicb.2025.1740728,"Comprehensive analysis of the mitochondrial genome in lichen genus Xanthoparmelia: genetic diversity, intron dynamics, and evolutionary dynamics",2026,article,true,gold,https://doi.org/10.3389/fmicb.2025.1740728,cc-by,PMC12886410,41674907,MED,Y,Y,Y,,https://www.ebi.ac.uk/europepmc/webservices/rest/article/PMC12886410/fullTextXML,pmc_xml
https://openalex.org/W7125986291,10.1002/ajb2.70153,"Phylogenomics, ecomorphological evolution, and historical biogeography in <i>Deuterocohnia</i> (Bromeliaceae: Pitcairnioideae)",2026,article,true,hybrid,https://onlinelibrary.wiley.com/doi/pdfdirect/10.1002/ajb2.70153,cc-by,PMC12918849,41601394,MED,Y,Y,Y,,https://www.ebi.ac.uk/europepmc/webservices/rest/article/PMC12918849/fullTextXML,pmc_xml
https://openalex.org/W7126028704,10.1093/isd/ixaf060,"Ecological, morphological, and molecular diversification in a clade of Melanesian <i>Ethmostigmus</i> centipedes (Chilopoda: Scolopendromorpha), with the description of 2 new species",2025,article,true,hybrid,https://doi.org/10.1093/isd/ixaf060,cc-by,,,,,,,,,oa_pdf
https://openalex.org/W7126034715,10.16970/entoted.1791117,"Comparative analyses of COI and ITS2 in the molecular identification of Chrysolina Motschulsky, 1860 (Coleoptera: Chrysomelidae) in Türkiye",2026,article,true,diamond,https://dergipark.org.tr/en/download/article-file/5274149,,,,,,,,,,oa_pdf
https://openalex.org/W7126204048,10.1093/jee/toaf357,Presence and distribution of entomopathogenic <i>Hirsutella</i> species (Fungi: Sordariomycetes) infecting the mite <i>Phytonemus pallidus</i> in strawberry fields across the province of Québec,2025,article,true,green,https://pmc.ncbi.nlm.nih.gov/articles/PMC13075815/,,PMC13075815,41617197,MED,Y,Y,Y,,https://www.ebi.ac.uk/europepmc/webservices/rest/article/PMC13075815/fullTextXML,pmc_xml
https://openalex.org/W7127583237,10.1098/rspb.2025.2149,Tracing the origins of Antarctic periwinkles: an integrative morphological–molecular perspective on <i>Laevilacunaria</i> evolution,2026,article,true,hybrid,https://doi.org/10.1098/rspb.2025.2149,cc-by,,41636258,MED,N,N,N,,,oa_pdf
https://openalex.org/W7127622396,10.1186/s12870-026-08155-z,"A de novo assembled chromosome-level genome of Ainsliaea gracilis Franch. (Pertyeae, Asteraceae) and its comparative phylogenomics within Asteraceae",2026,article,true,gold,https://doi.org/10.1186/s12870-026-08155-z,cc-by-nc-nd,PMC12964898,41639621,MED,Y,Y,Y,,https://www.ebi.ac.uk/europepmc/webservices/rest/article/PMC12964898/fullTextXML,pmc_xml
https://openalex.org/W7127924363,10.3897/mycokeys.128.180553,"Morpho-phylogenetic evidence uncovers new taxa of lignicolous freshwater Sordariomycetes from Yunnan and Guizhou provinces, China",2026,article,true,gold,https://mycokeys.pensoft.net/article/180553/download/pdf/,cc-by,PMC12902769,41693913,MED,Y,Y,Y,,https://www.ebi.ac.uk/europepmc/webservices/rest/article/PMC12902769/fullTextXML,pmc_xml
https://openalex.org/W7128395482,10.1016/j.plgene.2026.100581,Structural and evolutionary analysis of Nepeta nuda plastid genome reveals lineage-specific structure variation and signature of positive selection,2026,article,false,closed,,,,,,,,,,,paywalled
https://openalex.org/W7128481082,10.3897/vz.76.e169219,"Morphological and molecular variation reveal cryptic diversity in the racer Philodryas patagoniensis (Girard, 1858) (Squamata: Colubridae)",2026,article,true,diamond,https://vertebrate-zoology.arphahub.com/article/169219/download/pdf/,cc-by,,,,,,,,,oa_pdf
https://openalex.org/W7128547507,10.1002/nzb2.70029,"<i>Vamsapriya pseudosasae</i> sp. nov. (Vamsapriyaceae, Xylariales): A Synnematous Bambusicolous Hyphomycete from Guangdong Province, China",2026,article,false,closed,,,,,,,,,,,paywalled
https://openalex.org/W7130195426,10.3897/imafungus.17.171084,"Reappraisal of the phylogenetic relationships of hirsutella-like fungi across Ophiocordycipitaceae and Polycephalomycetaceae (Hypocreales, Sordariomycetes), and the description of seven new species",2026,article,true,gold,https://doi.org/10.3897/imafungus.17.171084,cc-by,PMC12933189,41757250,MED,Y,Y,Y,,https://www.ebi.ac.uk/europepmc/webservices/rest/article/PMC12933189/fullTextXML,pmc_xml
https://openalex.org/W7131677090,10.1007/s40858-026-00789-6,"Comprehensive pangenomic, phylogenetic, and genome comparison analyses demonstrate that the causal agent of castor bean (Ricinus communis L.) bacterial blight is a pathovar of the Xanthomonas euvesicatoria species",2026,article,true,hybrid,https://link.springer.com/content/pdf/10.1007/s40858-026-00789-6.pdf,cc-by,,,,,,,,,oa_pdf
https://openalex.org/W7132835044,10.1093/zoolinnean/zlag007,New records of <i>Atherospio</i> (Annelida: Spionidae) and phylogenetic relationships of <i>A. aestuarii</i>,2026,article,false,closed,,,,,,,,,,,paywalled
https://openalex.org/W7133304405,10.48130/gcomm-0026-0003,Rapid turnover of mitogenomic repeats and congruent phylogenomic signal among Digitalideae genomes,2026,article,true,diamond,https://www.maxapress.com/data/article/opr/preview/pdf/gcomm-0026-0003.pdf,cc-by,,,,,,,,,oa_pdf
https://openalex.org/W7133323655,10.3389/fmicb.2026.1713439,Fusarium verticillioides genetics contribute to variability in fumonisin risk in maize,2026,article,true,gold,https://public-pages-files-2025.frontiersin.org/journals/microbiology/articles/10.3389/fmicb.2026.1713439/pdf,cc-by,PMC12992276,41853716,MED,Y,Y,Y,,https://www.ebi.ac.uk/europepmc/webservices/rest/article/PMC12992276/fullTextXML,pmc_xml
https://openalex.org/W7134040267,10.3897/asp.84.e164719,Integrative taxonomy of diversification treehopper Tricentrus (Hemiptera: Membracidae: Centrotinae) from China shed their phylogenomic relationship and the evolutionary history,2026,article,true,diamond,https://doi.org/10.3897/asp.84.e164719,cc-by,,,,,,,,,oa_pdf
https://openalex.org/W7134040708,10.1007/s11557-026-02126-2,"Pseudosparassis yunnanensis, gen. et sp. nov. (Sclerotiniaceae, Helotiales, Ascomycota) from Yunnan Province, Southwestern China",2026,article,false,closed,,,,,,,,,,,paywalled
https://openalex.org/W7134176678,10.1007/s13313-026-01133-x,"Diversity and pathogenicity of Colletotrichum species associated with tea anthracnose in Nyingchi, Xizang, China",2026,article,false,closed,,,,,,,,,,,paywalled
https://openalex.org/W7134178788,10.1038/s42003-026-09791-9,Exploring the impact of Cenozoic climate change on diversification of the Australian endemic Eurepini crickets (Orthoptera: Gryllidae: Eneopterinae),2026,article,true,gold,https://doi.org/10.1038/s42003-026-09791-9,cc-by-nc-nd,PMC13096196,41794934,MED,Y,Y,Y,,https://www.ebi.ac.uk/europepmc/webservices/rest/article/PMC13096196/fullTextXML,pmc_xml
https://openalex.org/W7134239287,10.1002/nzb2.70065,"<i>Lasiobelonium sublanceolatum</i> sp. nov. (Solenopeziaceae, Helotiales) from Yunnan, China",2026,article,false,closed,,,,,,,,,,,paywalled
https://openalex.org/W7134923098,10.1093/zoolinnean/zlag014,Eyelash worms get a makeover: integrative taxonomy of <i>Myxicola</i> (Sabellidae) reveals four new species in the Mediterranean Sea and a novel genus,2026,article,false,closed,,,,,,,,,,,paywalled
https://openalex.org/W7135046980,10.3390/plants15060883,Identification and Biological Characterizations of the Causal Agent of Leaf Spot Disease in Pseudostellaria heterophylla,2026,article,true,gold,https://www.mdpi.com/2223-7747/15/6/883/pdf,cc-by,PMC13029421,41901403,MED,Y,Y,Y,,https://www.ebi.ac.uk/europepmc/webservices/rest/article/PMC13029421/fullTextXML,pmc_xml
https://openalex.org/W7135172999,10.3897/zse.102.171557,"Renomaera patricki gen. et sp. nov. (Amphipoda, Hadzioidea, Maeridae) described from the seamount in the western Pacific, with a test of monophyly of Maeridae Krapp-Schickel, 2008",2026,article,true,gold,https://zse.pensoft.net/article/171557/download/pdf/,cc-by,,,,,,,,,oa_pdf
https://openalex.org/W7140214411,10.3390/jof12040231,Natural Selection Drives AT-Biased Codon Usage in Mitochondrial Genomes of Early-Diverging Conidiobolus Fungi (Zoopagomycota),2026,article,true,gold,https://www.mdpi.com/2309-608X/12/4/231/pdf?version=1774328344,cc-by,PMC13118219,42042327,MED,Y,Y,Y,,https://www.ebi.ac.uk/europepmc/webservices/rest/article/PMC13118219/fullTextXML,pmc_xml
https://openalex.org/W7140231711,10.3897/mycokeys.130.183563,"Morpho-molecular characterization reveals three Cortinarius subgenus Dermocybe species from southwest China (Agaricales, Cortinariaceae)",2026,article,true,gold,https://mycokeys.pensoft.net/article/183563/download/pdf/,cc-by,PMC13040261,41929717,MED,Y,Y,Y,,https://www.ebi.ac.uk/europepmc/webservices/rest/article/PMC13040261/fullTextXML,pmc_xml
https://openalex.org/W7140664235,10.1038/s42003-026-09858-7,DNA-based identification of plants and the genomic nature of plant species differences,2026,article,true,gold,https://www.nature.com/articles/s42003-026-09858-7_reference.pdf,cc-by,PMC13183946,41882066,MED,Y,Y,Y,,https://www.ebi.ac.uk/europepmc/webservices/rest/article/PMC13183946/fullTextXML,pmc_xml
https://openalex.org/W7141692901,10.1071/is25084,"Integrative taxonomic study reveals three new species of Lebbeus White, 1847 (Decapoda: Caridea: Thoridae) from deep water in the Philippine Sea and provides insights into the phylogeny of this genus",2026,article,true,hybrid,https://doi.org/10.1071/is25084,cc-by-nc-nd,,41888554,MED,N,N,N,,,oa_pdf
https://openalex.org/W7141715546,10.3897/mycokeys.130.170601,"Morphological and phylogenetic characterization of three new Cortinarius (Cortinariaceae, Agaricales) species in Yunnan, China",2026,article,true,gold,https://mycokeys.pensoft.net/article/170601/download/pdf/,cc-by,PMC13049452,41938097,MED,Y,Y,Y,,https://www.ebi.ac.uk/europepmc/webservices/rest/article/PMC13049452/fullTextXML,pmc_xml
https://openalex.org/W7147391291,10.1093/zoolinnean/zlag026,"Under the lens: disclosing the <i>Echiniscus lentiferus</i> complex (Heterotardigrada), caudal plate bulge-bearing Australian endemics",2026,article,true,hybrid,https://doi.org/10.1093/zoolinnean/zlag026,cc-by,,,,,,,,,oa_pdf
https://openalex.org/W7147495865,10.1155/jzs/1266123,"New Species and Phylogeny of <i>Alentiana</i> Hartman, 1942 (Annelida, Polynoidae) Reveal Polyphyly of Lepidastheniinae and Key Morphological Character Evolution",2026,article,true,diamond,https://doi.org/10.1155/jzs/1266123,cc-by,,,,,,,,,oa_pdf
https://openalex.org/W7149037460,10.1016/j.apsoil.2026.107005,Decoupling predictors of arbuscular mycorrhizal fungal α- and β-diversity: Plant phylogeny versus functional traits in an alpine artificial grassland of Three-River Source Region,2026,article,false,closed,,,,,,,,,,,paywalled
https://openalex.org/W7151385669,10.1098/rsbl.2025.0744,Genomic evidence reveals a record-breaking range in <i>Tubulanus lutescens</i> (Nemertea) from shallow coasts to deep-sea seeps,2026,article,true,hybrid,https://doi.org/10.1098/rsbl.2025.0744,cc-by,,41946512,MED,N,N,N,,,oa_pdf
https://openalex.org/W7152562673,10.1093/isd/ixag009,"Looks can be deceiving: a possible novel mimicry assemblage in Cerambycidae (Coleoptera), with phylogeny and new species of firefly-like Hemilophini",2026,article,false,closed,,,,,,,,,,,paywalled
https://openalex.org/W7154468508,10.3897/mycokeys.131.182322,"Morpho-phylogenetic analyses reveal Elliptolagenoidisporium gen. nov. and a new species associated with the medicinal plant Paris sp. from Guizhou Province, China (Helotiales, Lachnaceae)",2026,article,true,gold,https://mycokeys.pensoft.net/article/182322/download/pdf/,cc-by,PMC13103668,42038940,MED,Y,Y,Y,,https://www.ebi.ac.uk/europepmc/webservices/rest/article/PMC13103668/fullTextXML,pmc_xml
https://openalex.org/W7154490252,10.1016/j.jglr.2026.102825,Total-evidence phylogeny of the genus Canthocamptus (Copepoda: Crustacea) and a new species description,2026,article,false,closed,,,,,,,,,,,paywalled
https://openalex.org/W7154581987,10.3897/mycokeys.131.175264,"Pleopunctum xizangense sp. nov. (Pleosporales, Phaeoseptaceae) and Pseudolophiostoma yunnanense sp. nov. (Pleosporales, Lophiostomataceae), and a new record of Pleopunctum pseudoellipsoideum on Fagales",2026,article,true,gold,https://doi.org/10.3897/mycokeys.131.175264,cc-by,PMC13107142,42038939,MED,Y,Y,Y,,https://www.ebi.ac.uk/europepmc/webservices/rest/article/PMC13107142/fullTextXML,pmc_xml
https://openalex.org/W7154613291,10.3897/mycokeys.131.187694,Morphological and phylogenetic analyses reveal three new species of Chaetosphaeriaceae from China,2026,article,true,gold,https://mycokeys.pensoft.net/article/187694/download/pdf/,cc-by,PMC13107140,42038938,MED,Y,Y,Y,,https://www.ebi.ac.uk/europepmc/webservices/rest/article/PMC13107140/fullTextXML,pmc_xml
https://openalex.org/W7154686365,10.3390/jof12040284,Colletotrichum Species Causing Anthracnose in Ipê Trees,2026,article,true,gold,https://www.mdpi.com/2309-608X/12/4/284/pdf?version=1776408482,cc-by,PMC13117155,42042378,MED,Y,Y,Y,,https://www.ebi.ac.uk/europepmc/webservices/rest/article/PMC13117155/fullTextXML,pmc_xml
https://openalex.org/W7154737263,10.1111/jbi.70227,Secrets of the Spring‐Keepers: Phylogeographic Analyses of a Freshwater Amphipod Uncover Dispersal Pathways in Eastern North America,2026,article,true,hybrid,https://doi.org/10.1111/jbi.70227,cc-by-nc,,,,,,,,,oa_pdf
https://openalex.org/W7154741013,10.1080/23802359.2026.2654106,Characterization and phylogenetic analysis of the complete mitochondrial genome of <i>Catathelasma laorentou</i> Z.W. Ge et al. 2020,2026,article,true,diamond,https://doi.org/10.1080/23802359.2026.2654106,,PMC13094290,,PMC,Y,Y,Y,,https://www.ebi.ac.uk/europepmc/webservices/rest/article/PMC13094290/fullTextXML,pmc_xml
https://openalex.org/W7155007448,10.4081/jlimnol.2026.2262,Taxonomic survey and DNA barcode library of tardigrades from alpine fens in northwestern Italy,2026,article,true,gold,https://doi.org/10.4081/jlimnol.2026.2262,cc-by-nc,,,,,,,,,oa_pdf
https://openalex.org/W7155043606,10.3897/mycokeys.131.180862,"Two new species of Neohelicomyces (Tubeufiaceae, Tubeufiales) from southern China revealed by morphological and multi-locus phylogenetic analyses",2026,article,true,gold,https://mycokeys.pensoft.net/article/180862/download/pdf/,cc-by,PMC13126046,42064285,MED,Y,Y,Y,,https://www.ebi.ac.uk/europepmc/webservices/rest/article/PMC13126046/fullTextXML,pmc_xml
https://openalex.org/W7155195132,10.1007/s00343-026-5354-7,Deep-sea adaptation of sea cucumber Psychropotes sp.: new insights based on mitochondrial genomes,2026,article,false,closed,,,,,,,,,,,paywalled
https://openalex.org/W7160106995,10.1080/23802359.2026.2664910,"The complete mitochondrial genome of <i>Sclerophytum grandilobatum</i> (Verseveldt, 1980) (Anthozoa: Octocorallia: Sarcophytidae) and its phylogenetic position",2026,article,true,diamond,https://doi.org/10.1080/23802359.2026.2664910,cc-by,,42094722,MED,N,N,N,,,oa_pdf
https://openalex.org/W7160191524,10.1111/syen.70049,"Mitogenomic phylogeny of <i>Eurytoma</i> Illiger (Hymenoptera: Eurytomidae): Genus delimitation, species‐group assessment and recurrent host‐use transitions",2026,article,true,hybrid,https://doi.org/10.1111/syen.70049,cc-by,,,,,,,,,oa_pdf
https://openalex.org/W7160279428,10.1080/00275514.2026.2650075,A discussion on the genus <i>Stigmatomyces</i> sensu lato and the description of two new species from Chile,2026,article,false,closed,,,,42081655,MED,N,N,N,,,paywalled
https://openalex.org/W7160653945,10.1007/s12526-026-01655-z,"Redescription and neotype designation of Aglauropsis kawari Moreira &amp; Yamashita, (Cnidaria: Hydrozoa, Limnomedusae) based on an integrative taxonomy approach",2026,article,true,hybrid,https://link.springer.com/content/pdf/10.1007/s12526-026-01655-z.pdf,cc-by,,,,,,,,,oa_pdf
https://openalex.org/W7160662564,10.1016/j.parint.2026.103297,"Description and phylogenetic position of a new Serpentirhabdias (Nematoda: Rhabdiasidae) from Hydrodynastes gigas (Serpentes: Colubroidea) in Pantanal, Brazil",2026,article,true,hybrid,https://doi.org/10.1016/j.parint.2026.103297,cc-by,,42107593,MED,N,N,N,,,oa_pdf
https://openalex.org/W7160755696,10.48130/sif-0026-0016,First report of &lt;i&gt;Diaporthe convolvuli&lt;/i&gt; on field bindweed (&lt;i&gt;Convolvulus arvensis&lt;/i&gt;) in Russia,2026,article,true,diamond,https://doi.org/10.48130/sif-0026-0016,cc-by,,,,,,,,,oa_pdf
https://openalex.org/W7160887718,10.3897/mycokeys.132.176986,"New species of Hymenogaster (Agaricales, Hymenogastraceae) from North China",2026,article,true,gold,https://mycokeys.pensoft.net/article/176986/download/pdf/,cc-by,PMC13187852,,PMC,Y,Y,Y,,https://www.ebi.ac.uk/europepmc/webservices/rest/article/PMC13187852/fullTextXML,pmc_xml
https://openalex.org/W7161034507,10.3897/mycokeys.132.188292,"Two novel saprobic Distoseptispora species from southern China (Distoseptisporales, Distoseptisporaceae)",2026,article,true,gold,https://mycokeys.pensoft.net/article/188292/download/pdf/,cc-by,PMC13191329,,PMC,Y,Y,Y,,https://www.ebi.ac.uk/europepmc/webservices/rest/article/PMC13191329/fullTextXML,pmc_xml
https://openalex.org/W7161260816,10.1590/1678-4685-gmb-2025-0240,Comparative synthesis of tandem repeats in the control region of Epinephelus mitogenomes (Peciformes: Epinephelidae),2026,article,true,gold,https://doi.org/10.1590/1678-4685-gmb-2025-0240,cc-by,,,,,,,,,oa_pdf
https://openalex.org/W7161537564,10.1007/s13199-026-01154-6,The almond bark beetle mycobiome: fungal associates of Scolytus amygdali within southern Mediterranean almond orchards,2026,article,true,hybrid,https://link.springer.com/content/pdf/10.1007/s13199-026-01154-6.pdf,cc-by,,,,,,,,,oa_pdf
https://openalex.org/W7161543798,10.1007/s11557-026-02143-1,A new ectomycorrhizal Leotia species from neotropical montane forest,2026,article,false,closed,,,,,,,,,,,paywalled
https://openalex.org/W7161583941,10.5852/ejt.2026.1055.3277,Integrative taxonomy reveals four new species in the superdiverse genus Macrobiotus (Tardigrada: Eutardigrada: Macrobiotidae),2026,article,true,diamond,https://doi.org/10.5852/ejt.2026.1055.3277,cc-by,,,,,,,,,oa_pdf
https://openalex.org/W7161936615,10.1111/ppa.70178,Four Novel <i>Colletotrichum</i> Species Associated With Anthracnose of Ornamental Araceae in Brazil With Insights Into Their Host Range,2026,article,true,hybrid,https://doi.org/10.1111/ppa.70178,cc-by,,,,,,,,,oa_pdf
https://openalex.org/W7162066800,10.1016/j.rsma.2026.105082,A new species of Micronephthys (Annelida: Nephtyidae) from Bering Sea seep communities (Northwest Pacific),2026,article,false,closed,,,,,,,,,,,paywalled
