license	location	pmcid	pmid	doi	pubdate	source	number	text	software	version	ID	curation_label	mapped_to_software
comm	comm/Ann_Bot/PMC6948215.nxml	6948215	31562744.0	10.1093/aob/mcz145	2020	Phylogenetic analyses	8	The three markers were concatenated into a single alignment using SequenceMatrix 1.7.8 (Vaidya )	SequenceMatrix	1.7.8	SM51323	software	SequenceMatrix
comm	comm/Ann_Bot/PMC4551086.nxml	4551086	25538110.0	10.1093/aob/mcu237	2015	Sequence alignment and phylogenetic analysis.	16	Arachis intron sequences were aligned using Muscle (Edgar, 2004), and concatenated in SequenceMatrix 1.7.8 (Vaidya )	SequenceMatrix	1.7.8	SM51323	software	SequenceMatrix
comm	comm/Antibiotics_(Basel)/PMC6963576.nxml	6963576	31766670.0	10.3390/antibiotics8040231	2019	4.2. Phylogenetic Analysis on the FYFP 3052 within Diaporthe Genus	20	The five gene regions alignment was concatenated with SequenceMatrix [41]	SequenceMatrix		SM51323	software	SequenceMatrix
comm	comm/AoB_Plants/PMC4501515.nxml	4501515	25979965.0	10.1093/aobpla/plv051	2015	Molecular methods	16	Chloroplast DNA regions were concatenated using Sequence Matrix 1.7.8 (Vaidya )	Sequence Matrix	1.7.8	SM61024	not_curated	SequenceMatrix
comm	comm/Appl_Plant_Sci/PMC6580989.nxml	6580989	31236313.0	10.1002/aps3.11254	2019	Detection and filtering of potential paralogs	13	We concatenated these 264 genes into a 319,788‐bp matrix using SequenceMatrix v	SequenceMatrix		SM51323	software	SequenceMatrix
comm	comm/BMC_Biol/PMC5304391.nxml	5304391	28193262.0	10.1186/s12915-017-0353-y	2017	Sequence searches and alignments	38	Two multi-locus datasets were created by concatenating the relevant individual alignments using SequenceMatrix v1.8 [64]	SequenceMatrix		SM51323	software	SequenceMatrix
comm	comm/BMC_Ecol/PMC3538695.nxml	3538695	23190419.0	10.1186/1472-6785-12-25	2012	Sequence data analysis	11	The total alignments for rbcL, matK and ITS2 alignments were concatenated into a profiled alignment with SequenceMatrix 1.5 alpha9 [58].	SequenceMatrix	1.5 alpha9	SM51323	software	SequenceMatrix
comm	comm/BMC_Ecol_Evol/PMC7883577.nxml	7883577	33583398.0	10.1186/s12862-020-01738-w	2021	Phylogenetic tree	9	We aligned the CO1 and EF-1 sequences using MUSCLE [20] with default settings in the software MEGA7 [21], and concatenated the aligned sequences using SequenceMatrix [22]	SequenceMatrix		SM51323	software	SequenceMatrix
comm	comm/BMC_Ecol_Evol/PMC8132446.nxml	8132446	34011264.0	10.1186/s12862-021-01813-w	2021	Genetic data	58	From the new CYTB sequences, we subsampled from the unique haplotypes and extracted 138 COI and 100 IRBP sequences, which were aligned separately and concatenated in SequenceMatrix [94]	SequenceMatrix		SM51323	software	SequenceMatrix
comm	comm/BMC_Evol_Biol/PMC5418863.nxml	5418863	28472922.0	10.1186/s12862-017-0954-7	2017	Phylogeny reconstruction	6	Sequences were aligned in MAFFT online version 7 [47] and concatenated using Sequencematrix 1.7.8	Sequencematrix	1.7.8	SM146030	not_curated	SequenceMatrix
comm	comm/BMC_Evol_Biol/PMC5580441.nxml	5580441	28863778.0	10.1186/s12862-017-1047-3	2017	Phylogenetic reconstruction	12	We concatenated sequences of all nuclear loci using Sequence Matrix v1.7.8 [42] and employed RAxML GUI v1.5 [43] to reconstruct a maximum likelihood (ML) tree under the GTR + gamma model, performing 100 runs using a bootstrap algorithm with 1000 replicates	Sequence Matrix		SM61024	not_curated	SequenceMatrix
comm	comm/BMC_Evol_Biol/PMC4264551.nxml	4264551	25433367.0	10.1186/s12862-014-0245-5	2014	Phylogenetic reconstruction	26	We verified each alignment visually and concatenated the mitochondrial and nuclear datasets in two separate super-matrices with SequenceMatrix [37]	SequenceMatrix		SM51323	software	SequenceMatrix
comm	comm/BMC_Evol_Biol/PMC2944183.nxml	2944183	20831809.0	10.1186/1471-2148-10-275	2010	2) Reconstructing the evolution of female genitalia	13	A new analysis was needed to place the recently described Perochaeta dikowi, which is included in our study and whose DNA sequence data was added to Su et al.'s data using the concatenation software SequenceMatrix [61]	SequenceMatrix		SM51323	software	SequenceMatrix
comm	comm/BMC_Evol_Biol/PMC5480257.nxml	5480257	28641575.0	10.1186/s12862-017-0984-1	2017	Phylogeographic sampling	7	Sequences were concatenated into a fourth matrix with the program Sequence Matrix [37], only including samples with the three DNA regions sequenced (66 samples)	Sequence Matrix		SM61024	not_curated	SequenceMatrix
comm	comm/BMC_Evol_Biol/PMC6670200.nxml	6670200	31366328.0	10.1186/s12862-019-1477-1	2019	DNA extraction, PCR and sequencing analysis	39	Sequence concatenations and file format conversions were implemented in Sequence Matrix [50]	Sequence Matrix		SM61024	not_curated	SequenceMatrix
comm	comm/BMC_Evol_Biol/PMC4029975.nxml	4029975	24886257.0	10.1186/1471-2148-14-94	2014	Phylogenetic analyses and estimation of divergence times	6	Both single gene alignments were concatenated using SequenceMatrix v	SequenceMatrix		SM51323	software	SequenceMatrix
comm	comm/BMC_Evol_Biol/PMC5052871.nxml	5052871	27716026.0	10.1186/s12862-016-0771-4	2016	Phylogenetic analyses	48	The concatenated alignment was constructed from the single gene alignments using SequenceMatrix [50]	SequenceMatrix		SM51323	software	SequenceMatrix
comm	comm/BMC_Evol_Biol/PMC3553075.nxml	3553075	23311954.0	10.1186/1471-2148-13-8	2013	Phylogenetic analysis	48	All genes were aligned in Geneious [49] and matrices were concatenated in SequenceMatrix [50]	SequenceMatrix		SM51323	software	SequenceMatrix
comm	comm/BMC_Evol_Biol/PMC6729053.nxml	6729053	31492110.0	10.1186/s12862-019-1501-5	2019	Concatenated dataset	78	I compiled the data with SequenceMatrix [109]	SequenceMatrix		SM51323	software	SequenceMatrix
comm	comm/BMC_Evol_Biol/PMC5664827.nxml	5664827	29089027.0	10.1186/s12862-017-1065-1	2017	Phylogenetic analyses	9	Concatenated matrices of all genes were generated using Sequence Matrix [50] with missing data coded as question marks (?)	Sequence Matrix		SM61024	not_curated	SequenceMatrix
comm	comm/BMC_Evol_Biol/PMC5027107.nxml	5027107	27639849.0	10.1186/s12862-016-0764-3	2016	Methods	4	Phylogenetic inference: Individual matrices including all sequences for each marker were aligned in Mesquite [17] and imported into SequenceMatrix [18] to export concatenated matrices (excluding taxa causing topological conflict between gene trees; see below) for further analyses	SequenceMatrix		SM51323	software	SequenceMatrix
comm	comm/BMC_Evol_Biol/PMC6211570.nxml	6211570	30382913.0	10.1186/s12862-018-1280-4	2018	Genetic diversity	17	The sequences from respective samples were concatenated (CR + CYTB, 2230 bp) using SequenceMatrix v.1.8 [49]	SequenceMatrix		SM51323	software	SequenceMatrix
comm	comm/BMC_Evol_Biol/PMC4537560.nxml	4537560	26275399.0	10.1186/s12862-015-0445-7	2015	Phylogenetic reconstruction and molecular dating	34	The five chloroplastic genes were concatenated into a single dataset using SequenceMatrix 1.7.8 [86], while the chloroplast and nuclear datasets were analyzed separately	SequenceMatrix	1.7.8	SM51323	software	SequenceMatrix
comm	comm/BMC_Evol_Biol/PMC7236349.nxml	7236349	32429841.0	10.1186/s12862-020-01623-6	2020	Datasets	48	Amino acid sequences were aligned using MUSCLE program [57], and the alignments of individual genes were concatenated using SequenceMatrix v.1.7.8 [58]	SequenceMatrix		SM51323	software	SequenceMatrix
comm	comm/BMC_Genomics/PMC4455531.nxml	4455531	26040695.0	10.1186/s12864-015-1566-5	2015	Evolutionary relationships based on phylogenetic analysis	7	Individual genes and aligned partitions were concatenated with SequenceMatrix [41]	SequenceMatrix		SM51323	software	SequenceMatrix
comm	comm/BMC_Genomics/PMC6032552.nxml	6032552	29973152.0	10.1186/s12864-018-4893-5	2018	Alignment, sequence analysis, phylogenetic reconstruction and gene order analysis	44	ALTER [111] and GenBank 2 Sequin [112] were used for file conversion, and SequenceMatrix [113] to concatenate alignment files.	SequenceMatrix		SM51323	software	SequenceMatrix
comm	comm/BMC_Genomics/PMC5481933.nxml	5481933	28645249.0	10.1186/s12864-017-3868-2	2017	Phylogenetic analysis	7	For the concatenation analysis, aligned gene sequences with at least 450 bp of overlapping sequence were concatenated into a single file using SequenceMatrix [45]	SequenceMatrix		SM51323	software	SequenceMatrix
comm	comm/BMC_Genomics/PMC7376913.nxml	7376913	32703172.0	10.1186/s12864-020-06896-1	2020	Species phylogeny	63	Orthologs of each housekeeping gene were first aligned using MAFFT [91], and then the resulting alignments were concatenated using SequenceMatrix [93]	SequenceMatrix		SM51323	software	SequenceMatrix
comm	comm/BMC_Genomics/PMC6480918.nxml	6480918	31014248.0	10.1186/s12864-019-5567-7	2019		76	The resulting alignments were then concatenated using SequenceMatrix, and then subjected to maximum likelihood analysis as implemented in IQ-Tree (version 1.6.7)	SequenceMatrix		SM51323	software	SequenceMatrix
comm	comm/BMC_Genomics/PMC6567464.nxml	6567464	31195968.0	10.1186/s12864-019-5831-x	2019	Phylogenetic analysis	8	Subsequently, six housekeeping gene sequences were concatenated in the same order using SequenceMatrix	SequenceMatrix		SM51323	software	SequenceMatrix
comm	comm/BMC_Genomics/PMC4870793.nxml	4870793	27193938.0	10.1186/s12864-016-2681-7	2016	Sequences and alignment	41	The 89 genes were concatenated using SequenceMatrix v 1.7.8 [85] to one MSA containing all the avian data, and a second MSA containing the 89 mammalian genes	SequenceMatrix		SM51323	software	SequenceMatrix
comm	comm/BMC_Genomics/PMC5311727.nxml	5311727	28201983.0	10.1186/s12864-016-3480-x	2017	Phylogenetic analysis	10	Individual alignments were concatenated using SequenceMatrix version 1.8 [29]	SequenceMatrix		SM51323	software	SequenceMatrix
comm	comm/BMC_Plant_Biol/PMC6486959.nxml	6486959	31029077.0	10.1186/s12870-019-1771-5	2019	Phylogenetic reconstruction from a concatenated dataset	40	Starting with alignments from previous studies, we independently aligned all loci manually as needed using Geneious (Biomatters) and concatenated these alignments using SequenceMatrix [65]	SequenceMatrix		SM51323	software	SequenceMatrix
comm	comm/BMC_Plant_Biol/PMC5702240.nxml	5702240	29178835.0	10.1186/s12870-017-1160-x	2017	Phylogenetic analyses	61	Therefore, we combined the nuclear and plastid datasets in SequenceMatrix v	SequenceMatrix		SM51323	software	SequenceMatrix
comm	comm/BMC_Plant_Biol/PMC4498522.nxml	4498522	26159907.0	10.1186/s12870-015-0547-9	2015	Phylogenetic analysis	8	Aligned matrices of four DNA regions were combined using SequenceMatrix version 1.7 [46]	SequenceMatrix		SM51323	software	SequenceMatrix
comm	comm/Biodivers_Data_J/PMC8346447.nxml	8346447	34393583.0	10.3897/BDJ.9.e67248	2021	Materials and methods	10	Sequences of each locus were combined to form a concatenated super matrix using SequenceMatrix 1.7.8 and analysed with Maximum Likelihood (ML) and Bayesian Inference (BI) criteria.	SequenceMatrix	1.7.8	SM51323	software	SequenceMatrix
comm	comm/Biodivers_Data_J/PMC5345029.nxml	5345029	28325977.0	10.3897/BDJ.5.e10824	2017	Sequencing	3	These regions were concatenated using Sequence Matrix software [Vaidya et al	Sequence Matrix		SM61024	not_curated	SequenceMatrix
comm	comm/Biodivers_Data_J/PMC7752887.nxml	7752887	33364897.0	10.3897/BDJ.8.e58755	2020	Phylogenetic analyses	8	Multiple loci were combined by SequenceMatrix (Vaidya et al	SequenceMatrix		SM51323	software	SequenceMatrix
comm	comm/Biodivers_Data_J/PMC7280319.nxml	7280319	32547305.0	10.3897/BDJ.8.e53678	2020	Phylogenetic analyses	6	Three single gene alignments were combined using Sequence Matrix (Vaidya et al	Sequence Matrix		SM61024	not_curated	SequenceMatrix
comm	comm/Biology_(Basel)/PMC7284791.nxml	7284791	32443792.0	10.3390/biology9050106	2020	4.3. Data Analysis	17	α-globin/β-globin gene clusters were combined using SequenceMatrix 1.7.8 for the construction of phylogenetic trees [29]	SequenceMatrix	1.7.8	SM51323	software	SequenceMatrix
comm	comm/Biomed_Res_Int/PMC5884435.nxml	5884435	29750171.0	10.1155/2018/7627191	2018	2.3. Sequence Data Preparation and Evaluation	8	The datasets were finally concatenated into one final data matrix using SequenceMatrix [52] for phylogenetic analyses.	SequenceMatrix		SM51323	software	SequenceMatrix
comm	comm/Mar_Drugs/PMC6520677.nxml	6520677	30978942.0	10.3390/md17040220	2019	2.2. Fungal Identification	8	Then, alignments were concatenated into a single data matrix with SequenceMatrix v	SequenceMatrix		SM51323	software	SequenceMatrix
comm	comm/Microb_Cell_Fact/PMC6532204.nxml	6532204	31122261.0	10.1186/s12934-019-1108-y	2019	Molecular identification and phylogenetic analysis	31	For multilocus analysis, the loci were concatenated by the use of Sequence Matrix v.1.8 [43, 44]	Sequence Matrix		SM61024	not_curated	SequenceMatrix
comm	comm/Microorganisms/PMC8308049.nxml	8308049	34210043.0	10.3390/microorganisms9071409	2021	2.3. Bioinformatic Analyses	11	After alignment, the concatenation of TEF and Bloc sequences was conducted in SequenceMatrix 1.7.3 for further multilocus analysis [43]	SequenceMatrix	1.7.3	SM51323	software	SequenceMatrix
comm	comm/Microorganisms/PMC8401334.nxml	8401334	34442643.0	10.3390/microorganisms9081564	2021	2.4. Phylogenetic Analyses	9	KU687109)) were individually aligned using MAFFT (v.7.4; parameter: mafft -auto) [43], and these multiple alignments were concatenated in SequenceMatrix (v.1.8) [44]	SequenceMatrix		SM51323	software	SequenceMatrix
comm	comm/Microorganisms/PMC8401334.nxml	8401334	34442643.0	10.3390/microorganisms9081564	2021	2.5. Time-Scaled Bayesian Phylogeny	11	KU687109)) were individually aligned using MAFFT (v.7.4; parameter: mafft -auto) [43] and concatenated in SequenceMatrix (v.1.8) [44].	SequenceMatrix		SM51323	software	SequenceMatrix
comm	comm/Microorganisms/PMC7716436.nxml	7716436	33121102.0	10.3390/microorganisms8111666	2020	2.11. Multi-Locus Sequence Analysis of V. anguillarum Housekeeping Genes	17	Concatenation of locus sequences was made using Sequence Matrix software v1.7.8 [42]	Sequence Matrix		SM61024	not_curated	SequenceMatrix
comm	comm/Microorganisms/PMC8069873.nxml	8069873	33921528.0	10.3390/microorganisms9040812	2021	2.10. Multi-Locus Sequence Analysis (MLSA) Using Housekeeping Genes	18	Concatenation of locus sequence was made using Sequence Matrix software v1.7.8 [38]	Sequence Matrix		SM61024	not_curated	SequenceMatrix
comm	comm/Mitochondrial_DNA_B_Resour/PMC7707410.nxml	7707410	33366182.0	10.1080/23802359.2019.1682478	2019		4	The aligned data from 13PCGs were concatenated with Sequence Matrix v.1.7.8 (Vaidya et al	Sequence Matrix		SM61024	not_curated	SequenceMatrix
comm	comm/Mitochondrial_DNA_B_Resour/PMC7783027.nxml	7783027	33457801.0	10.1080/23802359.2020.1775515	2020		4	The aligned data from 13PCGs were concatenated with Sequence Matrix v.1.7.8 (Vaidya et al	Sequence Matrix		SM61024	not_curated	SequenceMatrix
comm	comm/Mitochondrial_DNA_B_Resour/PMC8183557.nxml	8183557	34124362.0	10.1080/23802359.2021.1934167	2021		3	The sequences of 14 proteins were locally aligned with BioEdit (Hall 1999) and concatenated with SequenceMatrix (Vaidya et al	SequenceMatrix		SM51323	software	SequenceMatrix
comm	comm/Mitochondrial_DNA_B_Resour/PMC8253198.nxml	8253198	34263039.0	10.1080/23802359.2021.1944389	2021		2	2.0 (Wernersson and Pedersen 2003) and concatenated using SequenceMatrix ver	SequenceMatrix		SM51323	software	SequenceMatrix
comm	comm/Mitochondrial_DNA_B_Resour/PMC8259871.nxml	8259871	34263050.0	10.1080/23802359.2021.1945967	2021		2	2019) and then concatenated these alignments into a combined gene dataset using SequenceMatrix v1.7.8 (Vaidya et al	SequenceMatrix		SM51323	software	SequenceMatrix
comm	comm/Mitochondrial_DNA_B_Resour/PMC7782136.nxml	7782136	33457856.0	10.1080/23802359.2020.1781561	2020		4	2016) to alignment DNA sequences individually and used SequenceMatrix v1.8 (Vaidya et al	SequenceMatrix		SM51323	software	SequenceMatrix
comm	comm/Mitochondrial_DNA_B_Resour/PMC8158263.nxml	8158263	34104757.0	10.1080/23802359.2021.1930219	2021		3	The sequences of 14 proteins were locally aligned with BioEdit (Hall 1999) and concatenated with SequenceMatrix (Vaidya et al	SequenceMatrix		SM51323	software	SequenceMatrix
comm	comm/Mitochondrial_DNA_B_Resour/PMC8405070.nxml	8405070	34471697.0	10.1080/23802359.2021.1967806	2021		2	1994) and concatenated with SequenceMatrix v1.7.8 (Vaidya et al	SequenceMatrix		SM51323	software	SequenceMatrix
comm	comm/Mitochondrial_DNA_B_Resour/PMC7971261.nxml	7971261	33796674.0	10.1080/23802359.2021.1886019	2021		1	2010) and concatenated with SequenceMatrix v1.7.8 (Vaidya et al	SequenceMatrix		SM51323	software	SequenceMatrix
comm	comm/Mitochondrial_DNA_B_Resour/PMC7889097.nxml	7889097	33628937.0	10.1080/23802359.2021.1875915	2021		4	2016), and the alignment results were then concatenated using SequenceMatrix v1.8 (Vaidya et al	SequenceMatrix		SM51323	software	SequenceMatrix
comm	comm/Mitochondrial_DNA_B_Resour/PMC7800549.nxml	7800549	33473596.0	10.1080/23802359.2016.1219638	2016		1	The aligned data from each locus were concatenated with Sequence Matrix v.1.7.8 (Vaidya et al	Sequence Matrix		SM61024	not_curated	SequenceMatrix
comm	comm/Mitochondrial_DNA_B_Resour/PMC7759273.nxml	7759273	33426284.0	10.1080/23802359.2020.1840931	2020		1	Aligned sequences for each gene were concatenated using SequenceMatrix v1.7 (Vaidya et al	SequenceMatrix		SM51323	software	SequenceMatrix
comm	comm/Mitochondrial_DNA_B_Resour/PMC7707660.nxml	7707660	33366349.0	10.1080/23802359.2019.1692719	2019		2	With SequenceMatrix v1.8 concatenated polygene fragments, MEGA v6.06 constructed a neighbor-joining phylogenetic tree by 1000 bootstrap replicates based on polygene fragments.	SequenceMatrix		SM51323	software	SequenceMatrix
comm	comm/Mitochondrial_DNA_B_Resour/PMC8284135.nxml	8284135	34345683.0	10.1080/23802359.2021.1945972	2021		3	Alignments of individual genes were concatenated using SequenceMatrix 1.7.8 (Vaidya et al	SequenceMatrix	1.7.8	SM51323	software	SequenceMatrix
comm	comm/Mitochondrial_DNA_B_Resour/PMC7721053.nxml	7721053	33366423.0	10.1080/23802359.2019.1696241	2019		3	We manually checked in BioEdit (Hall 1999) and concatenated these aligned sequences using SequenceMatrix (Vaidya et al	SequenceMatrix		SM51323	software	SequenceMatrix
comm	comm/Mitochondrial_DNA_B_Resour/PMC7720951.nxml	7720951	33366533.0	10.1080/23802359.2019.1698331	2019		3	The aligned data from 13PCGs were concatenated with Sequence Matrix v.1.7.8 (Vaidya et al	Sequence Matrix		SM61024	not_curated	SequenceMatrix
comm	comm/Mitochondrial_DNA_B_Resour/PMC8439222.nxml	8439222	34532579.0	10.1080/23802359.2021.1972870	2021		7	The 13 PCGs sequences were aligned using Clustal v2.1 after manually removed the stop codons, and then concatenated into a combined dataset using SequenceMatrix v1.7.8	SequenceMatrix		SM51323	software	SequenceMatrix
comm	comm/Mitochondrial_DNA_B_Resour/PMC8266248.nxml	8266248	34286091.0	10.1080/23802359.2021.1947916	2021		4	2010) and concatenated using SequenceMatrix version 1.8 (Vaidya et al	SequenceMatrix		SM51323	software	SequenceMatrix
comm	comm/Mitochondrial_DNA_B_Resour/PMC7707448.nxml	7707448	33366200.0	10.1080/23802359.2019.1682483	2019		3	The aligned data were concatenated with Sequence Matrix v.1.7.8 (Vaidya et al	Sequence Matrix		SM61024	not_curated	SequenceMatrix
comm	comm/Mitochondrial_DNA_B_Resour/PMC8291066.nxml	8291066	34350345.0	10.1080/23802359.2021.1950066	2021		2	2019), and then concatenated these alignments into a gene dataset using the SequenceMatrix v1.7.8 (Vaidya et al	SequenceMatrix		SM51323	software	SequenceMatrix
comm	comm/Mitochondrial_DNA_B_Resour/PMC8259866.nxml	8259866	34263044.0	10.1080/23802359.2021.1915711	2021		2	Thirteen PCGs were concatenated by SequenceMatrix v1.7.8 (Gaurav et al	SequenceMatrix		SM51323	software	SequenceMatrix
comm	comm/Mitochondrial_DNA_B_Resour/PMC7971323.nxml	7971323	33796669.0	10.1080/23802359.2021.1886014	2021		4	The sequence matrix with 13,171 aligned nucleotide sites were concatenated using SequenceMatrix v1	SequenceMatrix		SM51323	software	SequenceMatrix
comm	comm/Mitochondrial_DNA_B_Resour/PMC8079056.nxml	8079056	33969213.0	10.1080/23802359.2021.1914522	2021		3	Alignments of individual genes were concatenated using SequenceMatrix 1.7.8 (Vaidya et al	SequenceMatrix	1.7.8	SM51323	software	SequenceMatrix
comm	comm/Mitochondrial_DNA_B_Resour/PMC7748853.nxml	7748853	33366563.0	10.1080/23802359.2019.1703585	2020		4	The aligned data were concatenated with Sequence Matrix v.1.7.8 (Vaidya et al	Sequence Matrix		SM61024	not_curated	SequenceMatrix
comm	comm/Mitochondrial_DNA_B_Resour/PMC8312585.nxml	8312585	34368443.0	10.1080/23802359.2021.1955767	2021		3	Alignments of individual genes were concatenated using SequenceMatrix 1.7.8 (Vaidya et al	SequenceMatrix	1.7.8	SM51323	software	SequenceMatrix
comm	comm/Mitochondrial_DNA_B_Resour/PMC7783146.nxml	7783146	33458046.0	10.1080/23802359.2020.1797563	2020		3	2010) and concatenated with SequenceMatrix v1.7.8 (Vaidya et al	SequenceMatrix		SM51323	software	SequenceMatrix
comm	comm/Mitochondrial_DNA_B_Resour/PMC7954433.nxml	7954433	33763594.0	10.1080/23802359.2021.1884020	2021		4	Ambiguously aligned sites were excluded in Gblocks v.0.91b (Castresana 2000) and then concatenated using SequenceMatrix v1.7.8 (Vaidya et al	SequenceMatrix		SM51323	software	SequenceMatrix
comm	comm/Mitochondrial_DNA_B_Resour/PMC7782284.nxml	7782284	33457974.0	10.1080/23802359.2020.1790325	2020		3	2015) with MAFFT (Katoh and Standley 2013) and concatenated in SequenceMatrix (Vaidya et al	SequenceMatrix		SM51323	software	SequenceMatrix
comm	comm/Mitochondrial_DNA_B_Resour/PMC8425699.nxml	8425699	34514135.0	10.1080/23802359.2021.1970647	2021		3	2010) was used for the PCGs alignment and SequenceMatrix v1.8 (Vaidya et al	SequenceMatrix		SM51323	software	SequenceMatrix
comm	comm/Mitochondrial_DNA_B_Resour/PMC8266238.nxml	8266238	34286082.0	10.1080/23802359.2021.1945508	2021		2	2019), and then we concatenated these alignments into a combined gene dataset using SequenceMatrix v1.7.8 (Vaidya et al	SequenceMatrix		SM51323	software	SequenceMatrix
comm	comm/Mitochondrial_DNA_B_Resour/PMC7799975.nxml	7799975	33474270.0	10.1080/23802359.2017.1413308	2018		4	The data aligned from 13PCGs were concatenated with Sequence Matrix v.1.7.8 (Vaidya et al	Sequence Matrix		SM61024	not_curated	SequenceMatrix
comm	comm/Mitochondrial_DNA_B_Resour/PMC8330779.nxml	8330779	34377791.0	10.1080/23802359.2021.1944383	2021		2	2019), and then, we concatenated these alignments to a gene set using the SequenceMatrix v1.7.8 (Vaidya et al	SequenceMatrix		SM51323	software	SequenceMatrix
comm	comm/Mitochondrial_DNA_B_Resour/PMC8425693.nxml	8425693	34514133.0	10.1080/23802359.2021.1970643	2021		2	2019), and then concatenated into a gene dataset using the SequenceMatrix v1.7.8 (Vaidya et al	SequenceMatrix		SM51323	software	SequenceMatrix
comm	comm/Mitochondrial_DNA_B_Resour/PMC7707367.nxml	7707367	33365997.0	10.1080/23802359.2019.1674215	2019		2	Individual sequences of 14 protein-coding genes (atp6, atp8, atp9, cob, cox1,cox2, cox3, nad1, nad2, nad3, nad4, nad4L, nad5 and nad6) were aligned using MEGA v6.06, concatenated using SequenceMatrix v1.8, and then a neighbor-joining phylogenetic tree was constructed using MEGA v6.06 with 1000 bootstrap replicates.	SequenceMatrix		SM51323	software	SequenceMatrix
comm	comm/Mol_Ecol/PMC4657503.nxml	4657503	26172573.0	10.1111/mec.13307	2015	DNA isolation, amplification and sequencing	8	The two genes were concatenated using Sequence Matrix (Vaidya et al	Sequence Matrix		SM61024	not_curated	SequenceMatrix
comm	comm/Molecules/PMC6154544.nxml	6154544	28513562.0	10.3390/molecules22050824	2017	4.4. Phylogenetic Analyses for Isolate Identification	23	The multilocus datasets were generated with the SequenceMatrix program [72] and the phylogenetic analyses were performed using the maximum likelihood (ML) approach	SequenceMatrix		SM51323	software	SequenceMatrix
comm	comm/Mol_Plant_Pathol/PMC7814964.nxml	7814964	33301200.0	10.1111/mpp.13025	2020	Phylogenetic analysis	40	The data sets were concatenated using Sequence Matrix (Vaidya et al., 2011) and the concatenated sequences (7,960 amino acids) were then exported for further analysis.	Sequence Matrix		SM61024	not_curated	SequenceMatrix
comm	comm/MycoKeys/PMC6160798.nxml	6160798	30271262.0	10.3897/mycokeys.40.26724	2018	Sequence alignment and phylogenetic analysis	8	SequenceMatrix software (Vaidya et al	SequenceMatrix		SM51323	software	SequenceMatrix
comm	comm/MycoKeys/PMC5904430.nxml	5904430	29681740.0	10.3897/mycokeys.33.23341	2018	DNA isolation, amplification and sequences analyses	5	2013) and SequenceMatrix (Vaidya et al	SequenceMatrix		SM51323	software	SequenceMatrix
comm	comm/MycoKeys/PMC7136305.nxml	7136305	32273794.0	10.3897/mycokeys.66.46575	2020	Phylogenetic analyses	8	Alignments were constructed separately for each locus with MUSCLE 3.8.31 (Edgar 2004) and the concatenated matrices were assembled by SequenceMatrix 1.7.8 (Vaidya et al	SequenceMatrix	1.7.8	SM51323	software	SequenceMatrix
comm	comm/MycoKeys/PMC6422929.nxml	6422929	30914842.0	10.3897/mycokeys.49.31904	2019	Sequence alignment and phylogenetic analyses	8	were combined and manually adjusted using BioEdit v.7.0.5.3 (Hall 1999), then assembled using SequenceMatrix1.7.8 (Vaidya et al	SequenceMatrix1	SequenceMatrix1.7.8	SM385831	not_curated	SequenceMatrix
comm	comm/MycoKeys/PMC7078340.nxml	7078340	32206025.0	10.3897/mycokeys.65.47704	2020	Sequence alignment and molecular phylogenetic analysis	10	The multi-locus gene dataset was generated using SequenceMatrix v.1.8 (Vaidya et al	SequenceMatrix		SM51323	software	SequenceMatrix
comm	comm/MycoKeys/PMC6694076.nxml	6694076	31423085.0	10.3897/mycokeys.57.36628	2019	Phylogenetic Analyses	6	The aligned sequences of multiple loci were concatenated by SequenceMatrix v.1.7.8 (Vaidya et al	SequenceMatrix		SM51323	software	SequenceMatrix
comm	comm/MycoKeys/PMC6595004.nxml	6595004	31274984.0	10.3897/mycokeys.55.35522	2019	Sequence alignment and phylogenetic analysis	11	As a consequence, alignments were concatenated into a single data matrix with SequenceMatrix (Vaidya et al	SequenceMatrix		SM51323	software	SequenceMatrix
comm	comm/MycoKeys/PMC6775174.nxml	6775174	31592222.0	10.3897/mycokeys.58.37176	2019	Sequence alignment and phylogenetic analyses	9	The concatenated LSU+RPB1+RPB2+TEF and ITS+LSU sequences were assembled by SequenceMatrix v.1.7.8 (Vaidya et al	SequenceMatrix		SM51323	software	SequenceMatrix
comm	comm/MycoKeys/PMC6477871.nxml	6477871	31048984.0	10.3897/mycokeys.51.32272	2019	Phylogenetic analyses	5	After alignment, the concatenation of different genes was done in SequenceMatrix 1.8 (Vaidya et al	SequenceMatrix	1.8	SM51323	software	SequenceMatrix
comm	comm/MycoKeys/PMC8124063.nxml	8124063	34035655.0	10.3897/mycokeys.80.66794	2021	Sequence alignment and phylogenetic analyses	6	Assembling of the combined datasets (RPB1+RPB2+TEF and ITS+RPB1+RPB2+TEF) was performed by SequenceMatrix v.1.7.8 (Vaidya et al	SequenceMatrix		SM51323	software	SequenceMatrix
comm	comm/MycoKeys/PMC8093184.nxml	8093184	33958952.0	10.3897/mycokeys.79.66302	2021	Phylogenetic tree construction	9	The two multi-gene matrixes were generated by SEQUENCEMATRIX 1.7.8 (Vaidya et al	SEQUENCEMATRIX	1.7.8	SM385970	not_curated	not_disambiguated
comm	comm/MycoKeys/PMC6290046.nxml	6290046	30568536.0	10.3897/mycokeys.43.30203	2018	Sequence alignment and phylogenetic analyses	9	2013) and SEQUENCEMATRIX 1.7.8 (Vaidya et al	SEQUENCEMATRIX	1.7.8	SM385970	not_curated	not_disambiguated
comm	comm/MycoKeys/PMC7588496.nxml	7588496	33149720.0	10.3897/mycokeys.74.56655	2020	Sequence alignment and phylogenetic analyses	6	Sequences were concatenated with SequenceMatrix v.1.7.8 (Vaidya et al	SequenceMatrix		SM51323	software	SequenceMatrix
comm	comm/Mycology/PMC6059158.nxml	6059158	30123669.0	10.1080/21501203.2018.1461142	2018	Data analyses	11	Further analyses were carried out after concatenation using Sequence Matrix (Vaidya et al	Sequence Matrix		SM61024	not_curated	SequenceMatrix
comm	comm/Mycology/PMC6781463.nxml	6781463	31632834.0	10.1080/21501203.2019.1635217	2019	Alignments and phylogenetic reconstructions	20	Further analyses were performed after concatenation using Sequence Matrix (Vaidya et al	Sequence Matrix		SM61024	not_curated	SequenceMatrix
comm	comm/Virus_Evol/PMC7959010.nxml	7959010	33747542.0	10.1093/ve/veaa045	2020	2.8 Phylogenetic analysis	15	The individual segment sequences were concatenated to give the full-length genome sequences using SequenceMatrix (Vaidya, Lohman, and Meier 2011)	SequenceMatrix		SM51323	software	SequenceMatrix
comm	comm/Viruses/PMC7019704.nxml	7019704	31947695.0	10.3390/v12010096	2020	2.6. Phylogenetic Analysis	15	A multiple alignment of ten coding regions (VP1–VP7 and NS1–NS3) was performed using the Muscle algorithm of MEGA6 software and then FASTA files were concatenated using the SequenceMatrix tool [27] by matching taxon-names	SequenceMatrix		SM51323	software	SequenceMatrix
comm	comm/World_J_Microbiol_Biotechnol/PMC6435635.nxml	6435635	30868269.0	10.1007/s11274-019-2625-x	2019	Taxonomic investigations	5	Sequences for each gene were individually aligned by PRANK v.140603 (Löytynoja 2014) with default settings, which was followed by concatenation of the alignments with SequenceMatrix 1.8 (Vaidya et al	SequenceMatrix	1.8	SM51323	software	SequenceMatrix
comm	comm/Zookeys/PMC4523765.nxml	4523765	26257535.0	10.3897/zookeys.510.8573	2015	Methods	10	The two data sets were concatenated using SequenceMatrix (Vaidya et al	SequenceMatrix		SM51323	software	SequenceMatrix
comm	comm/Zookeys/PMC5523398.nxml	5523398	28769710.0	10.3897/zookeys.679.12805	2017	Materials and methods	4	The aligned, individual gene data sets were concatenated using SequenceMatrix (Vaidya et al	SequenceMatrix		SM51323	software	SequenceMatrix
comm	comm/Zookeys/PMC5673861.nxml	5673861	29134024.0	10.3897/zookeys.698.13411	2017	tab_caption	1	"""""""COI barcode sequence pairwise differences for """"""""-like"""""""", , and specimens, based on SequenceMatrix"""""""	SequenceMatrix		SM51323	software	SequenceMatrix
comm	comm/Zookeys/PMC5673861.nxml	5673861	29134024.0	10.3897/zookeys.698.13411	2017	Molecular analysis	4	Uncorrected pairwise distances (see Srivathsan and Meier 2012) were used to quantify the intra- and inter-specific variability in SequenceMatrix (Vaidya et al	SequenceMatrix		SM51323	software	SequenceMatrix
comm	comm/Zookeys/PMC5673861.nxml	5673861	29134024.0	10.3897/zookeys.698.13411	2017	Molecular analysis	10	Pairwise differences for these sequences calculated in SequenceMatrix (Vaidya et al	SequenceMatrix		SM51323	software	SequenceMatrix
comm	comm/Zookeys/PMC5673861.nxml	5673861	29134024.0	10.3897/zookeys.698.13411	2017		11	COI barcode sequence pairwise differences for “-like”, , and specimens, based on SequenceMatrix	SequenceMatrix		SM51323	software	SequenceMatrix
comm	comm/Zookeys/PMC5928055.nxml	5928055	29719474.0	10.3897/zookeys.752.23712	2018	Materials and methods	21	The aligned sequences were concatenated using Sequence Matrix (Vaidya et al	Sequence Matrix		SM61024	not_curated	SequenceMatrix
comm	comm/Zookeys/PMC6198026.nxml	6198026	30364726.0	10.3897/zookeys.790.28875	2018	Molecular phylogenetic analyses	8	Alignments of different markers were concatenated using SequenceMatrix 1.8 (Gaurav et al	SequenceMatrix	1.8	SM51323	software	SequenceMatrix
comm	comm/Zookeys/PMC6328525.nxml	6328525	30636909.0	10.3897/zookeys.812.29908	2019	Alignments, partitioning strategies, and phylogenetic analyses	13	Finally, 12 PCGs and the 2 rRNA genes were concatenated (11862 bp) using SequenceMatrix (Vaidya et al	SequenceMatrix		SM51323	software	SequenceMatrix
comm	comm/Zookeys/PMC6389645.nxml	6389645	30814903.0	10.3897/zookeys.825.32271	2019	Molecular data analysis	13	The individual datasets were concatenated in SequenceMatrix (Vaidya et al	SequenceMatrix		SM51323	software	SequenceMatrix
comm	comm/Zookeys/PMC6482596.nxml	6482596	31065224.0	10.3897/zookeys.839.28312	2019	Sequence alignment and editing	11	The combined gene matrix was converted to tnt format using Sequence matrix 1.7.8 (Vaidya, Lohman, Meier 2011)	Sequence matrix	1.7.8	SM401255	not_curated	SequenceMatrix
comm	comm/Zookeys/PMC6656784.nxml	6656784	31363346.0	10.3897/zookeys.864.26689	2019	Phylogenetic analysis	6	All 16 aligned genes were concatenated using SequenceMatrix version 1.7.8 (Vaidya et al	SequenceMatrix		SM51323	software	SequenceMatrix
comm	comm/Zookeys/PMC6718372.nxml	6718372	31528119.0	10.3897/zookeys.872.36288	2019	Molecular phylogenetic analyses	13	Alignments of the separate markers were all concatenated using SequenceMatrix 1.8 (Gaurav et al	SequenceMatrix	1.8	SM51323	software	SequenceMatrix
comm	comm/Zookeys/PMC7237507.nxml	7237507	32476973.0	10.3897/zookeys.932.48532	2020	Phylogenetic analyses	11	Aligned sequences for COI, 16S, 18S, 28S, H3, and CytB were concatenated using SequenceMatrix v.1.8 (Vaidya et al	SequenceMatrix		SM51323	software	SequenceMatrix
comm	comm/Zookeys/PMC7515930.nxml	7515930	33013166.0	10.3897/zookeys.969.49278	2020	Phylogenetic analyses	7	Alignments of individual genes were concatenated using SequenceMatrix v1.7.8 (Gaurav et al	SequenceMatrix		SM51323	software	SequenceMatrix
comm	comm/Zookeys/PMC7758309.nxml	7758309	33384564.0	10.3897/zookeys.1004.58537	2020	Phylogenetic analyses	10	Sequences were trimmed in Mesquite v 3.10 (Maddison and Maddison 2019) after which the three separate data sets were concatenated with SequenceMatrix (Vaidya et al	SequenceMatrix		SM51323	software	SequenceMatrix
comm	comm/Zoological_Lett/PMC8040243.nxml	8040243	33845896.0	10.1186/s40851-021-00172-0	2021	Phylogenetic and biogeographic analyses	44	The sequences for the nuclear gene fragments were concatenated to generate a 2803-bp matrix in SequenceMatrix ([50]; see Supplementary Material 7)	SequenceMatrix		SM51323	software	SequenceMatrix
comm	comm/Parasit_Vectors/PMC7310197.nxml	7310197	32571423.0	10.1186/s13071-020-04187-y	2020	Mitophylogenomics in the superfamily Tylenchoidea	9	SequenceMatrix [50] was used to concatenate all 12 PCG alignments in the following order: atp6-cox1-cox2-cox3-cytb-nad1-nad2-nad3-nad4-nad4L-nad5-nad6	SequenceMatrix		SM51323	software	SequenceMatrix
comm	comm/Parasit_Vectors/PMC5644147.nxml	5644147	29037251.0	10.1186/s13071-017-2457-1	2017	Data analysis	20	Cox1 and GPI sequences were concatenated in SequenceMatrix 1.8 [66] and submitted to NJ, ML, MP and BI analysis as described above.	SequenceMatrix	1.8	SM51323	software	SequenceMatrix
comm	comm/Parasit_Vectors/PMC6805402.nxml	6805402	31639027.0	10.1186/s13071-019-3750-y	2019	Molecular analysis	12	The concatenated alignment containing cox1 and 28S sequences was generated by Sequence Matrix v.1.8 [68]	Sequence Matrix		SM61024	not_curated	SequenceMatrix
comm	comm/Parasit_Vectors/PMC8420037.nxml	8420037	34488869.0	10.1186/s13071-021-04963-4	2021	Phylogenetic analysis	8	Individual alignments were concatenated in SequenceMatrix [39]	SequenceMatrix		SM51323	software	SequenceMatrix
comm	comm/Pathogens/PMC7168623.nxml	7168623	31861831.0	10.3390/pathogens9010009	2019	4.2. DNA Extraction, Amplification, Sequencing, and Phylogenetic Analysis	20	Alignments of gpdh and ITS datasets contained high number of indels with important phylogenetic signal, therefore gaps were coded as absence/presence characters by SequenceMatrix v1.8 [36] using the simple indel coding algorithm [37]	SequenceMatrix		SM51323	software	SequenceMatrix
comm	comm/PeerJ/PMC8074845.nxml	8074845	33981506.0	10.7717/peerj.11310	2021	Population analysis, alignment and phylogenetic analysis	15	Linking sequences and their partitioning for subsequent analyses were made in SequenceMatrix v.1.8 (Vaidya, Lohman & Meier, 2011).	SequenceMatrix		SM51323	software	SequenceMatrix
comm	comm/PeerJ/PMC6786251.nxml	6786251	31608181.0	10.7717/peerj.7853	2019	Phylogenetic analysis	14	Then, these (13 PCGs and two rRNAs) aligned nucleotide sequences were concatenated using SequenceMatrix v1.7.8 (Vaidya, Lohman & Meier, 2011) and partitioned into several data blocks.	SequenceMatrix		SM51323	software	SequenceMatrix
comm	comm/PeerJ/PMC6500721.nxml	6500721	31106070.0	10.7717/peerj.6866	2019	Phylogenetic analysis	16	Then, the aligned nucleotide sequences were concatenated with SequenceMatrix v1.7.8 (Vaidya, Lohman & Meier, 2011) and partitioned into several data blocks.	SequenceMatrix		SM51323	software	SequenceMatrix
comm	comm/PeerJ/PMC7039129.nxml	7039129	32117634.0	10.7717/peerj.8603	2020	Alignment and model selection	8	The final alignment files were then concatenated using SequenceMatrix v.1.7.8 (Vaidya, Lohman & Meier, 2011)	SequenceMatrix		SM51323	software	SequenceMatrix
comm	comm/PeerJ/PMC7456527.nxml	7456527	32913670.0	10.7717/peerj.9515	2020	Alignment and phylogenetic analyses	10	The aligned sequences of the two gene regions were concatenated into one dataset using Sequence Matrix 1.7.8 (Vaidya, Lohman & Meier, 2011) and obtained NEXUS data block for combined data set as follows: #NEXUS begin data; dimensions ntax = 80 nchar = 6974; format datatype = dna; gap = −; missing = ?; matrix; end;	Sequence Matrix	1.7.8	SM61024	not_curated	SequenceMatrix
comm	comm/PeerJ/PMC6305119.nxml	6305119	30595984.0	10.7717/peerj.6131	2018	Phylogenetic analyses	16	The amino acid alignments of the 13 PCGs and two rRNAs were concatenated using SequenceMatrix v1.7.8 (Vaidya, Lohman & Meier, 2011) and used in phylogenetic analyses under the Maximum-likelihood (ML) criteron and Bayesian inference (BI)	SequenceMatrix		SM51323	software	SequenceMatrix
comm	comm/PeerJ/PMC8106913.nxml	8106913	33996279.0	10.7717/peerj.11294	2021	Phylogenetic analyses	9	Alignments of individual genes were then concatenated using SequenceMatrix v1.7.8 (Vaidya, Lohman & Meier, 2011) to generate five datasets: PCG123 (all three codon positions of the 13 PCGs), PCG123R (all three codon positions of the 13 PCGs and two rRNAs), PCG12 (the first and second codon positions of the 13 PCGs), PCG12R (the first and second codon positions of the 13 PCGs and two rRNAs), and AA (amino acid sequences of the 13 PCGs)	SequenceMatrix		SM51323	software	SequenceMatrix
comm	comm/PeerJ/PMC7546225.nxml	7546225	33083111.0	10.7717/peerj.9932	2020	Phylogenetic analysis	6	The 13 PCGs were aligned by MAFFT and concatenated as a combined dataset using SequenceMatrix v1.7.8 (Katoh & Standley, 2013)	SequenceMatrix		SM51323	software	SequenceMatrix
comm	comm/PeerJ/PMC6979410.nxml	6979410	31998551.0	10.7717/peerj.8204	2020	Phylogenetic analysis	21	The aligned sequences of all eight markers were further concatenated in Sequencematrix (Vaidya, Lohman & Meier, 2011)	Sequencematrix		SM146030	not_curated	SequenceMatrix
comm	comm/PeerJ/PMC5446773.nxml	5446773	28560106.0	10.7717/peerj.3356	2017	Phylogenetic analyses	14	Each gene was analyzed separately and then combined by genomic location; mitochondrial (COI + CR) and nuclear (β-tubulin + ITS-1), and then concatenated into a single dataset (COI + CR + β-tubulin + ITS-1) in SequenceMatrix v	SequenceMatrix		SM51323	software	SequenceMatrix
comm	comm/PeerJ/PMC8236233.nxml	8236233	34221725.0	10.7717/peerj.11622	2021	Phylogenetic analysis	13	Once aligned, we concatenated our data into a multi-locus dataset with SequenceMatrix 1.8 (Vaidya, Lohman & Meier, 2011) for phylogenetic analysis	SequenceMatrix	1.8	SM51323	software	SequenceMatrix
comm	comm/PeerJ/PMC8435205.nxml	8435205	34589293.0	10.7717/peerj.11954	2021	Molecular analyses, species delimitation and descriptions	19	We imported the 16S, ITS1 and 28S implied alignments, and the COI static alignment, to Sequence Matrix ver 1.8 (Vaidya, Lohman & Meier, 2011), and selected mostly 3-4 sequences, when available, of each marker for each of the hypothesized species (see details of sequence composition in Table S5)	Sequence Matrix		SM61024	not_curated	SequenceMatrix
comm	comm/PeerJ/PMC6659665.nxml	6659665	31372319.0	10.7717/peerj.7317	2019	Phylogenetic analysis	8	The separated genes and partitions were concatenated with SequenceMatrix software (Vaidya, Lohman & Meier, 2011)	SequenceMatrix		SM51323	software	SequenceMatrix
comm	comm/PeerJ/PMC6698373.nxml	6698373	31435494.0	10.7717/peerj.7531	2019	Sequence alignment and model testing	9	Afterwards, individual gene alignments were concatenated using SequenceMatrix v.1.7.8.1 (Vaidya, Lohman & Meier, 2011) and the most appropriate model of nucleotide evolution selected for the concatenated alignment as described above.	SequenceMatrix		SM51323	software	SequenceMatrix
comm	comm/PeerJ/PMC7860113.nxml	7860113	33585083.0	10.7717/peerj.10804	2021	Species delimitation	16	For this, we combined both sequences in the unified supermatrix via SequenceMatrix v.1.8 (), a nucleotide substitution model for each locus was defined in ModelFinder (for the entire 16S sequences and individually for each nucleotide position in the triplet for COI)	SequenceMatrix		SM51323	software	SequenceMatrix
comm	comm/PeerJ/PMC6791353.nxml	6791353	31616603.0	10.7717/peerj.7869	2019	Phylogenetic analyses and genetic distances	10	The isolated fragments were concatenated using Sequence Matrix v1.8 (Vaidya, Lohman & Meier, 2011)	Sequence Matrix		SM61024	not_curated	SequenceMatrix
comm	comm/PhytoKeys/PMC8455504.nxml	8455504	34616209.0	10.3897/phytokeys.182.71063	2021	DNA Sequencing and Molecular Analyses	4	Two sequences (ITS and rps16) were combined by Sequence Matrix v.1.7.8 for later analysis (Vaidya et al	Sequence Matrix		SM61024	not_curated	SequenceMatrix
comm	comm/PhytoKeys/PMC7455576.nxml	7455576	32913412.0	10.3897/phytokeys.156.37277	2020	Materials and methods	5	We used SequenceMatrix ver	SequenceMatrix		SM51323	software	SequenceMatrix
comm	comm/PhytoKeys/PMC5624197.nxml	5624197	29033667.0	10.3897/phytokeys.86.13532	2017	Phylogenetic reconstruction	13	We concatenated aligned matrices using SEQUENCEMATRIX (Vaidya et al	SEQUENCEMATRIX		SM385970	not_curated	not_disambiguated
comm	comm/PhytoKeys/PMC7266837.nxml	7266837	32523394.0	10.3897/phytokeys.148.48510	2020	Materials and methods	6	Sequences of the five markers were concatenated using SequenceMatrix Windows ver	SequenceMatrix		SM51323	software	SequenceMatrix
comm	comm/PhytoKeys/PMC7471474.nxml	7471474	32943975.0	10.3897/phytokeys.156.53502	2020	Character-based DNA barcoding	8	All markers were assembled with SequenceMatrix v.1.7.8 (Vaidya et al	SequenceMatrix		SM51323	software	SequenceMatrix
comm	comm/PhytoKeys/PMC7467946.nxml	7467946	32934447.0	10.3897/phytokeys.157.32609	2020	Sequence alignment and phylogenetic analysis	7	A combined ITS and trnL-F matrix was generated using SequenceMatrix (Vaidya et al	SequenceMatrix		SM51323	software	SequenceMatrix
comm	comm/PhytoKeys/PMC7467941.nxml	7467941	32934448.0	10.3897/phytokeys..32427	2020	The systematic position of taxa in Hainan Island	9	The two no-coding gene ITS1/2 and trnL-trnF were concatenated to a single matrix by the programme SequenceMatrix v.1.7.8 (Vaidya et al	SequenceMatrix		SM51323	software	SequenceMatrix
comm	comm/PhytoKeys/PMC7467941.nxml	7467941	32934448.0	10.3897/phytokeys..32427	2020	Genetic diversity and differentiation	10	Subsequently, we combined the two no-coding cpDNA regions as a single locus by the programme SequenceMatrix v.1.7.8 (Vaidya et al	SequenceMatrix		SM51323	software	SequenceMatrix
comm	comm/PhytoKeys/PMC5558824.nxml	5558824	28814915.0	10.3897/phytokeys.71.9203	2016	Phylogenetic analyses	10	Matrices were concatenated using SequenceMatrix (Vaidya et al	SequenceMatrix		SM51323	software	SequenceMatrix
comm	comm/Plants_(Basel)/PMC6681236.nxml	6681236	31288447.0	10.3390/plants8070210	2019	4.4.2. Combined Sequence	15	Subsequently, the sequences were merged while using SequenceMatrix1.8 [48] and saved in *.nex format.	SequenceMatrix1	SequenceMatrix1.8	SM385831	not_curated	SequenceMatrix
comm	comm/Plants_(Basel)/PMC7238176.nxml	7238176	32295225.0	10.3390/plants9040502	2020	4.7. Phylogenetic Analyses	54	The alignments for each locus were combined in a single file using the program SequenceMatrix 1.8 [54]	SequenceMatrix	1.8	SM51323	software	SequenceMatrix
comm	comm/Plants_(Basel)/PMC7601144.nxml	7601144	33050285.0	10.3390/plants9101332	2020	4.7. Phylogenetic Relationship within Coelogyne	26	We extracted the same sequence fragments of the eight primers’ locations after alignment with MAFFT v7.45 [40] from the whole chloroplast genome of the above four species; then, the four or eight fragments of four species were combined like all other sequences using SequenceMatrix v1.7.8 [50]	SequenceMatrix		SM51323	software	SequenceMatrix
comm	comm/PLoS_Curr/PMC3644299.nxml	3644299	23653398.0	10.1371/currents.tol.53ba26640df0ccaee75bb165c8c26288	2013	Materials and Methods	14	Individual genes were concatenated using SequenceMatrix v1.7.858 or Geneious	SequenceMatrix		SM51323	software	SequenceMatrix
comm	comm/PLoS_Negl_Trop_Dis/PMC4207677.nxml	4207677	25340752.0	10.1371/journal.pntd.0003256	2014	Analyses	19	Samples for which both ITS 1 and 2 were generated were concatenated in Sequence Matrix v	Sequence Matrix		SM61024	not_curated	SequenceMatrix
comm	comm/PLoS_One/PMC5172622.nxml	5172622	27997573.0	10.1371/journal.pone.0168464	2016	Phylogenetics and sequence characterization	7	The coding regions of all segments for each five isolate were manually inspected, trimmed and then concatenated in the following sequence order of PB2, PB1, PA, HA, NP, NA, M and NS using the SequenceMatrix software [16]	SequenceMatrix		SM51323	software	SequenceMatrix
comm	comm/PLoS_One/PMC7449498.nxml	7449498	32845927.0	10.1371/journal.pone.0237882	2020	Sequence assembly and alignment	12	The combined data set of COI, ITS1 and ITS2 was concatenated in SequenceMatrix [34].	SequenceMatrix		SM51323	software	SequenceMatrix
comm	comm/PLoS_One/PMC7959404.nxml	7959404	33720930.0	10.1371/journal.pone.0247747	2021	Molecular characters	22	Finally, the concatenation of both the morphological and molecular matrices was achieved using SequenceMatrix 1.8 software [49], and exported as NEXUS and TNT files.	SequenceMatrix	1.8	SM51323	software	SequenceMatrix
comm	comm/PLoS_One/PMC3192703.nxml	3192703	22022365.0	10.1371/journal.pone.0024851	2011	Materials and Methods	17	Aligned sequence matrices were concatenated with SequenceMatrix software [51]	SequenceMatrix		SM51323	software	SequenceMatrix
comm	comm/PLoS_One/PMC6812824.nxml	6812824	31648276.0	10.1371/journal.pone.0224463	2019	Phylogenetic analysis and molecular dating	4	The final alignments were concatenated into a single matrix in the Sequence Matrix v.1.7.8 [30]	Sequence Matrix		SM61024	not_curated	SequenceMatrix
comm	comm/PLoS_One/PMC4814057.nxml	4814057	27027632.0	10.1371/journal.pone.0150920	2016	Laboratory procedures and Preparation of datasets	19	We concatenated the different DNA locus partitions with SequenceMatrix v.1.7.7 [48]	SequenceMatrix		SM51323	software	SequenceMatrix
comm	comm/PLoS_One/PMC3369884.nxml	3369884	22685573.0	10.1371/journal.pone.0038474	2012	Marker Design, Amplification, Sequence Editing and Alignment	16	A concatenated nDNA dataset was also generated for pairwise alignments and demographic inference using SequenceMatrix [34].	SequenceMatrix		SM51323	software	SequenceMatrix
comm	comm/PLoS_One/PMC5695614.nxml	5695614	29095864.0	10.1371/journal.pone.0187104	2017	Phylogenetic analysis and gene evolutionary rates	7	The thirty-five mitochondrial protein-coding gene alignments were concatenated into one dataset using SequenceMatrix 1.7.6 [29] where each gene represented a partition	SequenceMatrix	1.7.6	SM51323	software	SequenceMatrix
comm	comm/PLoS_One/PMC3360049.nxml	3360049	22675425.0	10.1371/journal.pone.0037473	2012	Data analysis	12	Sequences were aligned using ClustalW in MEGA 5.03 with a gap opening penalty of 15, a gap extension penalty of 6.66, and a transition weight of 0.5 [18], [19] and concatenated using Sequence Matrix 1.7.8 [20]	Sequence Matrix	1.7.8	SM61024	not_curated	SequenceMatrix
comm	comm/PLoS_One/PMC4380458.nxml	4380458	25826648.0	10.1371/journal.pone.0123594	2015	Phylogenetic analysis	15	Individual genes were concatenated using SequenceMatrix v1.7.8 [54]	SequenceMatrix		SM51323	software	SequenceMatrix
comm	comm/PLoS_One/PMC6435229.nxml	6435229	30913218.0	10.1371/journal.pone.0213273	2019	2.2 Epicoccum spp. identification	9	Maximum likelihood (ML) and Bayesian analyses were conducted for each locus and on a three-locus dataset combined using the program SequenceMatrix 1.8 [50]	SequenceMatrix	1.8	SM51323	software	SequenceMatrix
comm	comm/PLoS_One/PMC3256190.nxml	3256190	22253849.0	10.1371/journal.pone.0029987	2012	2.4.4 Tree-based analysis	22	Combination matrices of different loci were obtained using SequenceMatrix 1.6.5 [49]	SequenceMatrix	1.6.5	SM51323	software	SequenceMatrix
comm	comm/PLoS_One/PMC4229182.nxml	4229182	25389773.0	10.1371/journal.pone.0112461	2014	Maximum likelihood approach	15	Multiple sequence alignments were first performed to each fragment using MUSCLE and the alignments were subsequently trimmed in Gblocks and concatenated using SequenceMatrix [21]	SequenceMatrix		SM51323	software	SequenceMatrix
comm	comm/PLoS_One/PMC6082535.nxml	6082535	30089124.0	10.1371/journal.pone.0200956	2018	Phylogenetic analyses	12	Using SequenceMatrix [68], the two (COI and ND1) data sets were concatenated (1011 bp) for construction of phylogenetic trees	SequenceMatrix		SM51323	software	SequenceMatrix
comm	comm/PLoS_One/PMC4079613.nxml	4079613	24988409.0	10.1371/journal.pone.0101375	2014	Phylogenetic analyses	13	Individual genes were concatenated using SequenceMatrix v1.7.8 [50]	SequenceMatrix		SM51323	software	SequenceMatrix
comm	comm/PLoS_One/PMC6502327.nxml	6502327	31059557.0	10.1371/journal.pone.0216608	2019	Protein-coding sequences	5	We concatenated these sequences using Sequence Matrix (Vaidya et al., 2010); the concatenated sequences included 42,785 nucleotide positions	Sequence Matrix		SM61024	not_curated	SequenceMatrix
comm	comm/PLoS_One/PMC6192594.nxml	6192594	30332426.0	10.1371/journal.pone.0204756	2018	Phylogenetic and species delimitation analysis	14	Then, in order to reduce polytomy and search for more resolved relationships, we concatenated the COI data set with three nuclear markers, 18S rRNA, 28S rRNA and ITS-2, using SequenceMatrix [56]	SequenceMatrix		SM51323	software	SequenceMatrix
comm	comm/PLoS_One/PMC3460966.nxml	3460966	23029072.0	10.1371/journal.pone.0045523	2012	Sequence Alignment and Phylogenetic Analysis	10	SequenceMatrix 1.7.8 [53] and Mesquite 2.74 [54] were used to concatenate aligned gene regions into a combined molecular dataset	SequenceMatrix	1.7.8	SM51323	software	SequenceMatrix
comm	comm/PLoS_One/PMC4920351.nxml	4920351	27341029.0	10.1371/journal.pone.0158167	2016	Bioinformatic and Phylogenetic analysis	10	Individual genes were concatenated into a single data matrix using SequenceMatrix v1.7.8 [50]	SequenceMatrix		SM51323	software	SequenceMatrix
comm	comm/PLoS_One/PMC7179895.nxml	7179895	32324729.0	10.1371/journal.pone.0225233	2020	Phylogeny and Gene Order (GO) analyses	8	Finally, for each of the two datasets, the sequences of all PCGs were concatenated using SequenceMatrix v1.7.84537 [45]	SequenceMatrix		SM51323	software	SequenceMatrix
comm	comm/PLoS_One/PMC7055844.nxml	7055844	32130211.0	10.1371/journal.pone.0228485	2020	Phylogenetic analysis	10	A concatenated matrix was assembled using Sequence Matrix (v	Sequence Matrix		SM61024	not_curated	SequenceMatrix
comm	comm/PLoS_One/PMC5330476.nxml	5330476	28245223.0	10.1371/journal.pone.0172352	2017	Molecular data set	11	For each gene, sequences were assembled and aligned in Geneious R8 [25] considering invertebrate mitochondrial translation code (using Translation Align tool), and thereafter concatenated dataset from these two gene alignments were conducted in SequenceMatrix 1.7.9	SequenceMatrix	1.7.9	SM51323	software	SequenceMatrix
comm	comm/PLoS_One/PMC6059426.nxml	6059426	30044806.0	10.1371/journal.pone.0200372	2018	Sequence assembly and alignment	11	The aligned matrix was concatenated to a combined matrix using SequenceMatrix version 1.73 [33]	SequenceMatrix		SM51323	software	SequenceMatrix
comm	comm/PLoS_One/PMC6456250.nxml	6456250	30964918.0	10.1371/journal.pone.0215176	2019	Phylogenetic analysis	11	The three final marker data sets were combined using Sequence Matrix software [42], and the data partition matrix was made	Sequence Matrix		SM61024	not_curated	SequenceMatrix
comm	comm/PLoS_One/PMC4156343.nxml	4156343	25192061.0	10.1371/journal.pone.0106649	2014	Mitochondrial gene phylogeny and divergence estimates	15	Complete mitochondrial protein sequences were then aligned using Geneious 6.1.6 (Biomatters Ltd.), followed by minor manual adjustment, and were concatenated using Sequence Matrix 1.7.8 [36]	Sequence Matrix	1.7.8	SM61024	not_curated	SequenceMatrix
comm	comm/PLoS_One/PMC6927662.nxml	6927662	31869373.0	10.1371/journal.pone.0226064	2019	DNA isolation, amplification and sequencing	12	Consensus sequences were aligned using the programme ClustalX 2.1.12 [39], and the genes were concatenated using Sequencematrix [40].	Sequencematrix		SM146030	not_curated	SequenceMatrix
comm	comm/PLoS_One/PMC5376084.nxml	5376084	28362811.0	10.1371/journal.pone.0174792	2017	Phylogenetic analyses	6	Aligned matrices of the seven DNA regions were firstly analyzed separately, then plastid matrices were concatenated using SequenceMatrix 1.7 [44]	SequenceMatrix	1.7	SM51323	software	SequenceMatrix
comm	comm/PLoS_One/PMC6066202.nxml	6066202	30059541.0	10.1371/journal.pone.0200773	2018	Phylogenetic analyses	13	The software Sequence Matrix 1.8 was used for the sequence concatenations [33].	Sequence Matrix	1.8	SM61024	not_curated	SequenceMatrix
comm	comm/PLoS_One/PMC3500307.nxml	3500307	23166696.0	10.1371/journal.pone.0049521	2012	Alignments and Data Concatenation	58	Alignments for 79 different partitions were combined with SequenceMatrix 1.7.8 [137]	SequenceMatrix	1.7.8	SM51323	software	SequenceMatrix
comm	comm/PLoS_One/PMC3777957.nxml	3777957	24069353.0	10.1371/journal.pone.0074828	2013	Molecular methods	11	Sequence data matrixes were concatenated using SequenceMatrix version 1.7 [24].	SequenceMatrix		SM51323	software	SequenceMatrix
comm	comm/PLoS_One/PMC4043755.nxml	4043755	24892428.0	10.1371/journal.pone.0098558	2014	Phylogenetic analyses	37	The derived amino acid sequences of 12 mitochondrial PCGs from 50 nematode species were aligned individually using the online MAFFT service with default parameters (http://mafft.cbrc.jp/alignment/server/) [53] and were then concatenated into a single alignment using SequenceMatrix [54]	SequenceMatrix		SM51323	software	SequenceMatrix
comm	comm/PLoS_One/PMC4465667.nxml	4465667	26061739.0	10.1371/journal.pone.0128181	2015	Phylogenetic analyses	23	Aligned sequences were concatenated and analyzed using Sequence Matrix v1.7.8 [53] and are available at the Dryad repository (doi:10.5061/dryad.63j2j)	Sequence Matrix		SM61024	not_curated	SequenceMatrix
comm	comm/PLoS_One/PMC6395032.nxml	6395032	30818396.0	10.1371/journal.pone.0213181	2019	Phylogenetic analysis	21	We employed Sequence Matrix v1.8 [46] to combine the DNA data and binary characters.	Sequence Matrix		SM61024	not_curated	SequenceMatrix
comm	comm/PLoS_One/PMC3543462.nxml	3543462	23326463.0	10.1371/journal.pone.0053598	2013	DNA extraction, amplification and phylogenetic analyses	11	As the topology of 18S and 28S rRNA genes are congruent [15], the two aligned matrices were concatenated with Sequence Matrix [33], forming a 2386 bp-long dataset containing 104 taxa	Sequence Matrix		SM61024	not_curated	SequenceMatrix
comm	comm/PLoS_One/PMC4182490.nxml	4182490	25268381.0	10.1371/journal.pone.0108603	2014	Phylogenetic analysis	6	We concatenated both gene alignments with SequenceMatrix v	SequenceMatrix		SM51323	software	SequenceMatrix
comm	comm/PLoS_One/PMC5104439.nxml	5104439	27832128.0	10.1371/journal.pone.0165702	2016	Alignment, substitution model choice and phylogenetic inference	23	The resulting alignment for each gene was concatenated using SequenceMatrix v	SequenceMatrix		SM51323	software	SequenceMatrix
comm	comm/PLoS_One/PMC4905661.nxml	4905661	27294529.0	10.1371/journal.pone.0157123	2016	Data analyses	21	The binary characters were combined with the nucleotide data using the program SequenceMatrix [35]	SequenceMatrix		SM51323	software	SequenceMatrix
comm	comm/PLoS_One/PMC7098592.nxml	7098592	32214331.0	10.1371/journal.pone.0230014	2020	Tissue collection and genetic analysis	13	Concatenation of genes was accomplished in SequenceMatrix [48].	SequenceMatrix		SM51323	software	SequenceMatrix
comm	comm/PLoS_One/PMC6053231.nxml	6053231	30024965.0	10.1371/journal.pone.0201068	2018	Phylogenetic analyses	11	Sequence Matrix 1.8 software was used for sequence concatenations [44].	Sequence Matrix	1.8	SM61024	not_curated	SequenceMatrix
comm	comm/PLoS_One/PMC3866145.nxml	3866145	24358356.0	10.1371/journal.pone.0084352	2013	Sequence alignment and phylogenetic analyses	25	The resulting alignments of trimmed nucleotides or amino acids were concatenated in SequenceMatrix [55] into two datasets with 10200 nucleotides or 3400 amino acids	SequenceMatrix		SM51323	software	SequenceMatrix
comm	comm/PLoS_One/PMC6553701.nxml	6553701	31170152.0	10.1371/journal.pone.0207833	2019	Phylogenetic analyses	10	FASTA files were concatenated with SequenceMatrix v1.8 [68] to generate the six-gene dataset	SequenceMatrix		SM51323	software	SequenceMatrix
comm	comm/PLoS_One/PMC4520480.nxml	4520480	26225760.0	10.1371/journal.pone.0134170	2015	Phylogenetic Analysis	11	Individual gene alignments were concatenated using SequenceMatrixv1.7.8 [38]	SequenceMatrixv1	SequenceMatrixv1.7.8	SM565249	not_curated	SequenceMatrix
comm	comm/PLoS_One/PMC5300163.nxml	5300163	28182623.0	10.1371/journal.pone.0170286	2017	Sequence alignment, genetic distance and barcoding gap	6	Then, SequenceMatrix 1.7.7 [44] was used to combine matrixes of single marker into matrixes of multi-makers	SequenceMatrix	1.7.7	SM51323	software	SequenceMatrix
comm	comm/PLoS_One/PMC4922825.nxml	4922825	27348125.0	10.1371/journal.pone.0157386	2016	Methods	7	DNA sequences were corrected and aligned using CodonCode Aligner (CodonCode Corp., Centerville, MA, USA), concatenated using SequenceMatrix [21], and collapsed using Alter [22].	SequenceMatrix		SM51323	software	SequenceMatrix
comm	comm/PLoS_One/PMC5266277.nxml	5266277	28122062.0	10.1371/journal.pone.0170596	2017	Phylogenetic analysis	12	SequenceMatrix [36] was employed to assemble combined datasets.	SequenceMatrix		SM51323	software	SequenceMatrix
comm	comm/PLoS_One/PMC4511787.nxml	4511787	26200914.0	10.1371/journal.pone.0130127	2015	Alignments and phylogenetic analyses	10	We used the software SequenceMatrix 1.7.7 [79] to concatenate the supermatrix	SequenceMatrix	1.7.7	SM51323	software	SequenceMatrix
comm	comm/PLoS_One/PMC4355296.nxml	4355296	25756215.0	10.1371/journal.pone.0116485	2015	Phylogenetic analyses	10	The datasets were finally concatenated using SequenceMatrix [49].	SequenceMatrix		SM51323	software	SequenceMatrix
comm	comm/PLoS_One/PMC6209132.nxml	6209132	30379813.0	10.1371/journal.pone.0199404	2018	Phylogenetic analysis	8	The dataset of all PCGs was concatenated using SequenceMatrix v1.7.845 to form 9696 bp dataset [34]	SequenceMatrix		SM51323	software	SequenceMatrix
comm	comm/PLoS_One/PMC5558960.nxml	5558960	28813426.0	10.1371/journal.pone.0181413	2017	Molecular analyses	17	Multi-gene trees were made by concatenating alignments of the three genes using SequenceMatrix [53], with leading and trailing gaps represented as undefined characters	SequenceMatrix		SM51323	software	SequenceMatrix
comm	comm/PLoS_One/PMC4331094.nxml	4331094	25689825.0	10.1371/journal.pone.0117862	2015	Phylogenetic analyses	11	Alignments of individual genes were concatenated using SequenceMatrix v1.7.8 [34]	SequenceMatrix		SM51323	software	SequenceMatrix
comm	comm/PLoS_One/PMC3496728.nxml	3496728	23152747.0	10.1371/journal.pone.0045715	2012	Phylogenetic Analysis for the Clock Gene Proteins	33	Parsimony trees were constructed from the alignments using TNT phylogenetic software after exporting the data from SequenceMatrix	SequenceMatrix		SM51323	software	SequenceMatrix
comm	comm/Commun_Biol/PMC6884534.nxml	6884534	31815200.0	10.1038/s42003-019-0689-7	2019	Phylogenomic analyses	16	A final concatenated supermatrix was produced with Sequence Matrix 1.8	Sequence Matrix	1.8	SM61024	not_curated	SequenceMatrix
comm	comm/Comput_Struct_Biotechnol_J/PMC7804350.nxml	7804350	33489009.0	10.1016/j.csbj.2020.12.041	2020	Phylogenetic analysis	7	Individual mitochondrial genes were first aligned using the MAFFT v7.037 [46], and then concatenated into a combined mitochondrial gene set using SequenceMatrix v1.7.8 [47]	SequenceMatrix		SM51323	software	SequenceMatrix
comm	comm/Ecol_Evol/PMC5817127.nxml	5817127	29468015.0	10.1002/ece3.3815	2018	Phylogenetic reconstruction of Enchenopa binotata	13	We therefore combined CO1 (875 bp) and EF1α (870 bp) using a supermatrix approach in Sequence Matrix v1.8 (Vaidya, Lohman, & Meier, 2011)	Sequence Matrix		SM61024	not_curated	SequenceMatrix
comm	comm/Ecol_Evol/PMC7029067.nxml	7029067	32076546.0	10.1002/ece3.6008	2020	Phylogenetic analysis, genetic distance, nucleotide mutation rate, and estimation of divergence time	6	Each gene was aligned separately and manually concatenated these sequences using Sequence Matrix v	Sequence Matrix		SM61024	not_curated	SequenceMatrix
comm	comm/Ecol_Evol/PMC6509377.nxml	6509377	31110681.0	10.1002/ece3.5120	2019	DNA extraction, sequencing, and alignment	13	Genes were concatenated with SequenceMatrix v	SequenceMatrix		SM51323	software	SequenceMatrix
comm	comm/Ecol_Evol/PMC6010815.nxml	6010815	29938065.0	10.1002/ece3.4067	2018	Base chromosome number and phylogenetic analysis	12	Sequence data matrices were concatenated using Sequence Matrix version 1.7 (Vaidya, Lohman, & Meier, 2011)	Sequence Matrix		SM61024	not_curated	SequenceMatrix
comm	comm/Ecol_Evol/PMC5415509.nxml	5415509	28479990.0	10.1002/ece3.2853	2017	Alignment and dataset assembly	28	Individual genes and morphological matrices were concatenated using Sequence Matrix (Vaidya, Lohman, & Meier, 2011)	Sequence Matrix		SM61024	not_curated	SequenceMatrix
comm	comm/Ecol_Evol/PMC6745856.nxml	6745856	31534674.0	10.1002/ece3.5474	2019	Phylogenetic analyses	12	All four loci were concatenated using SequenceMatrix v	SequenceMatrix		SM51323	software	SequenceMatrix
comm	comm/Ecol_Evol/PMC6787814.nxml	6787814	31624586.0	10.1002/ece3.5606	2019	Phylogenetic analysis	7	The dataset of all PCGs was concatenated (10,647 bp) using SequenceMatrix v1.7.84537 (Vaidya, Lohman, & Meier, 2010)	SequenceMatrix		SM51323	software	SequenceMatrix
comm	comm/Ecol_Evol/PMC7593144.nxml	7593144	33144951.0	10.1002/ece3.6746	2020	Phylogenetic reconstruction	13	Genes were assembled using the program SequenceMatrix 1.8 (Vaidya, Lohman, & Meier, 2011)	SequenceMatrix	1.8	SM51323	software	SequenceMatrix
comm	comm/Ecol_Evol/PMC6787831.nxml	6787831	31624561.0	10.1002/ece3.5568	2019	Phylogeny of Ficus	14	A Bayesian tree was created, based on the linked sequences, through a combination of SequenceMatrix‐Windows‐1.8 (Vaidya, Lohman, & Meier, 2011) and BEAST.v2.4.5.Windows (Bouckaert et al., 2014)	SequenceMatrix		SM51323	software	SequenceMatrix
comm	comm/Ecol_Evol/PMC7391345.nxml	7391345	32760560.0	10.1002/ece3.6497	2020	Primer design and sequence alignment	7	Afterward, all gene fragments were combined using SequenceMatrix (Vaidya, Lohman, & Meier, 2011).	SequenceMatrix		SM51323	software	SequenceMatrix
comm	comm/Ecol_Evol/PMC6392390.nxml	6392390	30847077.0	10.1002/ece3.4875	2019	Sequence analysis	16	The aligned sequences of rbcL and matK were combined to obtain two‐loci DNA barcodes using SequenceMatrix software (Vaidya, Lohman, & Meier, 2011).	SequenceMatrix		SM51323	software	SequenceMatrix
comm	comm/Ecol_Evol/PMC6662396.nxml	6662396	31380051.0	10.1002/ece3.5301	2019	Phylogenetic analysis	10	A concatenated sequence consisted of four mtDNA genes (Cox1 + Cox3 + CYTB + D‐loop) and one nuclear gene (vWF) fragment, and each marker was separately aligned and these sequences were then manually concatenated using the program Sequence Matrix v1.7.8 (Vaidya, Lohman, & Meier, 2011)	Sequence Matrix		SM61024	not_curated	SequenceMatrix
comm	comm/Evol_Appl/PMC6231483.nxml	6231483	30459838.0	10.1111/eva.12696	2018	Mitochondrial gene amplification and genetic statistic estimation	9	In addition, the three mitochondrial genes of each individual were concatenated into a single sequence using SequenceMatrix v.1.7.8 (Vaidya, Lohman, & Meier, 2011), and the concatenated sequences were then used to estimate pairwise F ST between local populations using Arlequin, with 10,000 permutations applied to test for significance	SequenceMatrix		SM51323	software	SequenceMatrix
comm	comm/Evol_Appl/PMC7980273.nxml	7980273	33767745.0	10.1111/eva.13149	2020	Tree construction	25	We concatenated the resultant files in SequenceMatrix (Vaidya et al., 2011) and exported the concatenated file in phylip format	SequenceMatrix		SM51323	software	SequenceMatrix
comm	comm/Front_Cell_Infect_Microbiol/PMC7935548.nxml	7935548	33680984.0	10.3389/fcimb.2020.618747	2021	Phylogenetic Analyses	8	Sequence Matrix 1.8 software was used for sequence concatenation	Sequence Matrix	1.8	SM61024	not_curated	SequenceMatrix
comm	comm/Front_Genet/PMC7917209.nxml	7917209	33659021.0	10.3389/fgene.2021.534871	2021	Phylogenetic Analysis	8	We first aligned single mitochondrial genes using MAFFT v7.037 (Katoh et al., 2019) and concatenated these alignments to a gene set using the SequenceMatrix v1.7.8 (Vaidya et al., 2011)	SequenceMatrix		SM51323	software	SequenceMatrix
comm	comm/Front_Genet/PMC8261143.nxml	8261143	34249107.0	10.3389/fgene.2021.693541	2021	Phylogenetic Analysis	13	The alignments of the 15 genes were concatenated into a single data matrix using SequenceMatrix v.1.8 (Vaidya et al., 2011)	SequenceMatrix		SM51323	software	SequenceMatrix
comm	comm/Front_Immunol/PMC8250867.nxml	8250867	34220831.0	10.3389/fimmu.2021.683026	2021	Phylogenetically Independent Contrast and Microglia Morphometric Features	18	Sequences were aligned using ClustalW (56) implemented in BioEdit 7.2.5 (57) and concatenated using the program SequenceMatrix 1.8 (58)	SequenceMatrix	1.8	SM51323	software	SequenceMatrix
comm	comm/Front_Microbiol/PMC7658094.nxml	7658094	33193172.0	10.3389/fmicb.2020.572596	2020	Phylogenetic Analyses	6	The concatenated ITS and LSU, and ITS, LSU, MCM7, RPB2, and EF1A sequences were assembled by SequenceMatrix v.1.7.8 (Vaidya et al., 2011)	SequenceMatrix		SM51323	software	SequenceMatrix
comm	comm/Front_Microbiol/PMC8134742.nxml	8134742	34025609.0	10.3389/fmicb.2021.654380	2021	Sequence Alignment, and Phylogenetic Analysis	7	The cured sequence alignments were then concatenated with the SequenceMatrix (Vaidya et al., 2011)	SequenceMatrix		SM51323	software	SequenceMatrix
comm	comm/Front_Microbiol/PMC7644776.nxml	7644776	33193177.0	10.3389/fmicb.2020.573064	2020	Phylogenetic Analysis	9	MAFFT v7.037 software (Abascal et al., 2010) was first used to align the single mitochondrial gene sequence, and then SequenceMatrix v1.7.8 software (Lanfear R	SequenceMatrix		SM51323	software	SequenceMatrix
comm	comm/Front_Microbiol/PMC6974680.nxml	6974680	32010067.0	10.3389/fmicb.2019.02918	2020	Phylogenetic Analysis	33	Sequence concatenation was performed with Sequence Matrix 1.8 software (Vaidya et al., 2011), further corrected in Geneious Prime (Kearse et al., 2012), and plotted in MEGA X	Sequence Matrix	1.8	SM61024	not_curated	SequenceMatrix
comm	comm/Front_Microbiol/PMC7432440.nxml	7432440	32849488.0	10.3389/fmicb.2020.01970	2020	Phylogenetic Analysis	6	We first aligned individual mitochondrial genes using the MAFFT v7.037 software (Katoh et al., 2017), and then concatenated the aligned mitochondrial genes into a combined mitochondrial gene set using the SequenceMatrix v1.7.8 (Vaidya et al., 2011)	SequenceMatrix		SM51323	software	SequenceMatrix
comm	comm/Front_Microbiol/PMC7873960.nxml	7873960	33584571.0	10.3389/fmicb.2020.608991	2021	Sequence Alignment and Phylogenetic Analyses	9	7.0.9.1 (Hall, 1999) and were concatenated in Sequence Matrix v	Sequence Matrix		SM61024	not_curated	SequenceMatrix
comm	comm/Front_Microbiol/PMC8024981.nxml	8024981	33841366.0	10.3389/fmicb.2021.643731	2021	Fusarium Phylogenetic Analysis	22	The three loci were concatenated using SequenceMatrix (Vaidya et al., 2011) and partitioned by gene, codon position and EF1α introns for the ML search, performed as above for individual gene trees–see https://github.com/Rowena-h/MusaEndophytes for the raw alignment and tree files	SequenceMatrix		SM51323	software	SequenceMatrix
comm	comm/Front_Microbiol/PMC6338057.nxml	6338057	30687241.0	10.3389/fmicb.2018.03159	2019	Binning, Annotation, and Phylogenetic Affiliations Using Marker Genes	23	The aligned sequences of 30 of the 31 marker genes (smpB was omitted due to low coverage) were concatenated using “Java Sequence Matrix”	Java Sequence Matrix		SM721820	not_curated	not_disambiguated
comm	comm/Front_Microbiol/PMC7228111.nxml	7228111	32457712.0	10.3389/fmicb.2020.00785	2020	Phylogenetic Analysis	14	The nucleotide sequences of the 13 core genes were individually aligned using MAFFT (v.7.429) with an automatic algorithm (parameter: mafft – auto) (Katoh and Standley, 2013), and multiple sequence alignments were concatenated in SequenceMatrix (v.1.8) (Vaidya et al., 2011).	SequenceMatrix		SM51323	software	SequenceMatrix
comm	comm/Front_Microbiol/PMC7228111.nxml	7228111	32457712.0	10.3389/fmicb.2020.00785	2020	Analysis of Mitochondrial Introns	17	gamsii KUC1747) were individually aligned using MAFFT (v.7.429) with an automatic algorithm (parameter: mafft – auto) (Katoh and Standley, 2013), and multiple sequence alignments were concatenated in SequenceMatrix (v.1.8) (Vaidya et al., 2011)	SequenceMatrix		SM51323	software	SequenceMatrix
comm	comm/Front_Microbiol/PMC7642397.nxml	7642397	33193147.0	10.3389/fmicb.2020.561381	2020	Comparison of Combination Identification	9	A multiple alignment of the combined partial sequences was assembled with MEGA 6 (Tamura et al., 2013) and SEQUENCEMATRIX 1.7.8 (Vaidya et al., 2011)	SEQUENCEMATRIX	1.7.8	SM385970	not_curated	not_disambiguated
comm	comm/Front_Microbiol/PMC7265640.nxml	7265640	32528431.0	10.3389/fmicb.2020.00933	2020	Paralulworthia gigaspora and Paralulworthia posidoniae: Growth Condition, Morphological, and Molecular Study	11	No incongruence was observed among single-loci phylogenetic trees and alignments were concatenated into a single data matrix with SequenceMatrix (Vaidya et al., 2011)	SequenceMatrix		SM51323	software	SequenceMatrix
comm	comm/Front_Microbiol/PMC7756005.nxml	7756005	33362740.0	10.3389/fmicb.2020.591453	2020	Comparative Mitogenome and Phylogenetic Analyses	5	Then the aligned mitochondrial genes were concatenated into a combined mitochondrial gene set using SequenceMatrix v1.7.8 (Vaidya et al., 2011)	SequenceMatrix		SM51323	software	SequenceMatrix
comm	comm/Front_Microbiol/PMC7782312.nxml	7782312	33414778.0	10.3389/fmicb.2020.614910	2020	Sequence Alignment and Phylogenetic Analyses	6	Individual alignments were concatenated using Sequence Matrix v.1.7.8 for multilocus phylogenetic analyses	Sequence Matrix		SM61024	not_curated	SequenceMatrix
comm	comm/Front_Microbiol/PMC6363710.nxml	6363710	30761097.0	10.3389/fmicb.2019.00045	2019	Taxon Sampling, Alignment and Phylogenomic Analyses	9	7 (Katoh and Standley, 2013) and concatenated using Sequence Matrix v 100.0 (Vaidya et al., 2011)	Sequence Matrix		SM61024	not_curated	SequenceMatrix
comm	comm/Front_Microbiol/PMC8287656.nxml	8287656	34290675.0	10.3389/fmicb.2021.583129	2021	Phylogenetic Analysis	7	We first aligned individual mitochondrial genes using MAFFT v7.037 software (Katoh et al., 2019), and then concatenated them into a combined mitochondrial gene dataset using SequenceMatrix v1.7.8 (Vaidya et al., 2011)	SequenceMatrix		SM51323	software	SequenceMatrix
comm	comm/Front_Microbiol/PMC7318869.nxml	7318869	32636830.0	10.3389/fmicb.2020.01382	2020	Phylogenetic Analysis	8	We used MAFFT v7.037 software (Katoh et al., 2017) to align individual mitochondrial genes and then used SequenceMatrix v1.7.8 (Vaidya et al., 2011) to concatenate these alignments into a combined mitochondrial gene set	SequenceMatrix		SM51323	software	SequenceMatrix
comm	comm/Front_Microbiol/PMC6598499.nxml	6598499	31293543.0	10.3389/fmicb.2019.01395	2019	Genetic Identity and Phylogeny	13	The sequences for the different loci were concatenated in sequenceMatrix (1.8)	sequenceMatrix		SM723585	not_curated	SequenceMatrix
comm	comm/Front_Microbiol/PMC5090004.nxml	5090004	27853450.0	10.3389/fmicb.2016.01657	2016	Phylogenetic analysis	8	The sequences for the 16S rRNA, gyrB, rpoB, and trpB (Supplementary Table S1) were concatenated along with those from selected reference strains using SequenceMatrix software (Vaidya et al., 2010)	SequenceMatrix		SM51323	software	SequenceMatrix
comm	comm/Front_Microbiol/PMC8193148.nxml	8193148	34122362.0	10.3389/fmicb.2021.646567	2021	Phylogenetic Analysis	6	Then, these alignments were concatenated in SequenceMatrix v1.7.8 (Vaidya et al., 2011)	SequenceMatrix		SM51323	software	SequenceMatrix
comm	comm/Front_Plant_Sci/PMC5413554.nxml	5413554	28515737.0	10.3389/fpls.2017.00715	2017	Construction of Phylogenetic Trees	11	After removing all gaps and ambiguous sites, the alignments of the 67 genes were concatenated using SequenceMatrix 1.8 (Vaidya et al., 2011)	SequenceMatrix	1.8	SM51323	software	SequenceMatrix
comm	comm/Front_Plant_Sci/PMC8072514.nxml	8072514	33912209.0	10.3389/fpls.2021.642598	2021	Phylogenetic Analyses	13	All genes belonging to the same genome were concatenated with SequenceMatrix v.1.8 (Vaidya et al., 2011), resulting in an 83-gene plastid matrix, a 44-gene mitochondrial matrix and a 10-gene nuclear matrix	SequenceMatrix		SM51323	software	SequenceMatrix
comm	comm/Front_Plant_Sci/PMC4468836.nxml	4468836	26136762.0	10.3389/fpls.2015.00447	2015	Sequence Divergence and Phylogenetic Analysis	8	For each orthologous gene, the alignment was trimmed by using trimAL version 1.2 (Capella-Gutiérrez et al., 2009), and the trimmed alignments were concatenated by SequenceMatrix version 1.7.8 (Vaidya et al., 2011)	SequenceMatrix		SM51323	software	SequenceMatrix
comm	comm/Front_Plant_Sci/PMC7347972.nxml	7347972	32719690.0	10.3389/fpls.2020.00799	2020	Phylogenetic Analysis	18	Individual sequence alignments were performed using MAFFT and then combined for each dataset using SequenceMatrix (Vaidya et al., 2011).	SequenceMatrix		SM51323	software	SequenceMatrix
comm	comm/Front_Plant_Sci/PMC5004484.nxml	5004484	27625655.0	10.3389/fpls.2016.01244	2016	cpDNA sequencing data	10	The edited sequences of the three cpDNA regions were then combined in SequenceMatrix v1.7.8 (Vaidya et al., 2011)	SequenceMatrix		SM51323	software	SequenceMatrix
comm	comm/Front_Plant_Sci/PMC5812252.nxml	5812252	29479366.0	10.3389/fpls.2018.00142	2018	Sequence Assembly and Alignment	10	The aligned matrices were concatenated using SequenceMatrix version 1.73 (Vaidya et al., 2011)	SequenceMatrix		SM51323	software	SequenceMatrix
comm	comm/Front_Plant_Sci/PMC5788969.nxml	5788969	29422908.0	10.3389/fpls.2017.02270	2018	cpDNA sequence data analysis	10	The final sequences of the three cpDNA were concatenated using SequenceMatrix v.1.7.8 (Vaidya et al., 2011) and then aligned in Geneious Pro v.4.8.5 (Biomatters Ltd., USA), and subsequently, manually adjusted where necessary	SequenceMatrix		SM51323	software	SequenceMatrix
comm	comm/Front_Plant_Sci/PMC7472804.nxml	7472804	32973820.0	10.3389/fpls.2020.01112	2020	Bioinformatics Analysis	7	The trimmed alignments were concatenated using SequenceMatriX version 1.7.8 (Vaidya et al., 2011)	SequenceMatriX		SM754733	not_curated	SequenceMatrix
comm	comm/Front_Plant_Sci/PMC6646888.nxml	6646888	31379899.0	10.3389/fpls.2019.00913	2019	Phylogenetic Analyses Based on cpDNA	17	We concatenated the datasets with SequenceMatrix (Vaidya et al., 2011)	SequenceMatrix		SM51323	software	SequenceMatrix
comm	comm/Front_Plant_Sci/PMC6403193.nxml	6403193	30873197.0	10.3389/fpls.2019.00218	2019	Comparative Phylogenomics	12	Concatenation of the phylogenetic matrix was performed using SequenceMatrix version 1.8 (Vaidya et al., 2011)	SequenceMatrix		SM51323	software	SequenceMatrix
comm	comm/Front_Plant_Sci/PMC7324783.nxml	7324783	32655606.0	10.3389/fpls.2020.00901	2020	Sequence Alignment and Phylogenetic Tree Reconstruction	8	SequenceMatrix (Vaidya et al., 2011) was used to concatenate the alignment	SequenceMatrix		SM51323	software	SequenceMatrix
comm	comm/Front_Vet_Sci/PMC7641614.nxml	7641614	33195589.0	10.3389/fvets.2020.579728	2020	DNA Extraction and Molecular Analysis for Selected Larval Parasites	10	The aligned data were concatenated using sequence Matrix v.1.7.8 (32)	sequence Matrix		SM774242	not_curated	SequenceMatrix
comm	comm/Front_Zool/PMC4243772.nxml	4243772	25426157.0	10.1186/s12983-014-0081-x	2014	Introduction	2	Software like SequenceMatrix [39], TranslatorX [40], and CONCATENATOR [41] are pure concatenation tools which can be used only via graphical user interface or which are web server designed and therefore cannot be implemented in automatic process pipelines	SequenceMatrix		SM51323	software	SequenceMatrix
comm	comm/Genes_(Basel)/PMC6267336.nxml	6267336	30424578.0	10.3390/genes9110547	2018	2.7. Phylogenetic Analysis of Asteraceae Organelle Genomes	12	A supermatrix was constructed using SequenceMatrix v1.7.8 [50] to concatenate different genes or LCBs	SequenceMatrix		SM51323	software	SequenceMatrix
comm	comm/Genes_(Basel)/PMC6356338.nxml	6356338	30634684.0	10.3390/genes10010038	2019	2.7. Sequence Assembly and Phylogenetic Analyses	12	We used Sequence Matrix version 1.8 [45] to concatenate successful NPC markers	Sequence Matrix		SM61024	not_curated	SequenceMatrix
comm	comm/Genet_Mol_Biol/PMC7206934.nxml	7206934	31968044.0	10.1590/1678-4685-GMB-2018-0371	2020	Phylogenetic tree reconstruction	8	Multiple sequence alignment was performed for each gene using MACSE (Ranwez ), and aligned sequences were concatenated using SequenceMatrix (Vaidya )	SequenceMatrix		SM51323	software	SequenceMatrix
comm	comm/Genome_Biol_Evol/PMC6307670.nxml	6307670	30304394.0	10.1093/gbe/evy220	2018	Phylogenetic Analysis	28	We retained all indel mutations and concatenated all gene sequences using SequenceMatrix (Vaidya et al	SequenceMatrix		SM51323	software	SequenceMatrix
comm	comm/Genome_Biol_Evol/PMC6684935.nxml	6684935	31270537.0	10.1093/gbe/evz097	2019	Orthology Assignment and Matrix Assembly	8	The gene alignments, thus cleaned of long-branched sequences and putative paralogs, were concatenated using SequenceMatrix v100 (Vaidya et al	SequenceMatrix		SM51323	software	SequenceMatrix
comm	comm/Genome_Biol_Evol/PMC8358223.nxml	8358223	34081101.0	10.1093/gbe/evab127	2021	Phylogenetic and Phylogenomic Reconstructions	51	For the phylogenomic reconstruction, single orthologous gene clusters identified using OrthoFinder (52 amino acid sequences, see supplementary table S7, Supplementary Material online) were concatenated with SequenceMatrix v1.8 (Vaidya et al	SequenceMatrix		SM51323	software	SequenceMatrix
comm	comm/IMA_Fungus/PMC7333402.nxml	7333402	32670777.0	10.1186/s43008-020-00038-8	2020	Phylogenetic analysis	10	2017), and these alignments were then concatenated in SequenceMatrix v1.7.8 (Vaidya et al	SequenceMatrix		SM51323	software	SequenceMatrix
comm	comm/IMA_Fungus/PMC7666478.nxml	7666478	33292749.0	10.1186/s43008-020-00047-7	2020	Phylogenetic analysis	7	Then the SequenceMatrix v1.7.8 (Vaidya et al	SequenceMatrix		SM51323	software	SequenceMatrix
comm	comm/Infect_Agent_Cancer/PMC4989296.nxml	4989296	27540411.0	10.1186/s13027-016-0089-2	2016	Phylogenetic analysis of HPV16 variants	12	The sequences of E6, E7 and L1 genes were subsequently assembled together using Sequence Matrixv 1.7.8 (http://dx.doi.org/10.1111/j.1096-0031.2010.00329.x)	Sequence Matrixv	1.7.8	SM812391	not_curated	SequenceMatrix
comm	comm/Insects/PMC6468374.nxml	6468374	30875825.0	10.3390/insects10030072	2019	2.3. Phylogeny	14	Following this, the sequence alignments were concatenated with SequenceMatrix version 1.8 [81]	SequenceMatrix		SM51323	software	SequenceMatrix
comm	comm/Insects/PMC6523959.nxml	6523959	30934910.0	10.3390/insects10040091	2019	2.4. Sequences Composition and Phylogenetic Analysis	8	Alignments of the individual makers were linked in SequenceMatrix [19]	SequenceMatrix		SM51323	software	SequenceMatrix
comm	comm/Insects/PMC7023390.nxml	7023390	31861737.0	10.3390/insects11010006	2019	2.2. DNA Sequencing of the Most Generalist Species	15	We combined the three genes using SEQUENCEMATRIX [63]	SEQUENCEMATRIX		SM385970	not_curated	not_disambiguated
comm	comm/Insects/PMC7143346.nxml	7143346	32143338.0	10.3390/insects11030164	2020	2.1. Taxon Sampling and Sequence Alignment	5	The gene sequences were concatenated in SequenceMatrix 1.8 [26]	SequenceMatrix	1.8	SM51323	software	SequenceMatrix
comm	comm/Insects/PMC7694756.nxml	7694756	33172182.0	10.3390/insects11110766	2020	2.5. Phylogenetic Analysis	9	The gene dataset was concatenated with SequenceMatrix [50]	SequenceMatrix		SM51323	software	SequenceMatrix
comm	comm/Insects/PMC8227683.nxml	8227683	34073280.0	10.3390/insects12060495	2021	2.3. Phylogenetic Analyses	6	Each obtained alignment was then concatenated using SequenceMatrix v.1.7.8 [39]	SequenceMatrix		SM51323	software	SequenceMatrix
comm	comm/Insects/PMC8307346.nxml	8307346	34206376.0	10.3390/insects12070570	2021	2.4. Phylogenetic Analysis	10	The aligned data were concatenated with Sequence Matrix v.1.7.8 [49] and PhyloSuite v 1.2.2	Sequence Matrix		SM61024	not_curated	SequenceMatrix
comm	comm/J_Exp_Bot/PMC5853613.nxml	5853613	28003310.0	10.1093/jxb/erw432	2017	Sequencing and phylogenetic inference	13	The program SequenceMatrix (v	SequenceMatrix		SM51323	software	SequenceMatrix
comm	comm/PLoS_Pathog/PMC6301696.nxml	6301696	30513124.0	10.1371/journal.ppat.1007473	2018	Phylogenetic analyses of Burkholderia species	59	The sequences of each gene were first aligned in MEGA6.06 [55] using ClustalW [56,57] and then all gene sequences were concatenated using the program SequenceMatrix [58]	SequenceMatrix		SM51323	software	SequenceMatrix
comm	comm/R_Soc_Open_Sci/PMC4593675.nxml	4593675	26473041.0	10.1098/rsos.150159	2015	DNA extraction, amplification and sequencing	6	We aligned sequences with MAFFT v. 7.017 [60] using the automatic strategy selection, removed introns of CAD and indel regions of ATP8 and Wg, and concatenated gene matrices using SequenceMatrix [61]	SequenceMatrix		SM51323	software	SequenceMatrix
comm	comm/R_Soc_Open_Sci/PMC5792937.nxml	5792937	29410860.0	10.1098/rsos.171561	2018	Sequence alignment and model testing	11	4.0 beta 10 [38] (as below), to identify any differences between datasets, then individual markers were imported into SequenceMatrix [39] which was used to export concatenated matrices for further analyses	SequenceMatrix		SM51323	software	SequenceMatrix
comm	comm/R_Soc_Open_Sci/PMC7277287.nxml	7277287	32537217.0	10.1098/rsos.200092	2020	Phylogenetic analysis	14	3.1 [37], after which we concatenated the ND4 and 16S datasets with SequenceMatrix [38]	SequenceMatrix		SM51323	software	SequenceMatrix
comm	comm/Sci_Rep/PMC4541255.nxml	4541255	26288099.0	10.1038/srep13227	2015	Sequence analyses	24	The sequences of the five loci (the repeated region was removed from control region) from all the 15 individuals of yellow-browed tits were aligned individually using Clustal X1.83, and the five loci were combined together by SequenceMatrix 1.7.8	SequenceMatrix	1.7.8	SM51323	software	SequenceMatrix
comm	comm/Sci_Rep/PMC4541255.nxml	4541255	26288099.0	10.1038/srep13227	2015	Sequence analyses	25	To reconstruct the phylogenetic relationships of yellow browed tits, sequences of the five loci from the 15 sampled individuals and another five tits (Parus major (KP137624), Periparus ater (KM588075), Pseudopodoces humilis (KP001174), Poecile atricapilla (KJ909190), and Remiz consobrinus (KC463856)) were aligned individually and combined together by SequenceMatrix 1.7.8	SequenceMatrix	1.7.8	SM51323	software	SequenceMatrix
comm	comm/Sci_Rep/PMC4665016.nxml	4665016	26621203.0	10.1038/srep17418	2015	Alignment and taxon sampling	19	Single alignments were later concatenated into a single nexus format file using Sequence Matrix v 100.058	Sequence Matrix		SM61024	not_curated	SequenceMatrix
comm	comm/Sci_Rep/PMC4731775.nxml	4731775	26821567.0	10.1038/srep18075	2016	Alignment, filtering strategies and molecular marker combinations	118	Finally, concatenated data matrices were assembled using SequenceMatrix148 for every case (a full data matrix, named 16S18S28S, lightly filtered datamatrix16S18S28S_N and heavily filtered damatrix 16S18S28S_Nrw4), with matrices of up to 6,000bp (Tables 1 and 2)	SequenceMatrix148		SM880332	not_curated	SequenceMatrix
comm	comm/Sci_Rep/PMC4732383.nxml	4732383	26742575.0	10.1038/srep18793	2016	Extraction, PCR, sequencing and alignment	28	The final dataset was generated in Sequence Matrix 1.7.2 (Ref	Sequence Matrix	1.7.2	SM61024	not_curated	SequenceMatrix
comm	comm/Sci_Rep/PMC4735579.nxml	4735579	26833286.0	10.1038/srep20096	2016	Phylogenetic analysis	7	The individual alignments were then concatenated using the software SequenceMatrix v1.7.624	SequenceMatrix		SM51323	software	SequenceMatrix
comm	comm/Sci_Rep/PMC4858670.nxml	4858670	27151256.0	10.1038/srep25586	2016	Sequence alignments and phylogenetic analyses	22	For the three-gene dataset, sequences of the three DNA fragments were concatenated with SequenceMatrix v1.7.853.	SequenceMatrix		SM51323	software	SequenceMatrix
comm	comm/Sci_Rep/PMC4887867.nxml	4887867	27246395.0	10.1038/srep26486	2016	Phylogenetic analyses	52	Multigene datasets were assembled using the concatenation software SequenceMatrix53	SequenceMatrix53		SM884722	not_curated	SequenceMatrix
comm	comm/Sci_Rep/PMC5095552.nxml	5095552	27812024.0	10.1038/srep36426	2016	Phylogenetic analyses	28	Individual genes were concatenated using SequenceMatrix v1.7.845	SequenceMatrix		SM51323	software	SequenceMatrix
comm	comm/Sci_Rep/PMC5430756.nxml	5430756	28439127.0	10.1038/s41598-017-01195-4	2017	Marker selection and phylogenetic inferences	35	All alignments were finally concatenated into a single nexus interleaved file using SequenceMatrix (version 1.8)	SequenceMatrix		SM51323	software	SequenceMatrix
comm	comm/Sci_Rep/PMC5430859.nxml	5430859	28432321.0	10.1038/s41598-017-00720-9	2017	Phylogenetic Analysis	8	All aligned genes were then concatenated by SequenceMatrix v1.7.8	SequenceMatrix		SM51323	software	SequenceMatrix
comm	comm/Sci_Rep/PMC5437043.nxml	5437043	28522861.0	10.1038/s41598-017-02252-8	2017	Phylogenetic analysis	37	Sequence alignments of these loci were separately performed using MUSCLE, and then concatenated into 1023 combinations using SequenceMatrix 1.8 (Table S4)	SequenceMatrix	1.8	SM51323	software	SequenceMatrix
comm	comm/Sci_Rep/PMC5481375.nxml	5481375	28642589.0	10.1038/s41598-017-04228-0	2017	Sequencing of cpDNA regions	28	The edited sequences of the three cpDNA regions were combined in SequenceMatrix v1.7.8 and then aligned in Geneious v4.8.2 (http://www.geneious.com) using the MUSCLE algorithm with a final rechecking of all variable sites in the original ABI trace files.	SequenceMatrix		SM51323	software	SequenceMatrix
comm	comm/Sci_Rep/PMC5493631.nxml	5493631	28667281.0	10.1038/s41598-017-04799-y	2017	Phylogenetic analysis	39	Individual genes were concatenated by SequenceMatrix v1.7.8	SequenceMatrix		SM51323	software	SequenceMatrix
comm	comm/Sci_Rep/PMC5529561.nxml	5529561	28747803.0	10.1038/s41598-017-07105-y	2017	Phylogenetic analyses	28	All these individual alignments were concatenated into a single matrix using SequenceMatrix	SequenceMatrix		SM51323	software	SequenceMatrix
comm	comm/Sci_Rep/PMC5567239.nxml	5567239	28831035.0	10.1038/s41598-017-06656-4	2017	DNA Extraction and Molecular Analyses	14	Edited DNA sequences for four genes were separately aligned using MAFFT v7.017 under E-INS-i and G-INS-i algorithms and concatenated using SequenceMatrix 1.7.8	SequenceMatrix	1.7.8	SM51323	software	SequenceMatrix
comm	comm/Sci_Rep/PMC5660246.nxml	5660246	29079765.0	10.1038/s41598-017-14703-3	2017	Dataset concatenation, partitioning and substitution model selection	14	Alignments of all genes were concatenated using SequenceMatrix 1.7.8	SequenceMatrix	1.7.8	SM51323	software	SequenceMatrix
comm	comm/Sci_Rep/PMC5709374.nxml	5709374	29192255.0	10.1038/s41598-017-16929-7	2017	Phylogenetic analysis	33	The aligned sequences of each gene were concatenated using SequenceMatrix v1.7.	SequenceMatrix		SM51323	software	SequenceMatrix
comm	comm/Sci_Rep/PMC5714952.nxml	5714952	29203807.0	10.1038/s41598-017-17145-z	2017	Dataset concatenation, partitioning and substitution model selection	40	Alignments of individual genes were concatenated using SequenceMatrix 1.7.8	SequenceMatrix	1.7.8	SM51323	software	SequenceMatrix
comm	comm/Sci_Rep/PMC5859262.nxml	5859262	29556042.0	10.1038/s41598-018-23076-0	2018	Phylogenetic analyses and species delimitation	17	A concatenated matrix of all genes was generated using Sequence Matrix, which automatically generates empty sequences of question marks for individuals with missing data for one or more genes	Sequence Matrix		SM61024	not_curated	SequenceMatrix
comm	comm/Sci_Rep/PMC5995902.nxml	5995902	29891996.0	10.1038/s41598-018-27090-0	2018	Phylogenetic analyses	28	Then, a joint matrix was constructed using Sequence Matrix v.1.7.8, and jModelTest 2.0 was used to calculate the nucleotide substitution	Sequence Matrix		SM61024	not_curated	SequenceMatrix
comm	comm/Sci_Rep/PMC6002367.nxml	6002367	29904057.0	10.1038/s41598-018-27489-9	2018	Phylogenetic analysis	40	Individual gene alignments were concatenated to create a combined matrix with SequenceMatrix 1.7.8	SequenceMatrix	1.7.8	SM51323	software	SequenceMatrix
comm	comm/Sci_Rep/PMC6095929.nxml	6095929	30115980.0	10.1038/s41598-018-30705-1	2018	Assembly of read data, phage annotation and comparison	7	Amino acid sequence concatenation was performed using SequenceMatrix v1.8	SequenceMatrix		SM51323	software	SequenceMatrix
comm	comm/Sci_Rep/PMC6207741.nxml	6207741	30375469.0	10.1038/s41598-018-34457-w	2018	Phylogenomic analyses	33	1.12, and concatenated with SequenceMatrix ver	SequenceMatrix		SM51323	software	SequenceMatrix
comm	comm/Sci_Rep/PMC6255766.nxml	6255766	30478342.0	10.1038/s41598-018-35822-5	2018	Genome sequence and Phylogenetic analysis	4	The dataset of all PCGs was concatenated using SequenceMatrix v1.7.845	SequenceMatrix		SM51323	software	SequenceMatrix
comm	comm/Sci_Rep/PMC6336932.nxml	6336932	30655597.0	10.1038/s41598-018-37889-6	2019	Phylogenetic analysis	26	The resulting alignments were concatenated by using Sequence Matrix1.7.8	Sequence Matrix1	Matrix1.7.8	SM910921	not_curated	SequenceMatrix
comm	comm/Sci_Rep/PMC6635496.nxml	6635496	31311998.0	10.1038/s41598-019-46742-3	2019	Genetic analysis	28	Conservative regions selected by Gblock-0.91b were used for gene concatenation, which was performed by Sequence-Matrix-1.7.8 with default parameters	Sequence-Matrix		SM915145	not_curated	SequenceMatrix
comm	comm/Sci_Rep/PMC6805863.nxml	6805863	31641165.0	10.1038/s41598-019-51360-0	2019	Amplification, sequencing and alignment	39	The concatenated dataset (nrITS + matK) was built with Sequence Matrix v100.0	Sequence Matrix		SM61024	not_curated	SequenceMatrix
comm	comm/Sci_Rep/PMC6805933.nxml	6805933	31641139.0	10.1038/s41598-019-51408-1	2019	Sequence assembly, management and alignment	7	Six gene alignments were concatenated using SequenceMatrix.	SequenceMatrix		SM51323	software	SequenceMatrix
comm	comm/Sci_Rep/PMC6820731.nxml	6820731	31664164.0	10.1038/s41598-019-51765-x	2019	Dataset assembly	50	Individual gene datasets were concatenated using Sequence Matrix.	Sequence Matrix		SM61024	not_curated	SequenceMatrix
comm	comm/Sci_Rep/PMC6877775.nxml	6877775	31768013.0	10.1038/s41598-019-53941-5	2019	Phylogenetic analysis	38	The Sequence Matrix 1.7.8 program was used to combine the individual genes into a combined matrix	Sequence Matrix	1.7.8	SM61024	not_curated	SequenceMatrix
comm	comm/Sci_Rep/PMC6971079.nxml	6971079	31959910.0	10.1038/s41598-020-57705-4	2020	Data set preparation, model selection and phylogenetic analysis	10	The dataset of all PCGs were concatenated using SequenceMatrix v1.7.845	SequenceMatrix		SM51323	software	SequenceMatrix
comm	comm/Sci_Rep/PMC7148304.nxml	7148304	32277166.0	10.1038/s41598-020-63385-x	2020	Sequence analysis and genetic divergence and haplotyping	7	Sequence data were combined using SequenceMatrix windows ver	SequenceMatrix		SM51323	software	SequenceMatrix
comm	comm/Sci_Rep/PMC7283232.nxml	7283232	32518318.0	10.1038/s41598-020-66287-0	2020	Phylogenetic analysis	25	SequenceMatrix v.1.7.8 was applied to concatenate the alignments for different gene sets	SequenceMatrix		SM51323	software	SequenceMatrix
comm	comm/Sci_Rep/PMC7287133.nxml	7287133	32523128.0	10.1038/s41598-020-66007-8	2020	Phylogenetic reconstructions and species delimitations	46	The alignments were concatenated in SequenceMatrix 1.7.8	SequenceMatrix	1.7.8	SM51323	software	SequenceMatrix
comm	comm/Sci_Rep/PMC7287138.nxml	7287138	32523061.0	10.1038/s41598-020-66219-y	2020	Phylogenetic analyses	30	The trimmed alignments were concatenated in SequenceMatrix v1.0	SequenceMatrix		SM51323	software	SequenceMatrix
comm	comm/Sci_Rep/PMC7331741.nxml	7331741	32616837.0	10.1038/s41598-020-67800-1	2020	Phylogenetic analysis	36	Sequences were aligned using Clustal Omega and the NEXUS output files were concatenated using SequenceMatrix	SequenceMatrix		SM51323	software	SequenceMatrix
comm	comm/Sci_Rep/PMC7338416.nxml	7338416	32632221.0	10.1038/s41598-020-66761-9	2020	Phylogenetic analyses	84	Data handling/formatting was facilitated using AliView v1.26, Mesquite v3.51, SequenceMatrix v1.8 and Geneious v11.1.3 (https://www.geneious.com)	SequenceMatrix		SM51323	software	SequenceMatrix
comm	comm/Sci_Rep/PMC7536210.nxml	7536210	33020532.0	10.1038/s41598-020-73461-x	2020	Phylogenetic analysis	36	And then we concatenated these alignments to gene set using SequenceMatrix v1.7.8	SequenceMatrix		SM51323	software	SequenceMatrix
comm	comm/Sci_Rep/PMC7693328.nxml	7693328	33244111.0	10.1038/s41598-020-77279-5	2020	Datasets used for downstream analyses	37	For Datasets 1a and 1b, sequences were aligned in ClustalW and concatenated in SequenceMatrix to produce one sequence for each representative species	SequenceMatrix		SM51323	software	SequenceMatrix
comm	comm/Sci_Rep/PMC7708463.nxml	7708463	33262442.0	10.1038/s41598-020-78082-y	2020	Phylogenetic analysis	25	Thirteen PCGs were ordered and assembled using MAFFT and SequenceMatrix v	SequenceMatrix		SM51323	software	SequenceMatrix
comm	comm/Sci_Rep/PMC7843977.nxml	7843977	33510299.0	10.1038/s41598-021-82040-7	2021	Phylogenetic analysis	32	Individual mitochondrial genes were first aligned using the MAFFT v7.037 software, after which we concatenated the aligned mitochondrial genes into a combined mitochondrial gene set using the SequenceMatrix v1.7.8 software	SequenceMatrix		SM51323	software	SequenceMatrix
comm	comm/Sci_Rep/PMC8009913.nxml	8009913	33785783.0	10.1038/s41598-021-86248-5	2021	Molecular identification of ascaridoid parasites	10	The obtained sequences were analysed, edited, and assembled by Sequence Matrix v	Sequence Matrix		SM61024	not_curated	SequenceMatrix
comm	comm/Sci_Rep/PMC8027217.nxml	8027217	33828125.0	10.1038/s41598-021-84910-6	2021	Phylogenetics	43	Then, the aligned sequences were trimmed to: 884 bp (18S rRNA), 713 bp (28S rRNA), 710 bp (ITS-1), and subsequently concatenated using SequenceMatrix (we concatenated sequences exclusively within specimens, i.e	SequenceMatrix		SM51323	software	SequenceMatrix
comm	comm/Sci_Rep/PMC8316311.nxml	8316311	34316013.0	10.1038/s41598-021-94893-z	2021	Sequence alignment and phylogenetic analyses	50	Assembling of the combined datasets (LSU + RPB1 + TEF and SSU + ITS + LSU) were performed by SequenceMatrix v.1.7.8	SequenceMatrix		SM51323	software	SequenceMatrix
comm	comm/Toxins_(Basel)/PMC6833022.nxml	6833022	31547160.0	10.3390/toxins11100555	2019	4.8. Genomic Analysis of the Distribution of CUL and Trichothecene Biosynthetic Genes	41	Second, alignments of individual primary metabolism genes were concatenated using SequenceMatrix [59], and a tree was inferred from the resulting concatenated alignment by maximum likelihood analysis with ultrafast bootstrapping as implemented in IQ-Tree [55]	SequenceMatrix		SM51323	software	SequenceMatrix
comm	comm/mBio/PMC8406197.nxml	8406197	34399622.0	10.1128/mBio.01956-21	2021	Phylogenetic tree generation.	50	Homolog sets were retrieved via locus tag indexing using BioPython (65), individually aligned using Muscle v3.8.31 (66), concatenated using Sequence Matrix v1.8 (67), and trimmed of nucleotide gaps using TrimAL v1.3 (68)	Sequence Matrix		SM61024	not_curated	SequenceMatrix
comm	comm/J_Fungi_(Basel)/PMC6023506.nxml	6023506	29848985.0	10.3390/jof4020065	2018	2.3. Sequence Alignment and Phylogenetic Analysis	4	A concatenated alignment for the five gene regions was made from SequenceMatrix [29]	SequenceMatrix		SM51323	software	SequenceMatrix
comm	comm/J_Fungi_(Basel)/PMC8070449.nxml	8070449	33919689.0	10.3390/jof7040294	2021	2.4. Molecular Identification and Phylogenetic Analyses	13	For all isolates, ITS, tef1, and tub2 sequences were trimmed to a common length and concatenated using the Sequence Matrix software [30]	Sequence Matrix		SM61024	not_curated	SequenceMatrix
comm	comm/J_Fungi_(Basel)/PMC8307253.nxml	8307253	34202282.0	10.3390/jof7070507	2021	2.3. Phylogenetic Analyses	8	The alignments were checked and edited manually with BioEdit Alignment Editor v.7.0.5.3 [39] and concatenated using Sequence Matrix software [40]	Sequence Matrix		SM61024	not_curated	SequenceMatrix
comm	comm/Int_J_Syst_Evol_Microbiol/PMC8489844.nxml	8489844	34287117.0	10.1099/ijsem.0.004888	2021	Phylogenetic analyses	10	All genes were concatenated using SequenceMatrix [26]	SequenceMatrix		SM51323	software	SequenceMatrix
comm	comm/J_Insect_Sci/PMC6913905.nxml	6913905	31841604.0	10.1093/jisesa/iez122	2019	Sequence Annotation and Analysis	8	Alignments of individual genes were concatenated in SequenceMatrix (Vaidya et al	SequenceMatrix		SM51323	software	SequenceMatrix
comm	comm/J_Insect_Sci/PMC7799433.nxml	7799433	33428744.0	10.1093/jisesa/ieaa138	2021	Phylogenetic Analysis	7	SequenceMatrix was used to concatenate the separated genes and partitions (Vaidya et al	SequenceMatrix		SM51323	software	SequenceMatrix
comm	comm/eLife/PMC6447387.nxml	6447387	30789345.0	10.7554/eLife.42535	2019	Dataset assembly (taxon and gene selection)	65	All this was done before concatenating the single-gene alignments into a supermatrix with SequenceMatrix v 1.8 (Vaidya et al., 2011)	SequenceMatrix		SM51323	software	SequenceMatrix
comm	comm/Int_J_Mol_Sci/PMC5412357.nxml	5412357	28420076.0	10.3390/ijms18040773	2017	3.5. Phylogenetic Analysis	40	Individual genes were concatenated using SequenceMatrix v1.7.8 [83]	SequenceMatrix		SM51323	software	SequenceMatrix
comm	comm/Int_J_Mol_Sci/PMC5713276.nxml	5713276	29099062.0	10.3390/ijms18112307	2017	4.4. Ancestral Non-Coding Sequences Reconstruction and Calculation of the Relative Rates of the Six Nucleotide Pair Mutations	23	Gaps located at the 5′- and 3′-ends of alignments were excluded, and then concatenated using SequenceMatrix 1.8 [55]	SequenceMatrix	1.8	SM51323	software	SequenceMatrix
comm	comm/Int_J_Mol_Sci/PMC6829451.nxml	6829451	31635252.0	10.3390/ijms20205167	2019	4.5. Phylogenetic Analysis	27	Single mitochondrial genes were first aligned using MAFFT v7.037 [72] and then these alignments were concatenated using SequenceMatrix v1.7.8 [73]	SequenceMatrix		SM51323	software	SequenceMatrix
comm	comm/Int_J_Mol_Sci/PMC7866285.nxml	7866285	33572873.0	10.3390/ijms22031348	2021	2.4. Phylogenetic Analyses	10	Individual gene alignments were concatenated into a dataset using SequenceMatrix v1.7 [29]: nucleotide sequences of the 13 PCGs	SequenceMatrix		SM51323	software	SequenceMatrix
